# Blender v2.79 (sub 0) OBJ File: 'terrain.blend'
# www.blender.org
mtllib terrain.mtl
o terrain
v 1.477130 -19.788794 -32.292603
v 2.010510 -22.021194 -32.002205
v 3.893160 -21.526094 -31.595703
v 3.061470 -19.375093 -31.860205
v -0.037255 -20.101294 -32.671005
v 0.121403 -22.427994 -32.411404
v 2.189560 -24.042294 -30.944304
v 4.209540 -23.556293 -30.614004
v 5.839820 -20.910694 -31.148804
v 5.125320 -18.725794 -31.292303
v 4.283360 -16.586393 -31.123201
v 2.126700 -17.225294 -31.957901
v -0.147325 -17.738495 -32.770103
v -1.988480 -22.701895 -32.765102
v -2.172960 -20.418894 -33.125805
v 0.130587 -24.488094 -31.311705
v 2.179580 -25.657597 -29.248804
v 4.309720 -25.166796 -28.983805
v 6.289550 -23.004694 -30.278004
v 7.230510 -17.879595 -30.718904
v 7.936820 -20.221195 -30.715504
v 6.321850 -15.760595 -30.342602
v 3.352220 -14.647995 -30.507301
v 1.324720 -15.196995 -31.527702
v -0.865295 -15.562294 -32.423904
v -2.398560 -18.239195 -33.237305
v -1.987010 -24.734495 -31.620304
v -4.555600 -20.516495 -33.629505
v -4.688570 -22.729395 -33.162903
v 0.038843 -26.072695 -29.539104
v 2.132020 -26.952396 -27.376703
v 4.306360 -26.378897 -27.097803
v 6.448010 -24.651497 -28.701504
v 8.397820 -22.459694 -29.994305
v 10.042500 -19.477095 -30.326904
v 9.328630 -16.818394 -30.108501
v 8.223530 -14.784495 -29.537802
v 5.266820 -13.935195 -29.513702
v 2.293700 -13.192696 -29.404102
v 0.375042 -13.879895 -30.546803
v -3.014130 -16.202993 -33.032604
v -4.693110 -18.422594 -33.714504
v -4.019740 -24.767395 -31.872805
v -2.130500 -26.358795 -29.852703
v -6.834090 -20.285894 -34.146706
v -7.432750 -22.364294 -33.595802
v -0.050203 -27.504496 -27.651604
v 2.056300 -27.804296 -25.295704
v 4.252220 -27.157495 -25.060904
v 6.488560 -25.845997 -26.813404
v 8.606610 -24.158297 -28.444704
v 10.454100 -21.959894 -29.647003
v 12.583300 -17.323694 -29.972702
v 11.368000 -15.492395 -29.491302
v 10.012800 -13.788695 -28.668901
v 7.003420 -13.051995 -28.630102
v 4.190140 -12.359896 -28.286602
v 1.053340 -12.092495 -28.047703
v -0.748562 -12.890195 -29.339302
v -5.048910 -17.017094 -33.687202
v -2.376310 -13.742795 -30.839703
v -4.175330 -14.512795 -32.101006
v -6.755950 -18.027494 -34.350304
v -4.264630 -26.449894 -30.179804
v -2.288710 -27.803396 -27.917404
v -8.659400 -19.424795 -34.301804
v -9.495490 -21.423794 -33.730602
v -8.073820 -24.282995 -32.508602
v -5.956070 -24.633795 -32.117504
v -0.160106 -28.403496 -25.516203
v 1.922390 -27.948496 -23.085403
v 4.115580 -27.316896 -22.932104
v 6.452700 -26.622896 -24.778103
v 8.664230 -25.328497 -26.493404
v 10.751200 -23.690296 -28.147604
v 12.530800 -21.537895 -29.425703
v 11.955900 -19.402494 -30.089304
v 13.786300 -19.037695 -29.921003
v 14.640100 -16.027294 -29.412903
v 13.242700 -14.220096 -28.748001
v 8.517290 -12.265295 -27.709301
v 11.709400 -12.729495 -27.704203
v 5.842630 -11.553596 -27.273502
v 2.943080 -11.248196 -26.777601
v -0.409437 -11.432395 -26.547602
v -2.233420 -12.076195 -27.940601
v -6.063820 -15.237695 -33.259106
v -5.562440 -12.962996 -31.162903
v -3.887510 -12.503595 -29.555002
v -4.523180 -27.793997 -28.174105
v -6.401140 -26.326195 -30.508204
v -2.444420 -28.780996 -25.714203
v -11.275700 -19.731594 -33.470505
v -9.986440 -17.930794 -34.359802
v -10.357400 -23.333195 -32.720104
v -8.612460 -25.915894 -30.843103
v -0.296560 -28.577696 -23.221205
v 3.873740 -26.570797 -20.976604
v 1.665790 -27.037197 -21.082804
v 6.318130 -26.803495 -22.661903
v 8.653820 -26.146095 -24.386503
v 10.856800 -24.870596 -26.202805
v 12.931500 -23.251196 -27.950104
v 14.669500 -21.007196 -29.255604
v 15.832400 -18.015095 -29.453104
v 16.337099 -14.827095 -28.394201
v 14.866200 -13.088395 -27.705002
v 10.081500 -11.337195 -26.622002
v 6.713630 -11.084095 -26.691202
v 13.254700 -11.650795 -26.607302
v 4.841220 -10.300696 -25.468903
v 1.461300 -10.654396 -25.198902
v -4.257310 -11.338495 -26.489202
v -1.863260 -11.329396 -24.951202
v -7.350370 -13.591694 -32.591003
v -8.026060 -16.148394 -34.457806
v -6.843320 -11.223695 -30.525402
v -5.454240 -11.066795 -28.635302
v -4.789010 -28.707497 -25.966904
v -6.779450 -27.610697 -28.511404
v -2.582050 -29.172596 -23.336905
v -12.545900 -21.336794 -32.274403
v -11.223700 -16.014494 -33.974804
v -12.726400 -17.709694 -33.038506
v -10.742300 -25.030893 -30.975704
v -9.042960 -27.157396 -28.839005
v -0.532333 -27.619997 -21.122904
v 6.099400 -26.186596 -20.841105
v 3.612490 -25.063696 -19.396704
v 1.396610 -25.490196 -19.421503
v 8.495960 -26.320097 -21.968603
v 10.863800 -25.704996 -24.055103
v 13.081600 -24.500496 -26.016403
v 15.166000 -22.786396 -27.804504
v 16.770500 -20.084797 -28.770603
v 17.597300 -16.814796 -28.472603
v 16.375000 -11.916496 -26.287502
v 17.720699 -13.729495 -27.113102
v 11.613400 -10.380696 -25.422401
v 8.391510 -10.153696 -25.445803
v 14.700100 -10.543196 -25.287102
v 3.264510 -9.849856 -23.818401
v 0.008395 -10.512996 -23.535702
v -3.041540 -11.730996 -23.260202
v -4.902130 -11.636796 -24.349302
v -8.552810 -11.824795 -32.001305
v -9.266820 -14.485094 -33.794403
v -6.869240 -9.206406 -28.091002
v -8.086820 -9.346465 -30.022501
v -7.088990 -28.376896 -26.270504
v -4.979570 -29.148895 -23.574404
v -2.738450 -28.276896 -21.054403
v -13.877200 -19.208294 -31.668804
v -12.493600 -23.947794 -30.947205
v -14.032800 -15.571795 -32.531605
v -12.384300 -14.088394 -33.228004
v -11.195800 -26.331696 -28.998505
v -9.346720 -27.879797 -26.563404
v -0.772013 -26.059996 -19.368404
v 5.870020 -24.832195 -19.350904
v 1.168760 -23.926395 -17.678305
v 3.414020 -23.418097 -17.793703
v 10.737900 -25.966896 -21.665005
v 13.096800 -25.338495 -23.853304
v 15.347100 -24.114996 -25.865105
v 17.333599 -21.967997 -27.391203
v 18.596201 -18.880695 -27.860104
v 19.068399 -15.606395 -27.273401
v 12.941400 -9.393887 -24.194002
v 9.971430 -9.267536 -24.039001
v 6.645020 -9.367816 -24.035803
v 17.987499 -10.401196 -24.481201
v 15.977100 -9.357826 -23.792002
v 4.992740 -9.052246 -22.380503
v 1.750880 -9.754226 -22.111502
v -1.339860 -10.787497 -21.818102
v -6.280740 -9.433486 -25.883001
v -5.986800 -12.355296 -22.564201
v -4.120120 -12.321396 -21.454802
v -6.354720 -9.686186 -24.371502
v -9.678210 -9.901256 -31.570301
v -10.452900 -12.765294 -33.078903
v -7.957400 -7.088246 -27.698002
v -9.182330 -7.245145 -29.679102
v -7.309460 -28.738596 -23.888905
v -5.063980 -28.639095 -21.153605
v -2.944680 -26.636196 -19.303503
v -15.207500 -17.045895 -31.253502
v -14.811500 -20.526594 -29.981504
v -13.798300 -22.502995 -30.614103
v -13.011400 -25.036497 -28.886003
v -13.493800 -11.990294 -32.851006
v -15.252000 -13.322995 -32.174305
v -11.504300 -27.034897 -26.733805
v -9.561370 -28.210096 -24.156004
v -1.029690 -24.309296 -17.786903
v 5.704580 -23.107096 -17.866604
v 8.171630 -24.855297 -19.410004
v 3.377880 -21.924698 -15.917404
v 0.923321 -22.437899 -15.729904
v 10.480600 -24.965096 -19.437803
v 13.002600 -25.647097 -21.554604
v 15.322600 -24.833595 -23.648005
v 17.509100 -23.332296 -25.477203
v 19.182800 -20.736897 -26.527004
v 20.121901 -17.571396 -26.649704
v 20.415701 -14.378996 -26.134401
v 18.841801 -12.702196 -26.035202
v 14.029400 -8.422486 -22.917202
v 11.785500 -7.946556 -22.211102
v 8.303710 -8.522427 -22.511301
v 19.063900 -9.271566 -22.870602
v 17.067101 -8.227416 -22.167002
v 6.595190 -8.163066 -20.935402
v 3.391980 -8.945946 -20.693901
v 0.275770 -9.891697 -20.385403
v -2.582890 -11.303797 -20.062702
v -7.376460 -7.332355 -25.342802
v -6.825860 -10.023896 -22.572401
v -5.183960 -12.940497 -19.664303
v -6.988940 -12.888296 -20.488302
v -11.536200 -10.785295 -32.646801
v -10.703900 -7.826825 -31.218203
v -8.249980 -4.568446 -27.476400
v -9.820790 -4.805925 -30.065701
v -7.477000 -28.523195 -21.526203
v -5.173310 -26.998695 -19.410503
v -3.167810 -24.501696 -18.175104
v -16.769899 -14.400195 -30.958601
v -15.781600 -18.550095 -29.507504
v -15.446100 -21.480495 -27.975304
v -14.392100 -23.363796 -28.514404
v -13.419500 -25.744696 -26.649904
v -14.630700 -9.387855 -32.418701
v -16.168699 -11.264795 -31.894602
v -11.690400 -27.265596 -24.391603
v -9.656730 -27.752697 -21.953003
v -1.374090 -22.397799 -16.352203
v 5.687110 -21.619497 -16.033804
v 8.024410 -23.071596 -17.901003
v 1.176890 -20.412998 -14.396502
v 3.483370 -20.582598 -13.844004
v 12.783700 -24.912697 -19.396004
v 10.305600 -23.236496 -17.783304
v 15.232200 -25.145296 -21.470304
v 17.480301 -24.153095 -23.331203
v 19.479099 -22.270496 -24.801603
v 20.750200 -19.335896 -25.409504
v 21.631500 -16.190496 -25.533802
v 19.970400 -11.561996 -24.877602
v 21.751499 -13.045996 -24.957901
v 15.099200 -7.166247 -21.464602
v 9.874570 -7.411197 -20.968801
v 21.028400 -10.364097 -23.431501
v 19.867800 -8.106456 -20.905901
v 17.929199 -6.841506 -20.524101
v 4.931940 -8.053067 -19.293303
v 8.084920 -7.101417 -19.507002
v 1.829010 -9.042097 -18.958601
v -1.125790 -10.288898 -18.613401
v -3.788560 -12.014797 -18.291801
v -7.835600 -5.069966 -25.095600
v -7.824430 -10.512797 -20.454302
v -6.087040 -14.048397 -17.836302
v -7.968070 -13.169697 -18.225702
v -12.552100 -8.605154 -32.261600
v -11.392500 -5.605395 -31.403799
v -7.397100 -26.948296 -19.797604
v -5.262190 -24.660696 -18.551403
v -3.377810 -22.276999 -17.310904
v -17.702801 -12.319195 -30.690401
v -17.875799 -15.120996 -29.154303
v -16.857401 -16.828394 -29.301003
v -16.413099 -19.511696 -27.503904
v -16.324900 -22.382896 -25.947104
v -14.894800 -24.042397 -26.309404
v -13.430000 -25.849596 -24.245104
v -11.424700 -26.578096 -22.149803
v -9.384610 -26.405996 -20.189505
v 0.167188 -20.312399 -14.776103
v -1.639100 -20.085499 -15.751703
v 7.993580 -21.473598 -16.172804
v 5.784720 -20.593699 -13.786903
v 3.704330 -18.224998 -12.239403
v 1.602250 -18.580198 -13.344703
v 12.607700 -23.389196 -17.726503
v 15.058500 -24.657396 -19.463104
v 10.291400 -21.657898 -16.133104
v 17.403500 -24.498196 -21.120504
v 19.391001 -23.150396 -22.773304
v 20.986300 -20.823896 -23.771803
v 22.257700 -17.923397 -24.221704
v 23.084600 -14.779596 -24.324001
v 22.854401 -11.725896 -23.472301
v 16.039900 -5.603687 -20.039000
v 13.122300 -6.389647 -20.615103
v 11.185800 -5.890457 -19.563602
v 21.786501 -9.337846 -21.686502
v 18.684601 -5.231207 -19.079700
v 20.671801 -6.298957 -18.953901
v 6.387420 -7.043097 -17.902802
v 3.304910 -8.117598 -17.584002
v 9.408800 -5.795967 -18.145201
v 0.343016 -9.388737 -17.149902
v -2.478610 -10.998997 -16.777702
v -4.376650 -13.482697 -16.730103
v -7.686100 -7.738866 -22.783901
v -8.160530 -5.408516 -22.736099
v -7.083650 -2.955636 -24.743000
v -7.065270 -2.383666 -26.823900
v -8.916470 -11.048297 -18.377102
v -8.616350 -8.116007 -20.469402
v -13.395200 -6.314955 -32.237701
v -10.638600 -2.795595 -31.547400
v -11.572000 -3.212235 -31.975100
v -7.332120 -24.726496 -18.916204
v -5.451070 -22.401997 -17.780804
v -3.615220 -20.032198 -16.666405
v -16.876301 -9.553705 -31.683002
v -18.607300 -10.311695 -30.503101
v -18.734400 -13.080795 -28.907803
v -17.405701 -17.587196 -27.244305
v -18.458799 -15.680796 -27.088402
v -17.546801 -20.434896 -25.531204
v -16.556000 -22.823597 -23.645603
v -15.005500 -24.356396 -23.916603
v -13.096900 -25.374596 -21.915403
v -15.570800 -6.926875 -32.188499
v -11.055700 -25.639597 -20.198803
v -9.273960 -24.689695 -19.080204
v -1.908070 -17.834497 -15.162203
v -0.124610 -18.008299 -14.166903
v 8.071640 -20.169598 -14.190803
v 5.927920 -18.850698 -11.935503
v 12.585800 -21.863897 -16.088305
v 14.883300 -23.373997 -17.771503
v 17.289301 -24.269297 -19.987003
v 10.376900 -20.267597 -14.309402
v 19.206499 -23.313295 -20.527603
v 20.776800 -21.821997 -21.890203
v 22.311100 -19.351597 -22.517004
v 23.642099 -16.488096 -22.899202
v 24.234501 -13.318296 -22.853003
v 23.495100 -10.358696 -21.803001
v 14.125600 -4.635137 -19.229799
v 16.638201 -4.221807 -19.021200
v 12.205700 -4.206207 -18.272600
v 22.789200 -7.222307 -18.619102
v 22.305401 -8.473817 -20.185802
v 19.372000 -3.503487 -17.947500
v 21.344299 -4.455367 -17.707701
v 4.712190 -7.081567 -16.268301
v 7.770250 -5.931947 -16.525301
v 1.748510 -8.360307 -15.787901
v 10.483900 -4.211607 -16.933201
v -1.167700 -9.868027 -15.281702
v -3.036240 -12.507597 -15.205502
v -6.483370 -15.831597 -16.637901
v -4.151090 -15.637797 -16.079002
v -8.974640 -5.548727 -20.400999
v -7.340260 -3.224036 -22.524700
v -5.347860 -0.870304 -26.253799
v -5.454740 -1.352446 -24.360800
v -7.275910 -1.289255 -28.569000
v -8.708430 -3.149435 -29.215700
v -9.588090 -8.541778 -18.179802
v -9.887460 -13.990498 -16.765501
v -10.663500 -11.778497 -17.060602
v -13.999100 -4.049725 -32.475700
v -9.210630 -1.566135 -30.733900
v -7.534170 -22.671297 -17.952303
v -5.787930 -20.237799 -17.014404
v -3.912120 -17.829798 -16.229904
v -17.617901 -7.527395 -31.441502
v -19.391399 -8.193855 -30.234201
v -19.698601 -11.009195 -28.724102
v -19.306101 -13.625695 -26.881002
v -18.967501 -16.204197 -25.023003
v -18.177601 -18.292496 -25.256704
v -17.821600 -20.928997 -23.384504
v -14.705200 -23.833397 -21.482304
v -15.633800 -22.668097 -21.247805
v -12.636900 -24.563995 -19.714705
v -16.269100 -4.690045 -32.145599
v -11.074200 -24.365896 -18.898804
v -9.527440 -22.934896 -18.238104
v -2.270770 -15.621799 -14.600903
v -0.366936 -15.816998 -13.225203
v 8.252950 -18.705698 -12.306403
v 3.984210 -16.179398 -10.926503
v 6.193880 -16.846397 -10.867403
v 1.660810 -16.909098 -12.503803
v 14.901800 -21.965199 -16.137104
v 12.701900 -20.457798 -14.372303
v 17.049400 -23.074396 -18.045204
v 10.570100 -18.754898 -12.525002
v 21.814600 -20.439796 -20.699305
v 23.509800 -17.917097 -21.133703
v 24.877800 -15.005496 -21.460701
v 24.855200 -11.647896 -21.265602
v 24.099001 -9.236907 -19.997501
v 17.236601 -2.839937 -18.003500
v 13.031300 -2.357117 -17.060101
v 15.052100 -2.561797 -17.729500
v 23.252600 -5.515937 -17.313700
v 24.856600 -8.336018 -17.994202
v 22.108500 -2.475417 -17.045300
v 20.103701 -1.339077 -17.435801
v 3.142640 -7.267588 -14.539601
v 6.036240 -5.898717 -14.992701
v 8.848630 -4.368628 -15.377001
v 0.334273 -8.795448 -13.957602
v 11.208800 -2.318177 -16.014601
v -1.717360 -11.348498 -13.628702
v -9.091170 -16.187399 -16.471003
v -6.197580 -18.033197 -16.558704
v -9.810990 -5.342817 -17.868000
v -7.766410 -3.297587 -20.285900
v -5.715930 -1.552386 -22.279699
v -5.448600 0.133542 -27.985201
v -3.422820 -0.298013 -24.192900
v -3.329290 0.074318 -25.687401
v -7.638260 0.425433 -30.300301
v -11.292100 -9.460557 -16.994701
v -12.816300 -12.492697 -16.285803
v -12.227700 -14.705697 -15.915203
v -14.527600 -1.799805 -32.517502
v -12.064500 -0.999461 -32.504700
v -9.761980 0.027231 -31.825100
v -7.916670 -20.592499 -17.109804
v -18.310600 -5.338545 -31.226601
v -20.098101 -5.989095 -29.917902
v -20.573299 -8.846615 -28.484602
v -20.235800 -11.525496 -26.680502
v -19.699699 -14.078197 -24.810602
v -19.153700 -16.535295 -22.914402
v -18.476601 -18.704897 -23.144304
v -16.833300 -20.829395 -21.137804
v -13.991000 -22.581495 -19.030603
v -11.489300 -23.549896 -18.463305
v -16.854799 -2.452695 -31.903500
v -9.992730 -21.025599 -17.412403
v -2.653510 -14.064697 -14.903202
v -0.386227 -13.664598 -12.083702
v 8.601480 -16.647799 -10.487903
v 4.398580 -14.487498 -9.572721
v 6.513430 -15.315398 -9.632313
v 1.742750 -15.270098 -11.017203
v 15.055100 -20.608398 -14.479504
v 17.153400 -21.745398 -16.357004
v 12.915100 -18.960598 -12.682203
v 19.067301 -22.355097 -18.468304
v 10.908200 -16.965399 -10.806903
v 22.576799 -18.979597 -19.266005
v 24.440300 -16.436697 -19.560102
v 25.605700 -13.364397 -19.848701
v 24.972500 -9.858447 -19.682901
v 17.804899 -0.756486 -17.324600
v 15.562600 -0.453142 -16.931000
v 13.385400 -0.277838 -16.450500
v 24.938700 -6.663507 -16.535702
v 23.834999 -3.652077 -16.388201
v 23.310600 -0.519587 -17.073500
v 20.323700 0.832200 -18.489599
v 1.792460 -7.700768 -12.677101
v 4.469680 -6.038348 -13.338701
v 7.122340 -4.359208 -13.886201
v 9.483790 -2.416818 -14.660000
v -0.477213 -9.986748 -12.070601
v 11.553900 -0.030380 -15.536000
v -8.501310 -18.412397 -16.593803
v -11.598400 -16.999899 -15.860403
v -11.840400 -7.236837 -16.537703
v -8.298660 -3.020897 -18.053499
v -6.052900 -1.601967 -20.120001
v -3.665530 -0.439802 -22.114799
v -3.376210 1.036464 -27.396799
v -5.660390 1.596995 -29.609699
v -13.375600 -10.297297 -16.697002
v -14.367900 -15.442997 -16.474201
v -14.948900 -13.227297 -16.745401
v -12.731400 1.139475 -32.461601
v -15.066400 0.402149 -32.112499
v -10.437000 2.083315 -32.268299
v -18.961100 -3.079105 -30.891899
v -20.685101 -3.719395 -29.439699
v -21.195900 -6.594755 -28.097902
v -20.986799 -9.323825 -26.388903
v -20.437599 -11.914996 -24.545301
v -19.768101 -14.344196 -22.656603
v -18.712700 -16.623396 -20.840202
v -17.883499 -18.770796 -21.135704
v -12.020200 -21.636097 -17.930803
v -17.302401 -0.243756 -31.276501
v -10.724100 -19.068998 -16.505304
v 2.370540 -13.556198 -9.673582
v 5.197190 -12.636999 -8.547292
v 6.994170 -13.420199 -8.627481
v 0.647283 -12.035498 -10.563302
v 15.285500 -19.118898 -12.936803
v 17.381399 -20.569399 -14.825804
v 19.355900 -20.966099 -16.681204
v 13.236500 -17.204199 -11.181503
v 9.125840 -14.287398 -8.869312
v 11.357300 -14.923998 -9.341913
v 23.248800 -17.473297 -17.724602
v 20.684900 -21.341196 -19.238304
v 21.169701 -19.903296 -17.674704
v 25.121901 -14.831497 -17.973202
v 26.007200 -11.589498 -18.252401
v 17.884899 1.253723 -18.173201
v 15.430300 1.320763 -17.895700
v 12.844900 1.367423 -17.443701
v 26.193199 -9.799307 -16.660103
v 25.927601 -7.973448 -15.130901
v 25.224001 -4.777038 -15.311001
v 24.763399 -1.776467 -15.874800
v 25.086700 0.280072 -17.930901
v 22.796900 0.758052 -19.049101
v 3.216990 -6.510968 -11.462401
v 0.812086 -8.591568 -10.685401
v 5.576540 -4.484008 -12.252801
v 7.835780 -2.498878 -13.124400
v 9.717720 -0.315859 -14.349800
v 10.109100 1.475213 -17.404600
v -13.576200 -17.621698 -16.731403
v -14.016800 -8.151137 -16.437801
v -12.663300 -5.291098 -15.619201
v -10.554000 -4.192677 -15.746001
v -6.410670 -1.440517 -17.918301
v -8.792160 -2.580977 -15.808600
v -3.960020 -0.432537 -19.927000
v -1.415190 0.148746 -22.025999
v -1.202030 0.371788 -24.474701
v -1.198450 1.528494 -26.792801
v -3.503440 2.380965 -29.073799
v -5.993160 3.549525 -30.900900
v -8.197740 2.937275 -31.577101
v -15.389100 -11.007298 -17.300102
v -17.032200 -13.832597 -17.434301
v -16.416401 -16.123898 -17.293201
v -13.167100 3.111295 -31.860001
v -15.394700 2.476025 -31.361000
v -10.766700 3.605895 -31.761200
v -19.317301 -0.852799 -30.147301
v -20.982201 -1.492375 -28.613800
v -21.792601 -4.331726 -27.613800
v -21.511700 -7.057096 -26.002802
v -21.110800 -9.701406 -24.213602
v -20.215500 -12.100796 -22.385202
v -19.325500 -14.372996 -20.686502
v -17.918800 -16.541897 -18.853302
v -16.840900 -18.572197 -19.403904
v -15.751900 -20.547297 -19.822603
v -12.689600 -19.594198 -17.471004
v -14.670500 -20.265196 -18.507404
v -17.526501 1.888785 -30.456301
v 3.549050 -11.832299 -8.505362
v 1.885610 -10.410798 -9.221231
v 17.625000 -19.125998 -13.420503
v 15.552300 -17.296799 -11.686003
v 13.625900 -15.245098 -9.906173
v 9.647020 -12.195199 -7.901662
v 11.850200 -12.819399 -8.309492
v 23.774401 -15.864897 -16.207502
v 21.662500 -18.321499 -16.039305
v 25.520000 -13.087997 -16.418201
v 17.419701 0.829377 -20.287100
v 19.757000 0.605663 -20.620600
v 15.009100 0.839347 -20.089701
v 12.592400 0.740696 -19.965700
v 25.801001 -11.306097 -14.873602
v 25.622601 -9.381278 -13.470702
v 25.573999 -6.041518 -13.740901
v 25.500799 -2.744588 -14.174700
v 26.291300 -0.355616 -16.080500
v 26.511200 -0.726952 -19.213499
v 24.237301 -1.325957 -21.353600
v 21.974400 -0.010567 -21.104601
v 4.335980 -4.919878 -10.444601
v 2.247490 -7.223009 -9.433721
v 6.503160 -2.719028 -11.310100
v 8.204090 -0.457866 -12.689700
v 8.871980 1.488263 -15.035100
v 10.259000 0.526969 -19.864599
v -15.461900 -18.222197 -17.835804
v -14.798100 -6.091718 -15.781001
v -16.065800 -8.796988 -17.161201
v -13.595100 -3.829508 -13.875901
v -11.384600 -3.108408 -13.616201
v -6.801120 -1.142337 -15.716300
v -4.271230 -0.287399 -17.717199
v -9.308180 -1.905618 -13.606500
v -1.685110 0.275478 -19.688900
v 0.888849 0.342981 -21.953600
v 1.032400 0.718811 -24.381701
v -1.308530 2.944325 -28.665899
v 1.014920 1.918914 -26.473700
v -3.748110 4.086545 -30.530399
v -6.474780 5.753695 -30.904900
v -8.745470 5.307895 -31.125799
v -17.330900 -11.591097 -18.075602
v -18.655100 -14.268297 -18.805403
v -15.549700 4.463265 -30.365101
v -13.386300 4.941255 -30.982100
v -11.096400 5.128485 -31.254000
v -19.473600 1.299225 -29.205601
v -21.044100 0.629625 -27.535299
v -22.017000 -2.137486 -26.753201
v -22.066999 -4.813466 -25.594601
v -21.589600 -7.436116 -23.858002
v -20.762501 -9.891896 -21.974602
v -19.376900 -12.009596 -20.510202
v -17.569700 3.933045 -29.413000
v 5.022300 -10.107799 -7.555831
v 7.446570 -11.310099 -7.642862
v 3.227710 -8.771829 -8.159221
v 17.827101 -17.252197 -12.339803
v 19.782600 -18.927399 -14.561203
v 15.854500 -15.301398 -10.619903
v 14.067800 -13.183398 -8.828822
v 10.293600 -10.272299 -6.832212
v 12.439300 -10.929699 -7.166892
v 22.029400 -16.593397 -14.661503
v 24.222700 -14.197097 -14.721601
v 19.013000 -0.745418 -22.300900
v 16.889799 -0.273943 -21.933399
v 14.453500 -0.052990 -22.842400
v 12.274400 0.153618 -22.467400
v 24.464199 -12.415298 -13.272802
v 24.649000 -10.613598 -11.837602
v 25.396799 -7.432068 -12.132001
v 25.563801 -3.958708 -12.374301
v 27.016001 -1.060298 -13.889100
v 28.027100 -0.882811 -17.171700
v 27.585800 -2.555687 -20.030399
v 25.993500 -2.748036 -21.935499
v 20.984501 -1.423786 -22.757900
v 3.690680 -5.770759 -8.495681
v 5.242800 -3.137959 -9.457701
v 6.931500 -0.561904 -10.799600
v 7.654460 1.581792 -13.033700
v 7.594690 1.025583 -17.808701
v 6.910940 1.600773 -15.788300
v 10.072500 0.283586 -22.262300
v 7.863810 0.268210 -19.944201
v -16.810801 -6.638777 -16.655703
v -15.790300 -4.107987 -14.776801
v -17.877399 -9.338497 -18.259901
v -11.969300 -2.336548 -11.468200
v -14.587300 -2.718368 -11.770000
v -7.204810 -0.684769 -13.510300
v -4.598250 -0.053824 -15.509700
v -1.962800 0.419295 -17.429300
v -9.726880 -1.408098 -11.385900
v 0.660026 0.529454 -19.336300
v 3.216030 0.310888 -22.197701
v 3.285210 0.935610 -24.324301
v 0.914650 3.342085 -28.343800
v -1.508180 4.610815 -30.244801
v 3.230030 2.187134 -26.298100
v -4.186330 6.217735 -30.751598
v -6.844020 7.928125 -30.487698
v -9.051170 7.476125 -30.412899
v -18.825100 -11.924697 -19.533503
v -13.476500 6.889355 -30.029198
v -15.560900 6.492245 -29.401499
v -11.266400 7.167755 -30.303799
v -21.045799 2.746964 -26.525000
v -19.421600 3.369184 -28.147800
v -22.303301 -0.117689 -25.354099
v -22.372101 -2.586906 -25.138800
v -22.149099 -5.227916 -23.515100
v -21.364201 -7.705956 -21.622803
v -19.463699 -9.709037 -19.962301
v -17.517799 6.007795 -28.444597
v 8.148590 -9.323429 -6.579751
v 6.084490 -8.244549 -6.407601
v 4.218070 -7.029329 -6.806491
v 18.060600 -15.267698 -11.380403
v 20.018600 -17.037598 -13.363303
v 16.264299 -13.336699 -9.473942
v 14.620900 -11.343999 -7.550942
v 10.996200 -8.637609 -5.535212
v 13.064700 -9.422739 -5.676322
v 22.404400 -14.878398 -13.295703
v 18.438400 -1.220026 -24.329000
v 16.429600 -0.573628 -23.794399
v 12.041800 0.820494 -24.792500
v 14.164300 0.551964 -25.225100
v 23.065399 -11.351698 -10.418802
v 22.696899 -13.101898 -11.906502
v 24.870600 -8.815648 -10.510502
v 25.650299 -5.519298 -10.780701
v 27.086300 -2.169998 -11.521200
v 28.927000 -1.553508 -14.759500
v 28.785299 -2.898217 -18.005301
v 27.850401 -3.579176 -22.999500
v 29.019800 -4.021767 -21.067600
v 24.766800 -2.950056 -23.946400
v 22.872299 -2.226986 -23.273001
v 20.351900 -1.898326 -24.896099
v 4.211760 -3.885479 -7.424370
v 5.785820 -0.994421 -8.759550
v 6.684070 1.720612 -10.935000
v 6.325260 1.623402 -13.496800
v 5.243110 0.706781 -18.219299
v 4.933980 1.172743 -16.205200
v 7.815410 0.316464 -22.231501
v 9.906380 0.963398 -24.502501
v 5.489320 0.208622 -20.199200
v -18.616501 -7.172017 -17.952402
v -17.677299 -4.428967 -16.122700
v -17.215300 -3.186758 -14.060301
v -14.893900 -2.028589 -9.407170
v -12.310700 -1.819678 -9.241470
v -7.569960 -0.255345 -11.278000
v -4.946620 0.281527 -13.308200
v -2.258040 0.572478 -15.216300
v 0.412620 0.729468 -17.036699
v -9.985490 -1.159599 -9.130830
v 5.520770 1.071684 -24.330700
v 5.533840 0.301298 -22.264400
v 0.761363 5.000775 -30.004601
v 3.142050 3.626194 -28.134300
v -1.882360 6.705305 -30.561998
v 5.437690 2.342444 -26.224100
v -4.576910 8.365655 -30.602697
v -9.219260 9.539465 -30.034298
v -7.091890 10.428005 -30.473497
v -13.485100 9.009075 -29.238798
v -15.533900 8.629254 -28.578299
v -11.352200 9.290365 -29.661398
v -22.384501 2.094334 -24.614700
v -19.319700 5.462354 -27.172400
v -20.912001 4.875664 -25.596800
v -22.588600 -3.015606 -23.172300
v -21.972700 -5.544796 -21.310301
v -20.192801 -7.568927 -19.625702
v -17.447300 8.154425 -27.615698
v 7.132000 -6.307579 -5.305391
v 9.002310 -7.559179 -5.331001
v 5.216640 -5.109199 -5.768941
v 20.263100 -15.151999 -12.223403
v 18.445400 -13.353798 -10.169402
v 16.808100 -11.580299 -8.047492
v 15.196700 -9.836459 -5.957091
v 11.565000 -7.726520 -3.680791
v 13.476200 -8.829909 -3.607491
v 18.225901 -0.470957 -26.384300
v 16.213200 0.138946 -25.797199
v 11.959400 2.135784 -26.690399
v 14.082200 1.880384 -27.089199
v 23.724400 -9.733988 -8.848262
v 20.613400 -13.339998 -10.905302
v 21.114599 -11.644198 -9.347642
v 25.629700 -7.222049 -9.266211
v 27.159599 -4.042859 -9.772911
v 29.266399 -2.542628 -12.284100
v 29.877399 -3.362577 -15.898901
v 30.058201 -4.551847 -19.096300
v 26.722799 -3.200076 -24.898399
v 29.879801 -3.679236 -24.164600
v 31.006901 -4.337536 -22.275200
v 23.867100 -2.570016 -26.001301
v 21.952499 -2.334976 -25.400400
v 20.496201 -1.036006 -27.042101
v 5.103340 -1.975369 -6.590250
v 5.879500 1.578631 -8.441550
v 4.996050 1.665012 -13.960000
v 2.969140 0.587456 -18.749300
v 2.733550 0.908111 -16.604200
v 7.730670 1.096424 -24.352400
v 9.816080 2.289894 -26.413000
v 3.153570 0.264829 -20.466299
v -19.345900 -4.997967 -17.642599
v -18.640200 -2.265528 -13.343900
v -18.018200 -1.894748 -11.666100
v -17.521299 -1.522618 -9.410280
v -14.866600 -1.565549 -7.056010
v -12.456700 -1.476139 -6.948230
v -7.804340 -0.111268 -8.989770
v -5.305600 0.666916 -11.085700
v -2.561680 0.765346 -13.009700
v 0.163284 0.668358 -14.827600
v -10.122700 -1.103859 -6.831500
v 0.430954 7.147405 -30.379599
v 3.012480 5.305895 -29.767799
v 5.351030 3.767704 -28.011101
v -2.270580 8.824745 -30.654198
v 7.635490 2.372774 -26.256001
v -4.881970 10.622905 -30.908598
v -13.450300 11.244405 -28.603298
v -15.447800 10.858405 -27.945297
v -11.370500 11.482204 -29.204098
v -22.247999 4.285664 -23.809700
v -23.345301 1.432244 -22.476900
v -22.966200 -0.796286 -22.891300
v -19.223600 7.639084 -26.359198
v -20.801600 7.123194 -24.839998
v -22.596500 -3.429507 -20.983400
v -20.937799 -5.466516 -19.268299
v -17.371000 10.372505 -27.001099
v 8.640310 -4.288350 -4.290010
v 10.008600 -6.127260 -3.931511
v 6.278280 -3.148399 -5.117001
v 18.987900 -11.698599 -8.611532
v 17.375500 -10.034699 -6.375842
v 15.679400 -8.899509 -3.936921
v 11.617400 -7.444839 -1.556921
v 13.771500 -8.116490 -1.515211
v 16.177799 1.509175 -27.584499
v 18.249599 1.055515 -28.142300
v 14.038100 3.401065 -28.747299
v 11.905200 3.609085 -28.393900
v 21.855101 -10.117799 -7.474911
v 25.097700 -8.568079 -7.410091
v 27.251200 -6.111039 -8.453431
v 29.330099 -4.116398 -10.268701
v 30.309999 -4.331898 -13.636001
v 31.012300 -5.079327 -17.082500
v 32.012501 -4.960536 -20.271000
v 25.729799 -2.607786 -26.755199
v 28.712500 -3.055816 -25.960600
v 33.059200 -4.011536 -23.443501
v 31.886801 -3.151536 -25.294600
v 23.038799 -1.382685 -27.735800
v 20.382200 0.594360 -28.680799
v 4.516170 2.189132 -11.782200
v 4.035780 2.760322 -9.517400
v 2.543400 0.892516 -14.422500
v 9.744570 3.734085 -28.157700
v -20.490200 -3.091727 -16.974501
v -19.262300 -2.636318 -15.021600
v -19.835300 -0.605343 -9.260850
v -20.406500 -0.916908 -11.582800
v -17.267300 -1.197759 -7.077790
v -14.849000 -1.282649 -4.708370
v -12.530300 -1.346209 -4.618500
v -7.894320 -0.392667 -6.700920
v -5.577430 0.795138 -8.784690
v -2.879330 0.975336 -10.797700
v -0.098715 0.755402 -12.618100
v -10.232900 -1.154529 -4.521690
v 2.746390 7.536935 -30.265299
v 0.054712 9.303695 -30.533598
v 5.261510 5.424315 -29.631901
v 7.560510 3.789444 -28.025400
v -2.619630 10.919405 -31.204597
v -5.205530 12.701204 -31.881598
v -7.330380 12.965905 -31.093498
v -9.309840 11.497405 -29.890898
v -13.409700 13.598405 -28.200998
v -15.432600 13.150105 -27.546698
v -11.306800 13.757404 -28.936897
v -22.137600 6.611924 -23.091398
v -23.279800 3.698204 -21.868200
v -23.326300 -1.336767 -20.629400
v -23.967600 0.836216 -20.271000
v -19.146099 9.871104 -25.749899
v -20.741699 9.446894 -24.234499
v -21.819700 -3.462997 -18.855801
v -17.351801 12.631905 -26.598598
v 10.213800 -5.697150 -1.830091
v 8.958490 -3.837970 -1.783051
v 5.342260 -0.975863 -3.593750
v 7.137090 -2.439959 -3.699321
v 19.614500 -10.207199 -6.812622
v 17.871599 -8.790329 -4.414762
v 16.009300 -7.941299 -1.904231
v 11.857500 -6.796840 0.495419
v 14.072400 -7.009680 0.391117
v 16.167801 3.093575 -29.197701
v 18.279200 2.708615 -29.722799
v 14.045000 5.140745 -30.124399
v 11.879400 5.260505 -29.868200
v 27.276100 -7.724119 -6.952951
v 29.377300 -5.937539 -8.631381
v 30.854401 -5.364338 -11.342301
v 31.678400 -5.783947 -14.904901
v 32.912102 -5.509207 -18.223801
v 34.034100 -4.757576 -21.355400
v 27.568800 -2.321455 -27.631399
v 24.974199 -1.417235 -28.271799
v 30.619699 -2.335866 -27.024500
v 34.781300 -2.601626 -24.080700
v 33.515900 -1.593306 -25.858999
v 22.650400 0.284797 -29.222401
v 20.384501 2.318705 -30.265499
v 5.108220 0.217744 -5.684730
v 2.261680 1.133482 -12.192000
v 1.821600 1.717822 -10.017000
v 3.779630 2.773431 -7.224679
v 5.493860 0.898187 -7.063140
v 9.688750 5.322105 -29.695900
v -22.078899 -1.489757 -16.200800
v -21.186100 -1.219098 -13.980100
v -19.498301 -0.314568 -7.007050
v -22.335100 0.498383 -11.366300
v -21.877399 0.704691 -9.144750
v -17.159300 -0.949998 -4.739120
v -14.873300 -1.122960 -2.366290
v -12.605000 -1.230160 -2.290100
v -7.968560 -0.805901 -4.421300
v -5.712470 0.456991 -6.483270
v -3.181840 1.074471 -8.556760
v -0.430838 0.973854 -10.407000
v -10.343900 -1.229330 -2.202460
v 2.398470 9.838735 -30.351398
v 5.096620 7.763245 -30.175798
v -0.329663 11.375605 -31.127197
v 7.488430 5.392325 -29.576700
v -2.946430 12.779106 -32.321697
v -5.727090 13.849206 -33.698395
v -7.897210 14.318006 -32.641796
v -9.292120 13.476005 -29.956497
v -13.603600 16.056303 -28.518297
v -15.804000 15.484105 -27.765697
v -11.495300 15.836405 -29.810398
v -22.133301 9.081704 -22.499598
v -23.210300 6.129213 -21.202698
v -24.014799 3.148793 -19.880400
v -24.063299 0.357359 -18.034201
v -23.043501 -1.641767 -18.356899
v -19.049700 12.134404 -25.297098
v -20.598400 11.754004 -23.804398
v -17.776501 14.783404 -26.921198
v 7.232260 -2.710030 -1.614260
v 7.951610 -4.940550 0.233492
v 9.828000 -6.024030 0.333608
v 5.299470 -1.926390 -1.469730
v 20.167801 -8.951049 -4.750842
v 18.258101 -7.804930 -2.308271
v 16.317200 -6.965240 0.113320
v 12.173800 -5.740911 2.461809
v 14.374600 -5.813581 2.296929
v 18.371700 4.604945 -30.994600
v 16.202299 4.904775 -30.525400
v 14.188100 7.261785 -30.311699
v 11.947400 7.334605 -30.239798
v 22.556700 -8.937059 -5.080781
v 24.993500 -8.513069 -5.052901
v 27.340200 -8.277999 -4.913941
v 29.471201 -7.602749 -7.046802
v 31.252501 -6.637379 -9.343951
v 32.594799 -6.547518 -12.105301
v 33.646801 -5.985537 -16.262201
v 34.927502 -5.342906 -19.218201
v 35.820301 -3.866346 -22.162300
v 29.285200 -1.253335 -28.455200
v 26.434601 -1.091005 -28.900400
v 24.867100 0.139616 -29.705799
v 32.177200 -0.636290 -27.520700
v 35.962002 -0.280022 -24.103100
v 34.681999 0.405888 -26.005100
v 22.540501 1.975205 -30.662600
v 20.578300 4.275285 -31.505699
v 3.307230 0.362004 -3.159590
v 3.446030 1.719151 -5.128990
v 1.457150 1.988241 -7.797060
v 9.702830 7.333725 -30.204699
v -22.974100 0.308531 -13.588200
v -23.639099 0.187392 -15.797300
v -19.347300 -0.151697 -4.726940
v -21.537300 0.932545 -6.922050
v -23.456200 2.505551 -9.113500
v -23.786600 2.388092 -11.326400
v -17.129999 -0.796217 -2.420140
v -14.930600 -1.051600 -0.031662
v -12.687600 -1.210430 0.034267
v -5.818450 -0.071536 -4.226750
v -8.086780 -1.095830 -2.114820
v -3.417120 0.820421 -6.277780
v -0.773173 1.128231 -8.228820
v -10.455000 -1.257180 0.111752
v 4.809870 10.457604 -30.131498
v 1.949840 11.941005 -30.797398
v 7.436880 7.272865 -30.162298
v -0.658293 13.125806 -32.361195
v -3.272480 13.584506 -34.339596
v -6.555720 14.115906 -35.786594
v -8.834230 14.905506 -34.494297
v -9.718790 15.100804 -31.298298
v -16.788799 16.553005 -29.424198
v -14.636000 16.853106 -30.564798
v -12.563500 16.569006 -31.790699
v -23.294399 8.947614 -20.504398
v -22.002899 11.536804 -22.121899
v -23.966900 5.594563 -19.277100
v -24.383600 2.692503 -17.859301
v -19.438101 14.332804 -25.548298
v -20.808599 14.011703 -23.913998
v -18.811199 15.986705 -28.320698
v 6.550360 -4.232400 0.286630
v 7.716690 -5.306030 2.464579
v 9.976900 -5.611920 2.528759
v 5.149110 -3.524260 0.339769
v 3.133860 -1.017410 -1.281310
v 20.543800 -7.935170 -2.556271
v 18.574400 -7.061150 -0.117194
v 16.601200 -5.901481 2.111219
v 12.450100 -4.375950 4.363359
v 14.648100 -4.648701 4.285339
v 16.434999 7.064155 -30.525599
v 18.685499 6.792905 -30.735699
v 11.986200 9.422635 -29.729698
v 14.280400 9.305325 -29.705797
v 22.854200 -8.030380 -2.725631
v 25.191700 -8.063660 -2.722091
v 27.540300 -8.090120 -2.700161
v 29.665701 -8.469039 -4.988651
v 31.575800 -7.811028 -7.376671
v 33.194599 -7.369389 -9.984411
v 35.737400 -5.821117 -17.121799
v 36.827202 -4.598397 -20.004299
v 30.706699 0.449414 -28.930799
v 27.955500 -0.023769 -29.580999
v 24.676300 1.682595 -30.854700
v 33.318600 1.371685 -27.739000
v 36.580101 1.956234 -23.885000
v 35.320900 2.443684 -25.844700
v 22.902300 3.989805 -31.494699
v 20.945900 6.471835 -30.898998
v 1.188680 1.443491 -5.610920
v 0.946301 0.558572 -3.460720
v 9.693670 9.359015 -29.902397
v -24.430700 2.403973 -15.727400
v -24.148001 2.329902 -13.534400
v -21.324699 1.078261 -4.693120
v -19.316401 -0.115044 -2.436810
v -23.180500 2.635081 -6.902309
v -24.622101 4.568722 -11.385499
v -24.456900 4.632561 -9.153399
v -17.173000 -0.797273 -0.090853
v -12.785500 -1.196190 2.362200
v -15.005300 -1.018630 2.295900
v -5.951110 -0.546861 -1.942290
v -3.598490 0.358233 -4.016350
v -8.241650 -1.179600 0.206397
v -1.064480 0.861849 -6.032910
v -10.570200 -1.317480 2.431940
v 7.365120 9.072075 -30.042198
v 7.247300 11.099005 -29.747498
v 4.301580 12.551105 -30.453999
v 1.602500 13.603305 -32.150898
v -0.771763 13.812305 -34.444096
v -10.693500 15.791406 -33.143196
v -15.737100 15.989205 -32.489395
v -17.900700 15.890805 -31.362198
v -13.737400 15.973606 -33.628895
v -23.195900 11.466903 -20.223598
v -24.215799 9.116533 -18.234299
v -24.206499 7.122683 -18.288599
v -22.043800 13.870304 -22.131098
v -24.385900 5.018803 -17.634300
v -21.997000 15.577104 -24.935198
v -20.520300 15.681705 -26.828798
v -20.085899 15.834605 -30.148397
v 8.010370 -4.416301 4.611679
v 10.234900 -4.350711 4.493820
v 2.973450 -2.662220 0.437755
v 0.727726 -0.525684 -1.419110
v 20.833700 -7.162280 -0.308302
v 18.832500 -6.041231 1.971189
v 16.851200 -4.834870 4.167059
v 12.590900 -4.042161 6.704840
v 14.797400 -4.192821 6.594110
v 18.860001 8.805445 -29.754997
v 16.590300 9.090685 -29.724499
v 14.338600 11.366705 -28.954098
v 12.001200 11.503304 -29.046799
v 23.113199 -7.250180 -0.437597
v 25.415800 -7.272950 -0.505700
v 27.748400 -7.264270 -0.551081
v 29.912800 -8.054300 -2.771011
v 31.964899 -8.494720 -5.208382
v 33.721699 -7.986269 -7.771651
v 35.386700 -7.352118 -10.342101
v 34.790501 -6.790978 -12.480901
v 36.372398 -6.116827 -15.024901
v 34.203400 -6.396888 -14.449800
v 37.754101 -5.052967 -17.803200
v 37.821899 -2.790567 -20.144699
v 36.577202 -2.447016 -22.191401
v 29.099899 1.795515 -29.989599
v 31.676901 2.642095 -29.050301
v 26.514601 1.111925 -30.489599
v 25.187300 3.720705 -31.230600
v 33.737202 2.769934 -27.653099
v 37.229301 -0.579397 -22.097900
v 37.728500 1.611004 -21.872400
v 36.610100 4.123694 -23.351801
v 35.344700 4.525224 -25.280199
v 23.218000 6.184145 -30.840797
v 21.121700 8.484415 -29.772999
v -1.320480 0.342157 -3.820370
v 9.661450 11.455605 -29.315899
v -24.631001 4.698183 -15.731499
v -24.683901 4.574752 -13.596599
v -22.940599 2.761941 -4.685719
v -21.259199 1.104570 -2.444630
v -19.340700 -0.142567 -0.143213
v -24.295601 4.703781 -6.928139
v -25.190500 6.844242 -11.454000
v -25.151899 6.872362 -9.204359
v -17.228701 -0.791493 2.229930
v -15.080600 -0.965763 4.620700
v -12.882300 -1.209741 4.685240
v -3.790820 -0.153965 -1.745000
v -6.103180 -0.878471 0.364698
v -8.393400 -1.340630 2.528470
v -10.707000 -1.454641 4.756270
v 7.150240 13.267905 -29.827297
v 3.752120 14.226705 -31.785799
v 1.559140 14.380206 -34.253197
v -24.126600 11.469303 -18.170698
v -22.953100 13.820903 -20.182098
v -24.889200 9.161063 -16.000998
v -24.781601 6.922262 -15.891299
v -23.029301 15.903304 -22.926699
v -21.947300 15.798904 -28.548998
v -23.289400 15.810405 -26.934498
v 5.381630 -4.692541 2.436829
v 5.795410 -4.323201 4.697559
v 8.163250 -4.429811 6.860489
v 10.369900 -4.101441 6.805240
v 3.261830 -3.867020 2.504039
v 0.288180 -1.556040 0.584300
v -1.569590 -0.193200 -1.577290
v 21.082800 -6.182661 1.832789
v 19.062099 -5.023890 4.069219
v 16.998400 -4.293741 6.469719
v 12.701900 -4.656042 8.974419
v 14.893800 -4.426352 8.911339
v 18.988899 10.877105 -28.938599
v 16.682899 11.142805 -28.948298
v 14.401100 13.564105 -28.600498
v 11.967600 13.765705 -28.688997
v 23.346201 -6.271111 1.728099
v 25.622700 -6.289031 1.654159
v 27.936199 -6.254440 1.592559
v 30.113600 -7.142460 -0.627740
v 32.256599 -7.805950 -2.954961
v 34.187698 -7.996349 -5.453621
v 35.886501 -7.598729 -8.043851
v 37.501202 -6.641648 -10.631601
v 36.924198 -6.357228 -12.856801
v 38.341202 -5.178768 -15.497901
v 38.848701 -3.152147 -18.018600
v 38.401199 -0.803474 -20.067400
v 29.634100 3.214485 -30.003700
v 27.337000 3.143825 -30.797501
v 25.533800 5.935675 -30.713697
v 33.831402 4.889604 -27.044001
v 38.762299 1.402043 -19.900700
v 37.721001 3.820814 -21.389400
v 36.160599 6.187734 -22.599798
v 34.914398 6.543334 -24.481098
v 23.383699 8.253865 -29.794598
v 21.257500 10.608504 -28.889498
v 9.553920 13.722605 -29.107199
v -25.064600 6.853262 -13.684299
v -22.829901 2.798820 -2.454720
v -24.131701 4.765821 -4.701929
v -21.249500 1.088260 -0.185321
v -19.365101 -0.158725 2.152180
v -25.057699 6.923171 -6.964739
v -25.661100 9.154161 -11.518898
v -25.707800 9.181452 -9.240499
v -17.287500 -0.730343 4.549340
v -15.150500 -0.886345 6.943030
v -12.981900 -1.263481 7.008370
v -3.980100 -0.588748 0.546906
v -6.238880 -1.238101 2.656470
v -8.538230 -1.622911 4.835830
v -10.835400 -1.692531 7.065579
v 5.564990 14.618404 -31.505198
v 3.714280 15.039906 -33.907394
v -23.780600 13.804203 -18.186499
v -24.885500 11.471003 -16.049398
v -23.408600 16.028803 -20.704098
v -25.386101 9.150892 -13.777998
v -25.151699 16.444204 -23.922298
v -24.097200 15.928704 -25.693998
v -24.940701 15.205905 -28.413998
v -23.469400 15.083205 -30.072998
v 3.656990 -4.016051 4.780890
v 5.959990 -4.639361 6.904569
v 8.287120 -5.218522 9.038519
v 10.493700 -4.925581 9.014739
v 1.494170 -3.043280 2.636019
v -1.817810 -0.707964 0.669807
v 21.285000 -5.124321 3.968339
v 19.202200 -4.355801 6.345129
v 17.092300 -4.223772 8.812799
v 12.831900 -5.261082 11.242299
v 15.021400 -4.908692 11.187499
v 19.139099 13.074705 -28.606197
v 16.783600 13.323605 -28.609198
v 14.514000 15.612104 -29.571898
v 12.055400 15.843705 -29.760498
v 23.514601 -5.191141 3.864639
v 25.759001 -5.182600 3.771309
v 28.031099 -5.097250 3.674739
v 30.263201 -6.114790 1.507959
v 32.482399 -6.803420 -0.776634
v 34.556999 -7.206850 -3.188751
v 36.286701 -7.313589 -5.700741
v 37.923000 -6.715279 -8.290681
v 38.807098 -5.216058 -13.193201
v 39.322399 -5.321568 -10.880401
v 39.452499 -3.258807 -15.701101
v 39.434700 -1.031627 -18.015699
v 32.076199 5.126485 -28.595100
v 30.051901 5.380605 -29.759199
v 27.838301 5.680875 -30.466499
v 25.689600 8.025905 -29.733997
v 33.454700 6.907964 -26.187298
v 39.657398 1.228483 -17.927700
v 38.579201 3.588123 -19.539301
v 37.237900 5.872413 -20.620897
v 35.518902 8.203383 -21.860199
v 34.213402 8.505164 -23.606197
v 23.502100 10.330305 -28.810198
v 21.434601 12.850904 -28.450897
v 9.638410 15.651805 -30.308699
v -24.044201 4.762321 -2.484489
v -22.795099 2.775000 -0.231592
v -24.952600 6.945531 -4.733209
v -21.222500 1.103470 2.081350
v -19.417900 -0.139144 4.459200
v -25.596800 9.218601 -6.981308
v -25.983601 11.478601 -11.593898
v -26.158300 11.520402 -9.277019
v -17.343599 -0.621645 6.864010
v -15.244400 -0.965518 9.245260
v -13.117000 -1.515512 9.315330
v -4.134960 -1.109771 2.819880
v -6.373520 -1.696331 4.930679
v -8.688140 -2.016991 7.124640
v -10.989700 -2.032431 9.362690
v 7.413210 15.187505 -30.957397
v 5.747110 15.550506 -33.478695
v -23.924601 16.094805 -18.525198
v -24.571501 13.768503 -16.112799
v -25.513000 11.468002 -13.862699
v -26.223400 17.122604 -21.984499
v -24.579201 17.040403 -21.365599
v -26.067801 15.367105 -26.591297
v -27.123400 15.762504 -24.614498
v 1.686250 -3.396781 4.899539
v 3.798310 -4.553781 6.966049
v 6.060050 -5.439881 9.047659
v 8.386210 -5.854042 11.272699
v 10.616100 -5.572682 11.266899
v -2.002730 -1.221400 2.919470
v -0.103566 -2.115460 2.783070
v 21.415701 -4.404731 6.231309
v 19.296200 -4.075361 8.684269
v 17.213100 -4.522132 11.118599
v 12.948600 -5.681762 13.538399
v 15.169500 -5.332613 13.485899
v 16.916300 15.303905 -29.554398
v 19.320101 15.067305 -29.447998
v 14.698000 16.734106 -31.605799
v 12.312700 16.894905 -31.860298
v 23.620899 -4.346501 6.106210
v 25.831699 -4.210401 5.968450
v 28.049999 -4.019991 5.836020
v 30.304300 -4.894920 3.586399
v 32.590500 -5.755540 1.374069
v 34.838299 -6.199930 -0.971647
v 36.829201 -6.452660 -3.395461
v 38.129101 -6.356999 -5.912701
v 39.574600 -5.172688 -8.503831
v 40.257099 -3.230348 -11.050101
v 39.899399 -3.284108 -13.374301
v 40.054501 -1.109377 -15.774900
v 30.027599 7.669895 -28.931198
v 31.855499 7.256554 -27.718699
v 27.967400 7.902755 -29.515999
v 25.761700 10.056005 -28.700598
v 32.771702 8.807884 -25.285398
v 40.282501 1.151143 -15.759200
v 39.264400 3.450133 -17.739000
v 37.855301 5.733284 -19.132000
v 36.663502 7.894323 -19.872898
v 34.733299 10.141204 -21.054298
v 33.175900 10.266904 -22.587997
v 23.709000 12.588305 -28.305199
v 21.745600 14.953905 -29.205797
v 9.979440 16.696205 -32.333797
v -24.013599 4.715180 -0.268256
v -24.870199 6.931780 -2.518129
v -22.795799 2.737400 2.014101
v -25.480000 9.221551 -4.742208
v -21.278700 1.071899 4.356530
v -19.508301 -0.147145 6.759510
v -25.939699 11.569201 -6.978288
v -25.959101 13.861202 -9.318658
v -25.752600 13.773602 -11.658798
v -17.420000 -0.553190 9.170180
v -15.362200 -1.114952 11.535700
v -13.261800 -1.839572 11.596800
v -4.256860 -1.738701 5.050020
v -6.533690 -2.248621 7.187109
v -8.844180 -2.480471 9.397730
v -11.160300 -2.476002 11.634800
v 7.757740 16.216906 -32.893795
v 6.158550 15.628006 -35.675495
v 4.032450 15.014006 -36.125496
v -25.093901 17.673405 -19.184397
v -24.504999 16.057701 -16.354298
v -25.237400 13.762102 -13.932098
v -27.073099 17.674004 -19.827295
v -28.144899 16.282104 -22.500698
v -0.155037 -2.528051 5.059380
v 1.717600 -4.073551 7.075480
v 3.825810 -5.475001 9.052179
v 6.138650 -6.024702 11.276299
v 8.462170 -6.170832 13.579399
v 10.711100 -5.957973 13.566099
v -2.156930 -1.891681 5.151770
v 21.500700 -3.963131 8.551239
v 19.401100 -4.132572 11.013299
v 17.370100 -4.920393 13.416599
v 13.048900 -5.904482 15.862599
v 15.299800 -5.599402 15.813899
v 19.503901 16.200706 -31.386398
v 17.101801 16.408106 -31.524797
v 12.610700 16.712805 -34.165195
v 14.888800 16.622406 -33.895996
v 23.697001 -3.775071 8.405639
v 25.889900 -3.542781 8.252119
v 28.064501 -3.240971 8.088499
v 30.263100 -3.740931 5.697239
v 32.579399 -4.581241 3.490359
v 34.943901 -5.187360 1.247069
v 37.355900 -5.341060 -1.119311
v 38.058399 -5.778769 -3.523581
v 39.591301 -4.761719 -6.156511
v 40.474800 -3.045738 -8.741431
v 40.795700 -0.958747 -11.219200
v 40.487900 -1.088878 -13.478700
v 31.209299 9.080045 -26.743797
v 29.270201 9.626575 -27.707197
v 28.172300 10.082205 -27.861599
v 25.927200 12.193005 -28.229599
v 31.603100 10.322204 -24.121899
v 40.700901 1.195712 -13.513200
v 39.818802 3.410083 -15.630699
v 38.472599 5.594153 -17.643101
v 36.031101 9.888013 -19.277798
v 32.287601 12.228404 -21.675999
v 33.909901 12.047803 -20.222898
v 24.118500 14.638405 -29.046198
v 22.077600 16.137205 -31.149498
v 10.415000 16.651506 -34.576595
v -24.856199 6.867910 -0.291962
v -24.062401 4.622610 1.949731
v -25.423201 9.176630 -2.528609
v -22.851400 2.661619 4.266440
v -25.736099 11.527401 -4.744738
v -21.446600 0.935708 6.630440
v -19.635300 -0.164478 9.058850
v -25.788401 13.990301 -7.017188
v -25.530300 16.022701 -11.738897
v -25.656700 16.147501 -9.388577
v -17.514099 -0.496612 11.449800
v -15.506800 -1.271222 13.813600
v -13.442400 -2.171202 13.868700
v -4.405160 -2.430231 7.266230
v -6.692780 -2.833201 9.433730
v -9.019620 -3.005302 11.653199
v -11.351600 -2.930322 13.897899
v 8.257230 16.178905 -35.065495
v -25.673800 17.791801 -16.915596
v -25.143299 16.025002 -14.124997
v -28.902100 16.559404 -20.254498
v -27.716801 17.771503 -17.561796
v -0.256041 -3.354361 7.204340
v 1.696550 -4.904302 9.189549
v 3.889950 -5.953342 11.305199
v 6.206340 -6.257883 13.587799
v 8.528620 -6.209332 15.913699
v 10.793100 -6.122212 15.899399
v -2.304600 -2.758871 7.293710
v 21.582399 -3.735222 10.883999
v 19.558800 -4.443852 13.324899
v 17.526400 -5.215713 15.734599
v 13.138000 -5.996113 18.205097
v 15.410400 -5.751093 18.153299
v 19.660900 16.263405 -33.630898
v 17.200899 16.337105 -33.763397
v 23.777800 -3.398622 10.743199
v 28.103300 -2.694392 10.408300
v 25.949900 -3.056332 10.571299
v 30.224199 -2.884101 7.936679
v 32.474899 -3.416381 5.603350
v 34.857201 -4.140841 3.419419
v 37.303001 -4.416540 1.156589
v 39.407398 -4.220670 -3.820141
v 40.460800 -2.639309 -6.446990
v 40.988300 -0.745889 -8.994190
v 40.983601 1.350302 -11.313500
v 30.123899 10.423203 -25.816998
v 27.895000 12.087504 -27.017899
v 26.403601 14.144205 -28.777597
v 30.771400 12.303304 -23.353397
v 40.287498 3.481472 -13.391799
v 39.079899 5.572052 -15.459899
v 35.455799 11.886403 -18.772198
v 36.900902 9.691603 -17.209698
v 37.619801 7.695683 -17.589699
v 34.411499 14.215903 -20.484398
v 32.831501 14.378203 -22.056498
v 24.695200 15.850804 -30.868198
v -25.398001 9.110870 -0.319872
v -24.887100 6.760419 1.921021
v -24.163601 4.498030 4.196531
v -25.680799 11.464900 -2.544268
v -23.064600 2.468109 6.519210
v -25.586000 13.850201 -4.778637
v -21.689600 0.746482 8.915380
v -19.763700 -0.105884 11.340800
v -25.349400 16.517801 -7.185097
v -26.797199 18.017902 -9.404807
v -26.649200 17.854101 -11.985197
v -17.580400 -0.377388 13.713400
v -15.698000 -1.524563 16.073000
v -13.677000 -2.556613 16.132299
v -4.561750 -3.196081 9.448529
v -6.864140 -3.467352 11.658899
v -9.222650 -3.561932 13.902999
v -11.565900 -3.374923 16.154900
v -26.139500 17.825401 -14.687798
v -29.609600 16.750103 -18.021997
v -28.319599 17.943401 -15.360797
v -0.372136 -4.223221 9.333789
v 1.703130 -5.547762 11.380299
v 3.959430 -6.124783 13.614699
v 6.269020 -6.195602 15.922699
v 8.580090 -6.095503 18.241499
v 10.857900 -6.115083 18.235899
v -2.457290 -3.646041 9.423029
v 21.739201 -3.919182 13.215599
v 19.734600 -4.740802 15.634299
v 17.656200 -5.330703 18.074800
v 13.200000 -5.871713 20.556898
v 15.483500 -5.621984 20.504999
v 23.913700 -3.385432 13.087299
v 30.242599 -2.246012 10.230800
v 26.084900 -2.938462 12.933199
v 28.231501 -2.488142 12.774800
v 32.382801 -2.459041 7.783860
v 34.673500 -3.021251 5.530809
v 37.017101 -3.339860 3.276279
v 38.982399 -2.661550 0.719248
v 39.261799 -3.613740 -1.482711
v 40.361801 -2.122409 -4.195560
v 41.048302 -0.403501 -6.779600
v 41.138901 1.574102 -9.298970
v 40.642200 3.718792 -10.896199
v 29.293699 12.208504 -25.130898
v 28.352100 14.136305 -27.397598
v 27.245300 15.313305 -30.293198
v 31.210501 14.491804 -23.698898
v 39.576698 5.704552 -13.185399
v 38.298199 7.691242 -15.253699
v 36.385601 11.731903 -16.924198
v 35.918098 13.964203 -18.922897
v 37.511299 9.694823 -15.001498
v 34.235100 15.772504 -23.210299
v 35.805199 15.719304 -21.462198
v -25.675200 11.426600 -0.347836
v -25.407301 9.002050 1.888831
v -24.961201 6.610809 4.144571
v -24.346800 4.305929 6.439790
v -25.383900 13.704600 -2.567488
v -23.417900 2.193019 8.785930
v -21.953699 0.590313 11.210400
v -19.839100 0.060626 13.602100
v -26.347601 18.636402 -7.305147
v -28.975401 18.027903 -11.431097
v -28.914000 18.342503 -9.155587
v -17.663799 -0.315522 15.967100
v -13.962700 -2.968623 18.395700
v -15.990300 -1.840273 18.320299
v -4.718720 -3.926322 11.639799
v -7.045840 -4.110242 13.882399
v -9.412300 -4.064793 16.154400
v -11.776100 -3.698093 18.431999
v -30.322599 16.978601 -15.787197
v -28.714500 17.972603 -13.358797
v -0.454703 -4.995742 11.487199
v 1.734330 -5.857422 13.653599
v 4.020180 -6.021302 15.935999
v 6.315760 -5.975793 18.248999
v 10.905000 -5.924703 20.575098
v 8.618230 -5.813093 20.562599
v -2.594180 -4.447312 11.583099
v 21.933399 -4.228542 15.529499
v 19.889601 -4.882543 17.972200
v 17.740601 -5.224823 20.408100
v 15.531500 -5.314644 22.844999
v 13.235800 -5.525574 22.890800
v 24.125700 -3.717973 15.405699
v 30.351801 -1.982562 12.593100
v 32.363400 -1.758392 10.055300
v 26.321199 -3.252982 15.264399
v 28.499300 -2.802522 15.113600
v 34.517101 -2.001671 7.670630
v 36.792900 -2.243641 5.385940
v 38.707600 -1.663481 2.858860
v 40.128601 -0.626216 0.250736
v 40.274899 -1.481880 -1.945260
v 40.994701 0.057665 -4.552230
v 41.226799 1.873971 -7.179049
v 39.963699 5.999002 -10.718399
v 29.693001 14.412304 -25.471098
v 29.435400 15.436905 -28.767298
v 32.661900 15.734504 -24.964998
v 38.817402 7.887572 -12.956999
v 37.016499 13.798403 -17.078697
v 36.971699 11.706803 -14.895998
v 37.361900 15.410203 -19.703897
v 37.957500 9.991562 -12.781698
v 37.572800 16.412603 -22.760798
v 35.984901 16.455605 -24.586899
v -25.132999 13.639100 -0.399826
v -25.662901 11.325400 1.856772
v -25.405600 8.842919 4.130151
v -25.087601 6.428049 6.409191
v -24.705200 4.057878 8.706531
v -25.100800 15.429801 -4.935098
v -24.372900 15.678500 -2.774307
v -23.837200 1.915448 11.078600
v -22.070299 0.705920 13.502200
v -19.838200 0.402931 15.820900
v -28.683100 19.044401 -6.833667
v -25.094700 19.054399 -5.339427
v -24.615700 17.009300 -5.091557
v -17.887100 -0.486343 18.208000
v -16.332399 -2.086123 20.601000
v -14.207800 -3.119473 20.705299
v -4.868830 -4.599932 13.847599
v -7.210730 -4.606153 16.131300
v -9.556920 -4.319923 18.438101
v -11.919000 -3.651303 20.728100
v -0.484577 -5.537522 13.709599
v 1.785260 -5.808992 15.959499
v 4.065990 -5.767233 18.250299
v 6.346190 -5.636923 20.549700
v 8.636380 -5.383604 22.855101
v 10.930100 -5.517714 22.888599
v -2.682200 -5.088902 13.779299
v 22.106400 -4.383433 17.856001
v 19.989500 -4.772183 20.300301
v 17.805000 -4.939824 22.744801
v 13.237200 -4.937334 25.166000
v 15.549400 -4.781984 25.141001
v 24.338900 -3.961383 17.729799
v 30.615601 -2.235343 14.943300
v 32.460201 -1.449922 12.391900
v 34.467602 -1.269642 9.899410
v 26.580700 -3.620563 17.588400
v 28.815500 -3.255443 17.440701
v 36.579102 -1.249621 7.508000
v 38.464100 -0.696547 5.000580
v 40.001202 0.373080 2.421820
v 40.869900 1.650420 -0.208468
v 40.926701 0.622727 -2.342960
v 41.209599 2.271771 -4.945779
v 40.889599 4.137022 -7.750130
v 39.186199 8.249432 -10.626299
v 40.238899 6.402631 -8.119499
v 31.093399 15.717605 -26.766699
v 34.306702 16.527403 -26.352798
v 37.782101 13.691903 -15.165498
v 38.690701 15.026003 -17.801397
v 37.335201 12.024702 -12.757198
v 39.209900 15.895404 -20.910099
v 38.240299 10.462002 -10.572998
v -23.718201 15.524700 -0.597058
v -24.949600 13.520700 1.797162
v -25.589100 11.133999 4.095182
v -25.439699 8.663699 6.400382
v -25.293100 6.239829 8.706331
v -25.192801 3.789898 10.996701
v -23.558701 17.650600 -3.092567
v -24.074800 1.898268 13.411300
v -22.015499 1.100657 15.734300
v -19.897499 0.577564 18.032200
v -26.542101 19.881599 -5.052457
v -28.416300 19.736700 -4.587737
v -24.021799 19.712900 -3.269607
v -18.178900 -0.661081 20.434200
v -16.539400 -1.869754 22.930500
v -14.392500 -2.987284 23.064800
v -4.978410 -5.068983 16.098000
v -7.292960 -4.752053 18.422300
v -9.616510 -4.112463 20.715200
v -11.996400 -3.260934 22.977699
v -0.459738 -5.607573 16.005800
v 1.816830 -5.554093 18.261101
v 4.086490 -5.409163 20.544399
v 6.357140 -5.177994 22.830299
v 8.628340 -4.764874 25.092501
v 10.922100 -4.912414 25.142500
v -2.715440 -5.385792 16.049801
v 22.227501 -4.302943 20.184700
v 20.050501 -4.465604 22.622700
v 17.831699 -4.469874 25.055401
v 13.211000 -4.095544 27.358400
v 15.521000 -3.963155 27.342199
v 24.486200 -3.912553 20.062901
v 30.990700 -2.742573 17.259501
v 32.722698 -1.632452 14.731800
v 34.542000 -0.891008 12.190600
v 36.462898 -0.486703 9.694320
v 26.768600 -3.658323 19.941700
v 29.069300 -3.465713 19.796101
v 38.282600 0.167756 7.179190
v 39.818600 1.251839 4.592250
v 40.736500 2.859640 1.909210
v 40.970798 2.854600 -0.416226
v 41.112900 2.647920 -2.711220
v 40.954800 4.509571 -5.344559
v 39.456001 8.672081 -8.290689
v 40.413700 6.779411 -5.728819
v 37.897800 14.046802 -13.095898
v 39.556801 14.823703 -15.658097
v 40.613201 15.348903 -18.895397
v 37.256100 12.560102 -10.643298
v 38.450802 10.916501 -8.402128
v -22.578300 17.781601 -0.887792
v -23.326500 15.337200 1.612313
v -24.907700 13.303399 4.003552
v -25.517300 10.924399 6.374682
v -25.481400 8.489569 8.705411
v -25.565001 6.066218 11.015701
v -25.556101 3.697428 13.358201
v -24.006800 2.145037 15.738800
v -21.917801 1.456687 17.932699
v -20.064699 0.644487 20.230101
v -30.705799 18.222702 -6.183367
v -30.283199 18.758600 -3.946417
v -27.993999 20.226801 -2.336107
v -25.917801 20.584999 -2.819567
v -23.113001 20.119600 -0.857898
v -18.390499 -0.451141 22.682100
v -14.319700 -1.934554 25.111099
v -16.470100 -0.905355 25.119101
v -4.999610 -5.038503 18.388901
v -7.309470 -4.412413 20.688999
v -9.647700 -3.546394 22.937799
v -12.017700 -2.537864 25.094299
v -0.436674 -5.374013 18.288099
v 1.829030 -5.160423 20.544100
v 4.087340 -4.935904 22.804600
v 6.347890 -4.549204 25.046499
v 8.608670 -3.922344 27.246401
v 10.905900 -4.061744 27.320101
v -2.709680 -5.216353 18.337299
v 22.296400 -3.974774 22.502001
v 20.076599 -3.967244 24.921600
v 17.803801 -3.686404 27.271000
v 15.464300 -2.867125 29.421000
v 13.164400 -2.962875 29.407301
v 24.569401 -3.592914 22.378901
v 31.349400 -3.150553 19.626801
v 33.089298 -1.985583 17.091101
v 34.784100 -0.889983 14.507500
v 36.491798 -0.014825 11.948100
v 38.138100 0.887479 9.381390
v 26.878599 -3.388083 22.286200
v 29.206600 -3.281183 22.193600
v 39.606800 1.996659 6.778660
v 40.534801 3.507629 4.125061
v 40.807999 5.124190 -0.828433
v 40.904999 4.845641 -3.087429
v 39.671398 9.055551 -6.017299
v 40.470299 7.123100 -3.449139
v 37.414299 14.904202 -11.103397
v 39.711300 15.151402 -13.378597
v 37.129200 13.095901 -8.502188
v 38.683498 11.297801 -6.228878
v -22.136801 17.594700 1.520933
v -23.211800 15.075199 3.891052
v -24.927700 13.095199 6.279942
v -25.393999 10.739100 8.681182
v -25.544001 8.361609 11.026301
v -25.810400 6.012497 13.364601
v -25.528400 3.839747 15.748001
v -23.687099 2.487257 17.959499
v -21.994499 1.795327 20.117800
v -20.213100 0.895248 22.363899
v -29.846001 19.079201 -1.818227
v -27.568300 20.491600 -0.103514
v -25.289801 20.908199 -0.477495
v -22.714701 19.915199 1.696853
v -18.458599 0.243484 24.878500
v -14.261900 -0.800016 26.825701
v -16.405300 0.694272 27.413401
v -4.997630 -4.626023 20.646299
v -7.326520 -3.802074 22.910999
v -9.680800 -2.845234 25.096701
v -12.009800 -1.411304 26.977600
v -0.431763 -4.945673 20.552601
v 1.822670 -4.650224 22.789000
v 4.069610 -4.317974 25.014000
v 6.320490 -3.746485 27.182699
v 10.868400 -2.931525 29.352699
v 8.574840 -2.815685 29.268000
v -2.706360 -4.801593 20.596500
v 22.319201 -3.482044 24.782600
v 20.062099 -3.287265 27.161600
v 17.750099 -2.655815 29.391500
v 13.107600 -1.519715 31.255400
v 15.396000 -1.482005 31.325899
v 24.588699 -3.113844 24.664200
v 31.560600 -3.101424 22.058500
v 33.561501 -2.553963 19.419100
v 35.140598 -1.167713 16.833200
v 36.670601 0.149190 14.247300
v 38.115501 1.361908 11.631000
v 39.466000 2.622288 9.001810
v 26.898199 -2.929134 24.586000
v 29.247700 -2.870824 24.548401
v 40.334599 4.145379 6.344901
v 40.518398 5.935019 3.685411
v 40.687698 5.452780 1.432361
v 40.423801 7.452640 -1.201239
v 39.806900 9.386091 -3.773869
v 37.181499 15.622602 -8.860547
v 39.563801 15.906502 -11.243897
v 37.354401 13.432601 -6.333588
v 38.846600 11.580201 -4.035328
v -22.149401 17.298901 3.916383
v -23.274599 14.789699 6.126322
v -24.798500 12.873899 8.610872
v -25.284500 10.624298 11.008002
v -25.605801 8.328979 13.362801
v -25.841200 6.098078 15.740701
v -25.147100 4.059167 18.076700
v -23.187099 2.610347 20.135099
v -22.219500 2.308636 22.203100
v -20.266001 1.394946 24.315300
v -29.518400 19.270800 0.274451
v -24.983200 20.817600 1.923163
v -27.387600 20.536301 2.138953
v -22.845301 19.513399 4.135883
v -18.470600 1.437416 26.827700
v -5.012880 -3.999004 22.867300
v -7.351100 -3.049354 25.076500
v -9.702040 -1.746614 27.088400
v -14.232700 0.396914 28.272800
v -11.989600 -0.028860 28.647400
v -0.441973 -4.385234 22.792801
v 1.798500 -4.025904 25.011200
v 4.038740 -3.487864 27.117100
v 6.292900 -2.604905 29.128401
v 10.829700 -1.489765 31.174200
v 8.545430 -1.367315 31.046900
v -2.720920 -4.172514 22.823200
v 22.298599 -2.823254 27.017500
v 20.014299 -2.359195 29.325800
v 17.671499 -1.379455 31.357300
v 13.050200 0.221396 32.808998
v 15.313600 0.215016 32.935001
v 24.559200 -2.478664 26.912600
v 31.629101 -2.766604 24.521999
v 33.926800 -2.783164 21.879000
v 35.570000 -1.440193 19.180300
v 36.979000 0.087534 16.559700
v 38.227600 1.622708 13.906400
v 39.388401 3.099208 11.255801
v 40.190601 4.708929 8.584671
v 26.859301 -2.303694 26.859699
v 29.186199 -2.193994 26.853500
v 40.351700 6.451949 5.921871
v 40.175598 8.264899 3.291842
v 40.330399 7.817420 1.048211
v 39.805000 9.714300 -1.524048
v 37.489101 15.857800 -6.511067
v 39.467400 16.603302 -9.055997
v 41.816601 15.505702 -11.195797
v 41.833199 15.067002 -13.443097
v 37.771301 13.662101 -4.174578
v 38.835800 11.810600 -1.781488
v -22.345200 16.869698 6.185313
v -23.303200 14.526699 8.444262
v -24.671700 12.794198 10.927802
v -25.160700 10.580598 13.314802
v -25.581600 8.414658 15.702201
v -25.605600 6.237407 18.083002
v -24.585100 4.215466 20.286600
v -21.905300 2.721646 24.189301
v -20.314501 2.284176 26.017500
v -29.424500 19.391800 2.328683
v -27.421301 20.398800 4.414523
v -24.988600 20.499100 4.293704
v -23.054899 18.901197 6.388683
v -18.536501 2.966546 28.367800
v -16.401501 2.454805 29.100100
v -5.052560 -3.215704 25.081200
v -7.381600 -1.990354 27.151699
v -9.698350 -0.352224 28.895201
v -11.957300 1.646175 30.162701
v -14.206500 2.004255 29.722601
v -0.477725 -3.697614 25.026699
v 1.762750 -3.182694 27.086399
v 4.014770 -2.373505 29.008301
v 6.270430 -1.196165 30.873899
v 8.527350 0.387480 32.538502
v 10.790200 0.284687 32.682899
v -2.755910 -3.433824 25.039200
v 22.232800 -1.950455 29.174999
v 19.924400 -1.163155 31.333000
v 17.575800 0.281730 33.017899
v 13.003600 2.135454 34.181000
v 15.234900 2.105555 34.333599
v 24.475300 -1.612755 29.080900
v 31.523100 -1.941974 26.829000
v 33.962299 -2.277094 24.384899
v 35.951500 -1.530104 21.612200
v 37.330399 0.020188 18.888500
v 38.478500 1.718687 16.203800
v 39.417599 3.429548 13.512701
v 40.122101 5.149578 10.841201
v 40.252701 6.966249 8.169611
v 26.739700 -1.381505 29.031799
v 29.025499 -1.160505 29.019100
v 40.057400 8.771179 5.540611
v 39.511002 10.516899 2.980712
v 39.674099 10.076100 0.734742
v 39.748600 16.811502 -6.738407
v 38.136799 15.801901 -4.304188
v 41.817600 15.958702 -9.010508
v 37.802200 13.903600 -1.990708
v 38.624298 12.128100 0.456681
v -22.422400 16.496899 8.406632
v -23.174801 14.434999 10.722102
v -24.335501 12.713099 13.210202
v -25.048599 10.700597 15.624002
v -25.428801 8.563927 18.039001
v -25.211000 6.327116 20.399202
v -23.981400 4.196676 22.408100
v -23.260300 4.207326 24.419701
v -20.492500 3.578595 27.418800
v -29.370100 19.127399 4.409843
v -27.407900 19.601599 6.561323
v -25.124901 19.658598 6.458213
v -23.259300 18.402798 8.551233
v -18.499901 4.887745 29.325800
v -16.375000 4.422725 30.205999
v -5.081650 -2.174745 27.199301
v -7.389380 -0.574715 29.029400
v -9.683080 1.338115 30.499399
v -14.155500 4.010265 30.852301
v -11.905300 3.653935 31.337601
v -0.513684 -2.779984 27.164600
v 1.740490 -2.067985 28.917299
v 4.003240 -0.997559 30.656000
v 6.265950 0.509405 32.365200
v 8.514930 2.270684 33.884998
v 10.764200 2.193074 34.031898
v -2.794880 -2.439354 27.219400
v 22.138100 -0.802324 31.213200
v 19.813101 0.461025 33.023499
v 17.469900 2.161824 34.424400
v 12.977200 4.209584 35.260300
v 15.160000 4.204754 35.364899
v 24.337601 -0.444527 31.105301
v 33.818199 -1.387634 26.772600
v 31.306400 -0.842263 29.023199
v 36.041199 -1.111584 24.081699
v 37.583500 0.187512 21.255699
v 38.769798 1.802717 18.507700
v 39.603802 3.628437 15.807101
v 40.151402 5.489278 13.087501
v 40.216202 7.389228 10.417401
v 39.995399 9.277379 7.790092
v 26.530500 -0.115055 31.001699
v 28.756800 0.209487 30.967699
v 39.406601 11.079799 5.232262
v 38.308601 12.511600 2.713152
v 40.092300 16.559401 -4.447667
v 42.031502 16.117903 -6.825657
v 38.367401 15.975800 -2.128067
v 37.678600 14.185100 0.215135
v -22.300699 16.400799 10.591103
v -22.845100 14.415698 12.949602
v -24.084999 12.814997 15.458502
v -24.926100 10.907997 17.925503
v -25.082600 8.680807 20.349503
v -24.578501 6.331576 22.690601
v -22.080900 4.020166 26.104000
v -23.569599 6.195856 24.876802
v -20.479900 5.414895 28.224501
v -29.355900 18.531498 6.485743
v -27.405600 18.865398 8.721843
v -25.253401 18.965097 8.657033
v -23.140699 18.252499 10.681503
v -16.256201 6.644605 30.818502
v -18.297001 7.091185 29.712002
v -5.101040 -0.769737 29.183500
v -7.394000 1.108475 30.739599
v -9.631750 3.341005 31.743000
v -14.080600 6.213765 31.661701
v -11.816300 5.838435 32.236301
v -0.541032 -1.387095 29.320801
v 1.735360 -0.810440 30.435801
v 4.003510 0.648061 32.134102
v 6.260980 2.389154 33.695000
v 8.524970 4.351584 34.926800
v 10.764600 4.269674 35.104099
v -2.818410 -1.004865 29.309999
v 21.994499 0.730323 32.965500
v 19.704500 2.337664 34.414700
v 17.344500 4.263014 35.411701
v 12.980300 6.474974 35.885899
v 15.062300 6.464604 35.983898
v 24.131901 1.048865 32.885601
v 35.721699 -0.115022 26.377199
v 33.386101 -0.005165 28.802299
v 30.923800 0.750873 30.848000
v 37.610500 0.661041 23.596300
v 38.970501 2.034107 20.840200
v 39.778198 3.832017 18.084101
v 40.230598 5.752448 15.372501
v 40.229599 7.725628 12.669901
v 39.966301 9.689698 10.034402
v 39.345402 11.598499 7.470492
v 26.234900 1.428485 32.761799
v 28.382299 1.871225 32.658901
v 38.035999 13.013499 4.977412
v 37.316200 14.599900 2.419002
v 40.348801 16.483000 -2.144867
v 42.249401 15.916601 -4.507418
v 38.346500 16.233000 0.032015
v -21.878599 16.444199 12.710303
v -22.391399 14.467397 15.161002
v -23.847500 13.074497 17.691202
v -24.566900 11.071597 20.190002
v -24.381901 8.657606 22.627802
v -22.207500 5.894126 26.733702
v -23.313000 8.370786 24.826801
v -20.206301 7.543045 28.383202
v -29.454000 18.041998 8.696903
v -27.372999 18.472399 11.001603
v -25.190201 18.765398 10.859803
v -22.816900 18.416698 12.772503
v -18.031200 9.341705 29.795403
v -16.019501 8.932836 31.050802
v -5.100530 0.930124 30.954000
v -7.348650 3.106625 32.064400
v -9.548930 5.510015 32.698299
v -13.870200 8.517035 32.005501
v -11.649200 8.137935 32.717098
v -0.540730 -0.320505 30.437700
v 1.735390 0.735753 31.886801
v 4.004000 2.512604 33.468300
v 6.275920 4.469884 34.719200
v 8.570470 6.587134 35.588001
v 10.811100 6.510984 35.757198
v 21.894300 2.569415 34.368099
v 19.568501 4.427544 35.383301
v 17.146500 6.505085 36.020401
v 16.406200 8.794944 36.433701
v 13.196700 8.804214 36.333599
v 23.839300 2.886674 34.243000
v 37.291901 1.554526 25.833599
v 35.177200 1.211625 28.390499
v 32.896000 1.625205 30.581900
v 30.516001 2.582325 32.425900
v 38.958099 2.546886 23.121201
v 39.897999 4.126747 20.358200
v 40.285599 6.008637 17.634901
v 40.262199 7.996998 14.940901
v 39.967098 9.999418 12.283302
v 39.341900 11.974098 9.715322
v 37.843899 13.497499 7.246382
v 27.812599 3.826514 33.895302
v 25.713699 3.282135 34.082001
v 36.987202 15.187799 4.689753
v 38.088200 16.730101 2.216863
v 42.358398 15.617900 -2.115937
v 40.369301 16.617201 0.122414
v -21.293600 16.574299 14.856803
v -21.956499 14.649997 17.352802
v -23.401400 13.253997 19.846601
v -23.898399 11.097596 22.409403
v -21.890900 7.958566 26.736801
v -22.922800 10.752397 24.595602
v -19.914301 9.701156 28.340101
v -29.495701 17.719599 11.074203
v -27.166901 18.345398 13.258802
v -24.976299 18.751398 13.062303
v -22.362700 18.609098 14.919203
v -15.659900 11.247396 30.883701
v -17.620001 11.548495 29.569601
v -2.816910 0.774555 31.189501
v -5.062940 2.920395 32.330399
v -7.272230 5.275005 33.062801
v -9.401920 7.804885 33.288200
v -13.539800 10.854896 31.904902
v -11.358100 10.479195 32.732101
v -0.540428 0.746088 31.554600
v 1.747140 2.624924 33.191399
v 4.021850 4.585244 34.507000
v 6.321090 6.696864 35.399899
v 8.657070 8.891954 36.009399
v 10.914600 8.828044 36.195400
v 21.878901 4.711824 35.268200
v 19.367100 6.635014 35.995201
v 13.488800 11.186395 36.451000
v 16.232800 11.097594 36.405201
v 24.729900 5.215944 35.061298
v 38.652802 3.356696 25.291500
v 36.787701 2.668426 27.898899
v 34.556999 2.674105 30.205700
v 32.625900 3.515845 32.132999
v 29.965300 4.573954 33.697701
v 39.869701 4.609896 22.589100
v 40.283600 6.322387 19.876701
v 40.294899 8.252987 17.207003
v 39.968899 10.231098 14.583802
v 39.299702 12.222598 11.992502
v 37.807999 13.855898 9.523322
v 36.778500 15.780799 7.008072
v 27.132000 5.856464 34.902199
v 37.967602 17.310600 4.465673
v 40.280998 16.936800 2.362883
v 42.342400 15.612500 0.260788
v -20.782200 16.864597 17.100302
v -21.457500 14.885497 19.526302
v -22.729099 13.334696 21.802702
v -21.594900 10.104995 26.620703
v -21.794201 13.527697 23.776102
v -19.506800 11.840796 28.112501
v -29.271799 17.495598 13.401303
v -26.849600 18.209799 15.462502
v -24.649599 18.813198 15.227403
v -22.020100 18.838697 17.189703
v -16.874701 13.537695 28.780703
v -15.016200 13.346295 30.150002
v -2.781910 2.809115 32.602600
v -4.991030 5.094405 33.375301
v -7.137570 7.547824 33.718800
v -9.142610 10.154695 33.408901
v -13.028500 13.062495 31.320803
v -10.942800 12.740594 32.366703
v -0.512893 2.713695 32.896000
v 1.774980 4.710034 34.241798
v 4.071620 6.819654 35.192402
v 6.386540 8.978964 35.837502
v 8.770090 11.221495 36.039700
v 11.056700 11.197294 36.285702
v 21.688299 6.854754 35.924702
v 19.080200 8.871385 36.429501
v 13.609300 13.127995 35.115902
v 16.044300 13.149294 35.277103
v 18.750000 11.114494 36.380100
v 24.140400 7.233264 35.783600
v 38.232300 4.313035 27.359100
v 39.674198 5.318616 24.714199
v 36.178799 3.904625 29.821400
v 33.997898 4.385465 31.839001
v 32.197601 5.523855 33.445099
v 29.298800 6.617994 34.760101
v 40.214699 6.801036 22.056602
v 40.298302 8.546007 19.445803
v 39.919998 10.448497 16.859001
v 39.101002 12.317198 14.308602
v 37.793900 13.988498 11.795702
v 36.781799 16.167099 9.397693
v 37.914700 17.905197 6.821683
v 26.495899 7.789845 35.662399
v 40.231201 17.354700 4.598463
v 42.218201 15.799000 2.543823
v -20.387699 17.206495 19.422201
v -20.907600 14.995397 20.985903
v -21.248199 12.014495 26.402302
v -20.357700 15.105196 22.445602
v -20.370899 13.755696 25.615702
v -18.642700 13.652195 27.257902
v -24.395700 18.941498 17.408903
v -26.627600 18.284697 17.610004
v -21.844200 19.180897 19.614204
v -15.774000 15.090796 27.445202
v -14.044700 15.064495 28.825102
v -2.723500 4.969205 33.654499
v -4.882390 7.353094 34.092499
v -6.919070 9.873815 33.953899
v -8.749960 12.446895 33.151005
v -12.242600 14.898095 30.160501
v -10.351500 14.728895 31.463001
v -0.472862 4.845824 33.950699
v 1.829350 6.941344 34.973202
v 4.132850 9.112544 35.671600
v 6.485990 11.298494 35.857899
v 8.921840 13.084595 34.809505
v 11.240200 13.084194 34.960003
v 21.398800 9.020844 36.343399
v 13.675100 14.615794 33.263203
v 16.021000 14.704294 33.445602
v 18.445999 13.206294 35.489204
v 21.077499 11.205194 36.276798
v 23.730700 9.191195 36.227901
v 37.669201 5.419265 29.301701
v 39.288300 6.208066 26.688202
v 40.084301 7.435206 24.101501
v 35.369900 5.255075 31.545000
v 31.495199 7.531784 34.533501
v 28.666401 8.748034 35.595001
v 40.250000 8.958336 21.640501
v 39.791901 10.691298 19.106503
v 38.882301 12.410697 16.592201
v 37.671501 14.033798 14.090102
v 37.138302 16.185398 11.751503
v 38.142700 18.127499 9.302873
v 40.287498 17.789497 6.855553
v 26.086000 9.342235 35.995602
v 42.189999 16.186701 4.752473
v -19.120100 15.195096 24.388903
v -17.457399 15.063296 25.969702
v -24.423500 19.237196 19.634304
v -26.649700 18.527096 19.717903
v -14.677200 16.683096 26.108603
v -12.959700 16.725595 27.435303
v -2.641650 7.206554 34.426899
v -4.714220 9.684634 34.447701
v -6.545300 12.182795 33.748302
v -8.177070 14.488995 32.303604
v -9.602860 16.449594 30.256002
v -11.261600 16.598896 28.794601
v -0.410160 7.078394 34.718700
v 1.882940 9.258904 35.460602
v 4.209030 11.475394 35.782398
v 6.618780 13.230294 34.762505
v 9.017640 14.603194 33.203205
v 11.336300 14.553394 33.211105
v 13.708600 16.416094 31.743101
v 16.089001 16.499895 31.895903
v 18.318399 14.811094 33.860703
v 20.792101 13.295794 35.630203
v 23.380600 11.275495 36.058701
v 36.841499 6.768055 30.934902
v 38.701099 7.256025 28.564302
v 39.839401 8.255696 25.941902
v 40.149399 9.496826 23.803902
v 33.547401 8.665534 34.078098
v 34.371799 6.802385 32.968899
v 30.788099 9.667604 35.286999
v 27.972700 11.352294 35.750702
v 39.727501 11.044896 21.326002
v 38.675098 12.574597 18.856102
v 37.510799 14.149597 16.385002
v 37.314602 16.252197 14.054603
v 38.542801 17.800499 11.680003
v 40.496899 17.928999 9.146213
v 42.351101 16.694399 6.895393
v 25.673000 11.280194 35.894798
v 44.051102 14.864100 4.900942
v 44.081402 14.523200 2.707202
v -19.598900 17.367296 21.685902
v -18.146299 16.941196 23.357101
v -16.422701 16.614897 24.791002
v -24.810301 19.426395 21.819304
v -22.606001 19.515196 22.150303
v -14.067600 18.716995 25.229103
v -12.195000 18.927795 26.655704
v -2.537470 9.527704 34.939098
v -4.437490 12.007295 34.332104
v -5.959040 14.225194 32.845703
v -7.455670 16.201794 30.990103
v -10.581200 18.788996 28.343004
v -9.247100 18.635593 30.120604
v -0.342905 9.399024 35.257301
v 1.950670 11.631294 35.574299
v 4.333960 13.419194 34.668705
v 6.700290 14.742894 33.139004
v 9.018270 16.411495 31.996601
v 11.338600 16.313395 31.902102
v 16.032801 18.866194 32.177105
v 13.593200 18.677595 32.045105
v 18.365400 16.636494 32.494205
v 20.674801 14.897695 34.176804
v 23.086700 13.339794 35.526302
v 35.962799 8.278375 32.360401
v 37.983002 8.445035 30.311302
v 39.455898 9.221075 27.747402
v 40.025299 10.042596 25.060202
v 39.584702 11.405096 23.676302
v 32.816700 10.711194 34.921200
v 35.289600 9.943005 33.554401
v 30.104000 12.053794 35.506203
v 38.459400 12.755796 21.122702
v 37.361801 14.327797 18.670702
v 37.475601 16.274597 16.317701
v 39.035999 17.444998 13.942603
v 40.810699 17.792198 11.458103
v 42.595798 16.938799 9.036313
v 25.318001 13.406895 35.381306
v -16.082001 18.506596 24.173904
v -14.821800 20.502497 26.221804
v -12.973700 20.694696 27.783203
v -2.393760 11.928094 34.959103
v -3.868820 14.003194 33.253902
v -5.216360 15.878995 31.320301
v -7.202310 18.532494 30.830605
v -11.297000 20.304794 29.455605
v -9.817920 19.161394 31.222904
v -0.266478 11.807394 35.365505
v 2.065530 13.568694 34.434105
v 4.420910 14.936194 32.977406
v 6.754610 16.674395 32.015102
v 8.976730 18.436995 32.516804
v 11.258500 18.468994 32.214806
v 18.342300 18.736294 32.788704
v 13.481600 19.254194 34.267204
v 15.691200 19.382994 34.410706
v 20.636400 16.658894 33.029305
v 22.956301 14.982695 34.225105
v 37.283199 9.808955 31.797503
v 38.815601 10.287095 29.581602
v 39.409500 11.559196 26.576902
v 38.350700 13.044497 23.467001
v 32.163101 12.944994 35.282005
v 34.716000 11.879094 34.367603
v 37.536301 11.490195 31.865902
v 27.522800 13.598294 35.313602
v 29.662399 14.913095 34.876705
v 37.183701 14.558796 20.976501
v 37.556000 16.384195 18.559801
v 39.307598 17.453598 16.199602
v 41.166000 17.477198 13.741603
v 42.866402 16.798098 11.246202
v 25.209101 15.081894 34.268604
v -18.447500 18.278795 23.726303
v -16.824400 20.041595 25.148005
v -21.655199 19.400196 25.227903
v -20.676100 19.409796 22.972504
v -23.540501 19.456495 24.463203
v -16.045200 20.161695 28.237604
v -14.311800 20.370094 29.639904
v -2.129570 13.860495 33.647102
v -2.691080 15.599895 31.746502
v -4.859340 17.911594 30.535404
v -10.388700 19.687294 32.325203
v -12.510900 20.351494 31.138403
v -0.155215 13.730994 34.079205
v 2.157800 15.179094 32.746304
v 4.513870 16.917795 31.873701
v 6.732340 18.606094 32.735004
v 11.255200 19.048395 34.407803
v 8.980910 18.948895 34.627304
v 17.870300 19.225395 34.895103
v 20.494101 18.591993 33.481903
v 13.354900 18.396395 36.483105
v 15.386600 18.516495 36.590904
v 22.909800 16.821995 33.263702
v 38.990101 12.315995 28.746601
v 38.573700 13.640896 25.806803
v 37.245098 14.852896 23.326702
v 34.044601 14.075894 34.824005
v 31.762501 15.417494 35.185204
v 36.071499 13.062894 33.575203
v 37.727901 16.584097 20.818302
v 39.524601 17.385197 18.419502
v 41.511501 17.350998 16.021801
v 43.237400 16.612898 13.510103
v 25.200199 17.056194 33.366005
v 27.422899 15.285995 34.437103
v -18.748800 19.616497 24.095505
v -17.869600 19.796097 27.124205
v -19.763800 19.450596 26.128103
v -17.052299 19.141495 30.080004
v -15.434500 19.360594 31.373804
v -2.425620 17.767895 30.698404
v -7.483580 18.877193 32.071003
v -4.885070 19.539295 31.594805
v -7.764860 19.221895 33.311405
v -0.108174 15.386495 32.363403
v 2.263670 17.149294 31.611202
v 4.491380 18.733194 32.701702
v 6.682720 18.915094 34.832905
v 11.247700 18.261993 36.543503
v 17.438700 18.444094 37.031204
v 20.060301 19.023094 35.458004
v 22.714001 18.739695 33.815105
v 38.404999 13.352895 30.804302
v 38.963799 14.535795 28.001902
v 37.913502 15.606496 25.475101
v 38.026199 16.686895 23.038801
v 33.618000 16.205194 35.572903
v 29.606199 17.328295 34.543205
v 31.528500 18.032995 36.044106
v 37.171501 14.473495 32.677505
v 39.752499 17.438496 20.613503
v 41.751301 17.216696 18.257902
v 24.955400 18.988695 34.262703
v 27.410601 17.199694 33.951405
v -18.810699 18.851397 28.978804
v -22.540199 18.530895 27.194103
v -20.630400 18.481697 27.982803
v -13.717100 19.526693 32.798702
v -2.482170 19.835693 31.775105
v -0.054741 17.475895 31.266102
v -5.108970 19.565594 33.780502
v 2.230190 18.952795 32.533405
v 4.333590 18.871294 34.917103
v 19.601900 18.279894 37.493504
v 22.272600 19.121494 35.884304
v 38.899700 15.421395 30.191202
v 38.905499 16.979597 27.377602
v 38.490601 16.911695 25.191702
v 39.987400 17.435396 22.740202
v 33.377399 17.671894 37.433903
v 37.780300 16.446795 31.977102
v 41.990200 17.141796 20.406002
v 24.437500 19.334894 36.377804
v 27.156601 18.920395 35.007904
v -0.072486 19.483194 32.211502
v -2.782960 19.863794 34.113003
v 1.933390 18.923094 34.770905
v 21.786900 18.343195 37.935802
v 39.069500 17.580894 29.448503
v 40.343800 17.671597 24.822205
v 42.196301 17.012297 22.554502
v 30.643999 18.772594 38.527103
v 32.594398 18.286995 39.477802
v 29.312000 18.769794 35.767303
v 35.843601 15.711494 34.272003
v 37.209599 17.349394 33.951805
v 38.435799 18.634394 31.410404
v 23.881800 18.626694 38.471504
v 26.567499 19.243994 37.018803
v -0.395467 19.482594 34.498604
v 40.700199 18.212597 26.950903
v 40.786900 18.874296 29.190205
v 42.463600 17.045897 24.708801
v 28.639200 19.068995 37.727905
v 38.673500 18.893293 33.753105
v 40.629398 19.346695 31.468204
v 25.925501 18.686094 39.080402
v 27.865801 18.577795 39.770805
v 29.727600 18.285595 40.562504
v 40.768799 19.174494 33.662304
vt 0.977897 0.462999
vt 0.977897 0.449885
vt 0.989169 0.449833
vt 0.987496 0.462884
vt 0.988780 0.583894
vt 0.979757 0.584005
vt 0.978206 0.570795
vt 0.989403 0.570795
vt 0.951175 0.095265
vt 0.951175 0.082294
vt 0.963080 0.082966
vt 0.962432 0.095858
vt 0.859662 0.016491
vt 0.860493 0.003359
vt 0.872336 0.003087
vt 0.872336 0.016143
vt 0.497874 0.348506
vt 0.510538 0.347885
vt 0.510538 0.360953
vt 0.496963 0.361775
vt 0.151102 0.192660
vt 0.151102 0.207769
vt 0.138718 0.201253
vt 0.143065 0.188556
vt 0.858544 0.179191
vt 0.870770 0.179191
vt 0.871336 0.192480
vt 0.858829 0.192332
vt 0.840973 0.469939
vt 0.853035 0.471142
vt 0.852134 0.484081
vt 0.840973 0.483177
vt 0.904998 0.728481
vt 0.917476 0.728738
vt 0.917589 0.741739
vt 0.905665 0.741739
vt 0.948642 0.135290
vt 0.960987 0.135142
vt 0.960987 0.148247
vt 0.949140 0.148188
vt 0.508250 0.585111
vt 0.495009 0.584306
vt 0.495145 0.571251
vt 0.507896 0.571251
vt 0.587376 0.652438
vt 0.587665 0.665677
vt 0.574437 0.665502
vt 0.574110 0.652438
vt 0.547978 0.746451
vt 0.547617 0.759126
vt 0.534381 0.759313
vt 0.534381 0.746712
vt 0.242437 0.465775
vt 0.228913 0.466917
vt 0.228913 0.453780
vt 0.242894 0.453182
vt 0.568524 0.586121
vt 0.555218 0.585186
vt 0.554808 0.572756
vt 0.567316 0.572756
vt 0.914853 0.422513
vt 0.914868 0.409289
vt 0.927073 0.409654
vt 0.927073 0.422891
vt 0.359093 0.342591
vt 0.358637 0.329757
vt 0.374108 0.329757
vt 0.372906 0.342845
vt 0.733396 0.821944
vt 0.732738 0.808473
vt 0.745206 0.808674
vt 0.745518 0.821944
vt 0.293653 0.879721
vt 0.306496 0.879906
vt 0.306759 0.892612
vt 0.294277 0.892612
vt 0.927793 0.709414
vt 0.940791 0.709062
vt 0.940747 0.721632
vt 0.927793 0.721760
vt 0.566543 0.788519
vt 0.566699 0.802103
vt 0.553956 0.801624
vt 0.554096 0.788519
vt 0.038045 0.244224
vt 0.039490 0.259811
vt 0.025830 0.258073
vt 0.025196 0.244224
vt 0.442346 0.305275
vt 0.456116 0.305275
vt 0.456623 0.318779
vt 0.443681 0.318450
vt 0.349154 0.838255
vt 0.349247 0.851096
vt 0.336370 0.850927
vt 0.335925 0.838255
vt 0.977133 0.760871
vt 0.963903 0.760254
vt 0.963909 0.749500
vt 0.977133 0.748906
vt 0.614102 0.761882
vt 0.613963 0.749769
vt 0.627272 0.748876
vt 0.627272 0.762013
vt 0.315049 0.822666
vt 0.328857 0.822218
vt 0.328374 0.834646
vt 0.315049 0.834570
vt 0.040636 0.279208
vt 0.025196 0.280190
vt 0.029036 0.266532
vt 0.040636 0.265984
vt 0.824027 0.821329
vt 0.811816 0.821329
vt 0.811398 0.807704
vt 0.823928 0.807842
vt 0.017700 0.366674
vt 0.004393 0.366479
vt 0.003087 0.353895
vt 0.018970 0.353895
vt 0.730927 0.326938
vt 0.743771 0.327459
vt 0.744018 0.340362
vt 0.731548 0.340362
vt 0.003087 0.915622
vt 0.015839 0.915438
vt 0.015452 0.928476
vt 0.003087 0.928467
vt 0.953097 0.629977
vt 0.953087 0.642643
vt 0.940517 0.642643
vt 0.940263 0.629938
vt 0.844120 0.934440
vt 0.831034 0.934440
vt 0.831146 0.921993
vt 0.844099 0.921805
vt 0.497352 0.149912
vt 0.484557 0.148725
vt 0.484768 0.135142
vt 0.496923 0.135142
vt 0.054225 0.101272
vt 0.073102 0.103292
vt 0.073660 0.116033
vt 0.059435 0.116033
vt 0.408193 0.484621
vt 0.395584 0.484621
vt 0.394004 0.471199
vt 0.408228 0.471430
vt 0.392106 0.801195
vt 0.405052 0.801195
vt 0.405327 0.814260
vt 0.393204 0.813990
vt 0.760276 0.256045
vt 0.760010 0.244083
vt 0.772887 0.244083
vt 0.773588 0.256923
vt 0.172570 0.962196
vt 0.159255 0.961151
vt 0.159327 0.950248
vt 0.172570 0.950053
vt 0.963614 0.779153
vt 0.963414 0.770936
vt 0.976503 0.768439
vt 0.976503 0.780552
vt 0.291138 0.084518
vt 0.304119 0.082294
vt 0.304119 0.098430
vt 0.290972 0.097284
vt 0.534675 0.546012
vt 0.535682 0.534150
vt 0.547934 0.532000
vt 0.547934 0.544861
vt 0.902574 0.649921
vt 0.914823 0.649921
vt 0.914506 0.663549
vt 0.902894 0.663517
vt 0.718456 0.003362
vt 0.718484 0.016800
vt 0.705954 0.016800
vt 0.705569 0.003087
vt 0.004495 0.840288
vt 0.015947 0.839570
vt 0.015947 0.852272
vt 0.003087 0.852861
vt 0.136104 0.250674
vt 0.135430 0.237673
vt 0.147798 0.237673
vt 0.151974 0.251305
vt 0.769611 0.572311
vt 0.782753 0.571938
vt 0.782363 0.585007
vt 0.769611 0.585166
vt 0.948412 0.003087
vt 0.948295 0.016053
vt 0.936170 0.016127
vt 0.935833 0.003087
vt 0.965390 0.070793
vt 0.953040 0.070692
vt 0.952919 0.057858
vt 0.965284 0.057858
vt 0.937649 0.768439
vt 0.937840 0.781243
vt 0.924940 0.781074
vt 0.924982 0.768439
vt 0.262842 0.895371
vt 0.263127 0.907924
vt 0.250046 0.907523
vt 0.249755 0.895371
vt 0.249865 0.678961
vt 0.249755 0.664184
vt 0.261832 0.664184
vt 0.260663 0.677219
vt 0.228473 0.149273
vt 0.237115 0.142569
vt 0.246420 0.137445
vt 0.247459 0.149273
vt 0.336354 0.472374
vt 0.350492 0.472040
vt 0.350492 0.485527
vt 0.336982 0.485112
vt 0.915299 0.326938
vt 0.914521 0.340183
vt 0.903533 0.339978
vt 0.902690 0.326938
vt 0.567958 0.605778
vt 0.555375 0.605474
vt 0.554808 0.592295
vt 0.568324 0.592295
vt 0.703075 0.644661
vt 0.691322 0.642797
vt 0.691322 0.629938
vt 0.703353 0.631451
vt 0.293845 0.700658
vt 0.293653 0.688517
vt 0.306993 0.688517
vt 0.307597 0.701264
vt 0.241158 0.783547
vt 0.240745 0.795992
vt 0.227234 0.795983
vt 0.227803 0.783547
vt 0.870964 0.690970
vt 0.883894 0.690021
vt 0.883894 0.702788
vt 0.870682 0.702829
vt 0.680461 0.071139
vt 0.680685 0.058207
vt 0.693877 0.057858
vt 0.693877 0.071115
vt 0.081055 0.748218
vt 0.081055 0.735468
vt 0.094768 0.735864
vt 0.094819 0.748113
vt 0.744821 0.905325
vt 0.744194 0.918912
vt 0.733106 0.918790
vt 0.732548 0.905325
vt 0.640406 0.318304
vt 0.640406 0.305414
vt 0.654097 0.305275
vt 0.653554 0.318436
vt 0.330201 0.343640
vt 0.316261 0.344932
vt 0.319137 0.332560
vt 0.330201 0.330111
vt 0.406411 0.522784
vt 0.393543 0.523160
vt 0.393543 0.509976
vt 0.407613 0.509822
vt 0.725685 0.471202
vt 0.738574 0.471107
vt 0.738052 0.484573
vt 0.725685 0.484771
vt 0.850903 0.244083
vt 0.850656 0.257177
vt 0.838078 0.257155
vt 0.837834 0.244083
vt 0.939396 0.649921
vt 0.951339 0.649921
vt 0.952010 0.662870
vt 0.939454 0.662726
vt 0.940576 0.462768
vt 0.940576 0.449833
vt 0.952690 0.450369
vt 0.952628 0.463280
vt 0.839204 0.650963
vt 0.840110 0.663889
vt 0.827300 0.663762
vt 0.826854 0.650964
vt 0.856456 0.285509
vt 0.869358 0.285509
vt 0.869751 0.298306
vt 0.856844 0.298059
vt 0.094595 0.842725
vt 0.081591 0.842142
vt 0.081055 0.830076
vt 0.094142 0.830076
vt 0.849117 0.821305
vt 0.849117 0.808217
vt 0.861634 0.807704
vt 0.859697 0.820360
vt 0.356995 0.545585
vt 0.357634 0.533728
vt 0.370807 0.532448
vt 0.371137 0.545585
vt 0.182619 0.527549
vt 0.195740 0.527549
vt 0.196463 0.541017
vt 0.183782 0.540985
vt 0.846929 0.135142
vt 0.846350 0.148733
vt 0.834342 0.148447
vt 0.834342 0.135180
vt 0.987370 0.741759
vt 0.980865 0.741548
vt 0.978906 0.728481
vt 0.989895 0.728481
vt 0.664675 0.605893
vt 0.652318 0.605636
vt 0.651592 0.592167
vt 0.664273 0.592167
vt 0.326949 0.371946
vt 0.330150 0.385252
vt 0.316033 0.384669
vt 0.315049 0.371946
vt 0.601108 0.135883
vt 0.614853 0.135142
vt 0.614853 0.147868
vt 0.601065 0.148335
vt 0.182300 0.178741
vt 0.184624 0.164202
vt 0.198103 0.163254
vt 0.198103 0.175507
vt 0.016510 0.590808
vt 0.016871 0.603252
vt 0.003548 0.603252
vt 0.003087 0.590003
vt 0.349367 0.639811
vt 0.335925 0.640325
vt 0.336193 0.627895
vt 0.349367 0.626877
vt 0.684760 0.612721
vt 0.684868 0.624583
vt 0.670849 0.624583
vt 0.672934 0.611882
vt 0.205305 0.494204
vt 0.206372 0.481482
vt 0.219789 0.481482
vt 0.218626 0.494560
vt 0.596176 0.299039
vt 0.582552 0.299039
vt 0.582543 0.285665
vt 0.596221 0.286290
vt 0.494643 0.670712
vt 0.508390 0.671412
vt 0.508405 0.683685
vt 0.494777 0.683685
vt 0.589050 0.361274
vt 0.575982 0.361087
vt 0.575982 0.347915
vt 0.589661 0.347885
vt 0.176036 0.226790
vt 0.176236 0.240227
vt 0.159255 0.240227
vt 0.162047 0.227342
vt 0.081055 0.254342
vt 0.082343 0.240875
vt 0.095238 0.238496
vt 0.095238 0.252391
vt 0.295078 0.183609
vt 0.308648 0.183609
vt 0.310244 0.197589
vt 0.296307 0.196647
vt 0.308870 0.527035
vt 0.295286 0.527035
vt 0.294705 0.513831
vt 0.308330 0.514157
vt 0.797113 0.125976
vt 0.783972 0.125791
vt 0.783851 0.112899
vt 0.796407 0.112899
vt 0.973313 0.562860
vt 0.973322 0.550035
vt 0.984289 0.550035
vt 0.985255 0.562909
vt 0.003087 0.877609
vt 0.015552 0.877615
vt 0.016305 0.890398
vt 0.003347 0.890398
vt 0.230911 0.286810
vt 0.242682 0.289448
vt 0.242682 0.302690
vt 0.229249 0.299661
vt 0.348736 0.742608
vt 0.349525 0.755495
vt 0.336464 0.755399
vt 0.335925 0.742608
vt 0.843461 0.213488
vt 0.843222 0.200833
vt 0.856131 0.200833
vt 0.856538 0.213655
vt 0.306670 0.669403
vt 0.307452 0.682343
vt 0.294143 0.681921
vt 0.293653 0.669403
vt 0.616305 0.071307
vt 0.603073 0.071569
vt 0.603073 0.058766
vt 0.616336 0.057858
vt 0.540280 0.156493
vt 0.553594 0.156493
vt 0.554174 0.169828
vt 0.541055 0.169611
vt 0.353046 0.238108
vt 0.339561 0.238108
vt 0.337666 0.224755
vt 0.350033 0.224818
vt 0.815641 0.113308
vt 0.815572 0.126854
vt 0.803287 0.126503
vt 0.803287 0.112899
vt 0.053354 0.599286
vt 0.054308 0.585804
vt 0.066303 0.585169
vt 0.066303 0.598631
vt 0.349091 0.217686
vt 0.335586 0.216975
vt 0.337252 0.204335
vt 0.350984 0.204335
vt 0.538033 0.057858
vt 0.538524 0.071979
vt 0.525344 0.071515
vt 0.525307 0.057858
vt 0.538113 0.279823
vt 0.537473 0.265754
vt 0.549722 0.266058
vt 0.550657 0.279823
vt 0.333075 0.083905
vt 0.346301 0.082294
vt 0.346420 0.097017
vt 0.332406 0.097017
vt 0.081055 0.386712
vt 0.097184 0.386712
vt 0.096756 0.398607
vt 0.084530 0.399011
vt 0.686783 0.742655
vt 0.673539 0.742970
vt 0.673539 0.730402
vt 0.686981 0.729890
vt 0.112496 0.690951
vt 0.126511 0.690625
vt 0.126284 0.703056
vt 0.112496 0.703300
vt 0.478803 0.328147
vt 0.492074 0.326938
vt 0.491751 0.340538
vt 0.478803 0.341225
vt 0.528413 0.451875
vt 0.528883 0.464840
vt 0.515344 0.464840
vt 0.514792 0.451568
vt 0.457462 0.023043
vt 0.457747 0.036697
vt 0.444071 0.036409
vt 0.443629 0.023043
vt 0.541770 0.003087
vt 0.542466 0.016472
vt 0.528543 0.016140
vt 0.528628 0.003087
vt 0.256024 0.003087
vt 0.270340 0.003250
vt 0.268466 0.016345
vt 0.253827 0.016345
vt 0.079225 0.007515
vt 0.095618 0.003087
vt 0.090613 0.018920
vt 0.079225 0.021485
vt 0.371950 0.267967
vt 0.372486 0.280305
vt 0.358370 0.280305
vt 0.356937 0.267271
vt 0.253952 0.301142
vt 0.252236 0.286755
vt 0.266094 0.287751
vt 0.267128 0.301142
vt 0.473337 0.156504
vt 0.474389 0.169557
vt 0.460730 0.169557
vt 0.459753 0.156493
vt 0.228913 0.473091
vt 0.242556 0.473092
vt 0.243359 0.486277
vt 0.229820 0.486277
vt 0.328945 0.680985
vt 0.315569 0.680830
vt 0.315049 0.668127
vt 0.328007 0.668127
vt 0.955163 0.523863
vt 0.955594 0.511004
vt 0.967082 0.511049
vt 0.967628 0.523863
vt 0.195687 0.704861
vt 0.196181 0.717643
vt 0.182844 0.717643
vt 0.182619 0.704579
vt 0.126266 0.498726
vt 0.127020 0.511684
vt 0.113372 0.511608
vt 0.112496 0.498726
vt 0.453804 0.814100
vt 0.453541 0.801275
vt 0.466601 0.801275
vt 0.466954 0.814148
vt 0.734264 0.368654
vt 0.747341 0.368654
vt 0.747718 0.381703
vt 0.734353 0.381617
vt 0.328378 0.547847
vt 0.328341 0.561458
vt 0.315049 0.561714
vt 0.315049 0.548398
vt 0.569544 0.347885
vt 0.569808 0.361346
vt 0.556494 0.361329
vt 0.556116 0.347885
vt 0.593774 0.169764
vt 0.581407 0.169764
vt 0.579981 0.156493
vt 0.592733 0.156676
vt 0.506976 0.082294
vt 0.519646 0.083714
vt 0.518589 0.097097
vt 0.506976 0.095840
vt 0.465950 0.684959
vt 0.466540 0.698656
vt 0.453541 0.698421
vt 0.453661 0.684959
vt 0.370540 0.205468
vt 0.371597 0.218391
vt 0.358116 0.218391
vt 0.357158 0.204335
vt 0.287012 0.204335
vt 0.287012 0.220526
vt 0.273617 0.219704
vt 0.273695 0.206691
vt 0.498412 0.265754
vt 0.511600 0.265754
vt 0.511758 0.279842
vt 0.498392 0.279276
vt 0.669713 0.126360
vt 0.669570 0.112899
vt 0.682114 0.112899
vt 0.682654 0.126545
vt 0.219383 0.732476
vt 0.219033 0.744946
vt 0.205305 0.744798
vt 0.205305 0.732896
vt 0.053354 0.256747
vt 0.053354 0.243143
vt 0.067119 0.240515
vt 0.066370 0.256621
vt 0.493931 0.985299
vt 0.494009 0.972778
vt 0.506241 0.972818
vt 0.506241 0.985199
vt 0.348956 0.385288
vt 0.336375 0.383034
vt 0.337923 0.369335
vt 0.346620 0.369335
vt 0.315049 0.757959
vt 0.315049 0.745093
vt 0.328292 0.744742
vt 0.328019 0.757818
vt 0.412657 0.785111
vt 0.426447 0.785089
vt 0.426447 0.797656
vt 0.412966 0.797624
vt 0.172478 0.522281
vt 0.159255 0.522802
vt 0.159527 0.509232
vt 0.172478 0.508600
vt 0.127113 0.415554
vt 0.113282 0.415316
vt 0.112496 0.402056
vt 0.126208 0.402056
vt 0.402392 0.286639
vt 0.416420 0.286940
vt 0.416851 0.300286
vt 0.402925 0.300286
vt 0.350637 0.544467
vt 0.336989 0.544176
vt 0.336354 0.531445
vt 0.349731 0.531445
vt 0.250144 0.218000
vt 0.252658 0.205013
vt 0.267145 0.205319
vt 0.264727 0.218000
vt 0.150069 0.396310
vt 0.148883 0.409499
vt 0.135797 0.409820
vt 0.135430 0.396310
vt 0.681151 0.531687
vt 0.681151 0.545222
vt 0.668507 0.545818
vt 0.669489 0.532194
vt 0.470437 0.348763
vt 0.470658 0.361279
vt 0.457360 0.361279
vt 0.456349 0.347885
vt 0.332936 0.039076
vt 0.319929 0.037683
vt 0.319982 0.023043
vt 0.332936 0.025454
vt 0.094697 0.503547
vt 0.095355 0.516632
vt 0.081800 0.516632
vt 0.081055 0.503483
vt 0.264358 0.460552
vt 0.250646 0.460552
vt 0.249755 0.447372
vt 0.263582 0.447376
vt 0.136122 0.663443
vt 0.135430 0.650798
vt 0.148767 0.650798
vt 0.149575 0.663486
vt 0.840413 0.584925
vt 0.827343 0.585048
vt 0.827343 0.571938
vt 0.840276 0.572059
vt 0.123873 0.172461
vt 0.112496 0.174054
vt 0.112496 0.161003
vt 0.129101 0.158367
vt 0.249755 0.387361
vt 0.263330 0.388096
vt 0.263715 0.401156
vt 0.249755 0.401615
vt 0.231124 0.267667
vt 0.245043 0.267696
vt 0.246062 0.280636
vt 0.229249 0.280636
vt 0.003335 0.718191
vt 0.003087 0.705315
vt 0.016735 0.705315
vt 0.016492 0.718293
vt 0.025196 0.800378
vt 0.038345 0.800444
vt 0.038437 0.813433
vt 0.025225 0.813433
vt 0.466905 0.646239
vt 0.467035 0.659456
vt 0.453675 0.659456
vt 0.453541 0.646115
vt 0.038624 0.581429
vt 0.025196 0.581466
vt 0.025196 0.567855
vt 0.038706 0.568055
vt 0.293653 0.611227
vt 0.306951 0.611548
vt 0.307144 0.624670
vt 0.294391 0.624670
vt 0.955183 0.482949
vt 0.953415 0.469939
vt 0.965597 0.469939
vt 0.965748 0.482986
vt 0.094351 0.792123
vt 0.094351 0.805138
vt 0.081138 0.804965
vt 0.081055 0.793977
vt 0.085189 0.086469
vt 0.095804 0.091344
vt 0.095804 0.106725
vt 0.081055 0.099540
vt 0.577610 0.071044
vt 0.564119 0.071497
vt 0.564119 0.057858
vt 0.577599 0.058043
vt 0.737814 0.135413
vt 0.751231 0.135142
vt 0.751190 0.147853
vt 0.737814 0.148222
vt 0.534724 0.604372
vt 0.534675 0.591143
vt 0.548052 0.591033
vt 0.548052 0.604673
vt 0.674752 0.368654
vt 0.687695 0.368654
vt 0.687908 0.382174
vt 0.674720 0.381772
vt 0.405357 0.795021
vt 0.392106 0.794927
vt 0.392106 0.782452
vt 0.405564 0.782129
vt 0.809792 0.741001
vt 0.809159 0.728635
vt 0.822886 0.728481
vt 0.822886 0.741020
vt 0.294705 0.488046
vt 0.295225 0.474375
vt 0.308241 0.474272
vt 0.308525 0.488046
vt 0.745979 0.126861
vt 0.747784 0.112932
vt 0.758498 0.112899
vt 0.758498 0.126685
vt 0.933027 0.244083
vt 0.945338 0.244083
vt 0.945284 0.256399
vt 0.934083 0.257453
vt 0.149090 0.701961
vt 0.135927 0.701961
vt 0.135430 0.688944
vt 0.148910 0.689095
vt 0.727103 0.126273
vt 0.726834 0.113007
vt 0.739805 0.112899
vt 0.739805 0.126472
vt 0.175146 0.184915
vt 0.176475 0.199288
vt 0.159255 0.199288
vt 0.161914 0.185075
vt 0.362253 0.170006
vt 0.361623 0.156493
vt 0.375104 0.156493
vt 0.376281 0.170298
vt 0.264085 0.480061
vt 0.250514 0.479516
vt 0.249755 0.466725
vt 0.263406 0.466725
vt 0.095749 0.535492
vt 0.082010 0.535135
vt 0.081055 0.522805
vt 0.094508 0.522805
vt 0.236018 0.023043
vt 0.250659 0.023043
vt 0.250357 0.035641
vt 0.232861 0.035560
vt 0.255897 0.136226
vt 0.270478 0.136443
vt 0.266399 0.149273
vt 0.253633 0.149273
vt 0.125467 0.780802
vt 0.112858 0.780802
vt 0.112496 0.767511
vt 0.125584 0.767707
vt 0.883652 0.347885
vt 0.894845 0.348102
vt 0.895249 0.361393
vt 0.882776 0.361393
vt 0.205305 0.694130
vt 0.218857 0.694440
vt 0.218800 0.707098
vt 0.205305 0.707228
vt 0.316120 0.464420
vt 0.315049 0.450840
vt 0.328334 0.451423
vt 0.329202 0.464420
vt 0.071989 0.200681
vt 0.066224 0.213517
vt 0.053354 0.213517
vt 0.055706 0.200650
vt 0.249755 0.486235
vt 0.263137 0.486235
vt 0.264044 0.499474
vt 0.250217 0.499397
vt 0.535007 0.584769
vt 0.534675 0.571575
vt 0.547440 0.571575
vt 0.548489 0.584859
vt 0.433116 0.451568
vt 0.447060 0.452389
vt 0.447367 0.465050
vt 0.433679 0.465050
vt 0.534675 0.552186
vt 0.548055 0.552304
vt 0.548634 0.565401
vt 0.535039 0.565401
vt 0.195521 0.560238
vt 0.182619 0.561151
vt 0.182619 0.547998
vt 0.195864 0.547191
vt 0.114939 0.234537
vt 0.112496 0.220493
vt 0.126289 0.221324
vt 0.128952 0.234537
vt 0.594707 0.585838
vt 0.595642 0.572811
vt 0.608626 0.572756
vt 0.608626 0.585735
vt 0.460642 0.057858
vt 0.460322 0.070958
vt 0.447099 0.072077
vt 0.447099 0.059096
vt 0.432789 0.840139
vt 0.445947 0.840139
vt 0.445529 0.853095
vt 0.433049 0.853126
vt 0.727671 0.388304
vt 0.727817 0.401253
vt 0.714792 0.401253
vt 0.714461 0.388039
vt 0.568969 0.451568
vt 0.568969 0.464760
vt 0.555465 0.465221
vt 0.555721 0.451862
vt 0.633102 0.214207
vt 0.633102 0.200833
vt 0.646590 0.201293
vt 0.646403 0.214025
vt 0.805373 0.401140
vt 0.793190 0.401140
vt 0.792426 0.388039
vt 0.805633 0.388316
vt 0.920487 0.622853
vt 0.920579 0.611639
vt 0.933613 0.611029
vt 0.933613 0.623634
vt 0.263028 0.704439
vt 0.263028 0.717248
vt 0.249755 0.717792
vt 0.249845 0.705331
vt 0.260818 0.128348
vt 0.260637 0.114371
vt 0.274055 0.112899
vt 0.274055 0.129305
vt 0.349133 0.895531
vt 0.349058 0.907748
vt 0.335925 0.907776
vt 0.335925 0.895064
vt 0.038381 0.349114
vt 0.038381 0.362840
vt 0.025196 0.364567
vt 0.025204 0.351440
vt 0.746015 0.742732
vt 0.732757 0.742342
vt 0.732738 0.729503
vt 0.745932 0.729503
vt 0.406871 0.543313
vt 0.393664 0.542825
vt 0.393543 0.529669
vt 0.406871 0.529334
vt 0.771661 0.781550
vt 0.771661 0.768656
vt 0.784777 0.768439
vt 0.784549 0.781686
vt 0.667198 0.807542
vt 0.667198 0.820544
vt 0.654209 0.820241
vt 0.653948 0.807705
vt 0.527525 0.912035
vt 0.515254 0.911809
vt 0.514434 0.899520
vt 0.527525 0.899240
vt 0.094862 0.339401
vt 0.081055 0.339979
vt 0.081055 0.326819
vt 0.094922 0.324967
vt 0.242636 0.385884
vt 0.229249 0.386690
vt 0.229249 0.372415
vt 0.242797 0.371839
vt 0.872178 0.126052
vt 0.860251 0.127109
vt 0.860928 0.113060
vt 0.872178 0.112899
vt 0.285646 0.566738
vt 0.272832 0.566738
vt 0.272277 0.552942
vt 0.285429 0.553472
vt 0.315049 0.568169
vt 0.327749 0.567887
vt 0.327749 0.582347
vt 0.315238 0.581393
vt 0.173103 0.442880
vt 0.159255 0.443343
vt 0.160332 0.430123
vt 0.173103 0.429298
vt 0.493859 0.286748
vt 0.494553 0.298823
vt 0.480808 0.298823
vt 0.479748 0.286054
vt 0.594592 0.491982
vt 0.608277 0.492220
vt 0.609021 0.504563
vt 0.595441 0.504563
vt 0.691970 0.665352
vt 0.692114 0.652752
vt 0.704938 0.651660
vt 0.704938 0.664227
vt 0.073935 0.079663
vt 0.065695 0.095098
vt 0.054225 0.089712
vt 0.059392 0.079663
vt 0.721106 0.564459
vt 0.708413 0.565241
vt 0.708413 0.552145
vt 0.721155 0.551363
vt 0.349458 0.582410
vt 0.335925 0.582373
vt 0.337132 0.569845
vt 0.350516 0.569845
vt 0.567657 0.663682
vt 0.554299 0.664521
vt 0.554299 0.651607
vt 0.567789 0.651209
vt 0.149072 0.591974
vt 0.149072 0.605072
vt 0.135430 0.605339
vt 0.135704 0.592600
vt 0.081055 0.318793
vt 0.081055 0.302510
vt 0.093987 0.304480
vt 0.093666 0.318284
vt 0.493931 0.721562
vt 0.493931 0.708292
vt 0.507264 0.709368
vt 0.506696 0.721438
vt 0.713443 0.278820
vt 0.713443 0.265494
vt 0.726093 0.266237
vt 0.726687 0.278109
vt 0.025201 0.393328
vt 0.038773 0.390402
vt 0.038773 0.403896
vt 0.025196 0.405036
vt 0.686015 0.016392
vt 0.686053 0.003268
vt 0.699395 0.003087
vt 0.699395 0.016240
vt 0.419703 0.217010
vt 0.418919 0.203813
vt 0.432931 0.203984
vt 0.433714 0.217010
vt 0.200034 0.016409
vt 0.183820 0.016409
vt 0.181775 0.003087
vt 0.193940 0.004238
vt 0.149030 0.545885
vt 0.135430 0.545848
vt 0.136819 0.532840
vt 0.149669 0.532840
vt 0.886966 0.728512
vt 0.898717 0.728481
vt 0.898824 0.741444
vt 0.885840 0.741444
vt 0.694326 0.265737
vt 0.707269 0.265494
vt 0.707269 0.278475
vt 0.693930 0.278800
vt 0.729402 0.200833
vt 0.741850 0.201734
vt 0.741850 0.214729
vt 0.729195 0.213781
vt 0.413333 0.759799
vt 0.412657 0.746565
vt 0.425667 0.747167
vt 0.425875 0.759799
vt 0.227527 0.687580
vt 0.240726 0.687861
vt 0.240726 0.700475
vt 0.227234 0.700769
vt 0.594121 0.800435
vt 0.593949 0.787703
vt 0.607457 0.787703
vt 0.607330 0.800524
vt 0.784413 0.819599
vt 0.771808 0.819534
vt 0.771661 0.806708
vt 0.785033 0.806708
vt 0.868327 0.749186
vt 0.881473 0.748906
vt 0.881473 0.761790
vt 0.868565 0.761402
vt 0.383662 0.148097
vt 0.385744 0.135142
vt 0.399028 0.135168
vt 0.396757 0.148097
vt 0.399096 0.127633
vt 0.398885 0.112899
vt 0.412297 0.115175
vt 0.412063 0.127633
vt 0.418927 0.127344
vt 0.418471 0.113459
vt 0.431731 0.112899
vt 0.431731 0.127635
vt 0.255590 0.267271
vt 0.268651 0.268641
vt 0.265895 0.280581
vt 0.252236 0.280581
vt 0.018930 0.347721
vt 0.005942 0.347721
vt 0.003087 0.334733
vt 0.018839 0.334915
vt 0.744922 0.544052
vt 0.744858 0.531287
vt 0.758121 0.531287
vt 0.758159 0.544443
vt 0.812362 0.381807
vt 0.812362 0.368558
vt 0.825200 0.368403
vt 0.824938 0.381782
vt 0.370205 0.584721
vt 0.357314 0.584274
vt 0.356995 0.571214
vt 0.370205 0.570829
vt 0.799908 0.429747
vt 0.812797 0.429701
vt 0.812797 0.443114
vt 0.799989 0.442749
vt 0.586607 0.742833
vt 0.573899 0.742155
vt 0.573614 0.729363
vt 0.586607 0.729295
vt 0.964824 0.236063
vt 0.952854 0.236618
vt 0.952646 0.223466
vt 0.964919 0.223466
vt 0.127283 0.395527
vt 0.112496 0.395882
vt 0.113647 0.382448
vt 0.127283 0.382366
vt 0.365395 0.057858
vt 0.379275 0.059607
vt 0.377990 0.072419
vt 0.365756 0.072419
vt 0.376153 0.350088
vt 0.389756 0.349019
vt 0.390194 0.363288
vt 0.376129 0.363288
vt 0.315497 0.135142
vt 0.314734 0.149012
vt 0.301206 0.149940
vt 0.301206 0.135631
vt 0.025196 0.677888
vt 0.025196 0.664054
vt 0.037997 0.664633
vt 0.038134 0.677857
vt 0.654982 0.326938
vt 0.667530 0.326938
vt 0.663277 0.341214
vt 0.657011 0.340774
vt 0.017256 0.622224
vt 0.003127 0.622224
vt 0.003087 0.609426
vt 0.016611 0.610322
vt 0.806536 0.611386
vt 0.820107 0.611411
vt 0.820695 0.623468
vt 0.807114 0.623468
vt 0.240856 0.821107
vt 0.240856 0.833454
vt 0.227234 0.833711
vt 0.227550 0.821105
vt 0.976973 0.960745
vt 0.977644 0.973355
vt 0.965118 0.973355
vt 0.966410 0.960854
vt 0.940554 0.877928
vt 0.927931 0.878158
vt 0.927894 0.865485
vt 0.940910 0.865485
vt 0.957186 0.360800
vt 0.958260 0.348036
vt 0.969558 0.347885
vt 0.969558 0.360460
vt 0.555137 0.305275
vt 0.555735 0.319181
vt 0.542494 0.318808
vt 0.542420 0.305275
vt 0.850661 0.401844
vt 0.851439 0.388771
vt 0.862983 0.388039
vt 0.862983 0.400848
vt 0.601983 0.003087
vt 0.601644 0.015669
vt 0.588320 0.016460
vt 0.588320 0.004006
vt 0.016732 0.465852
vt 0.003087 0.467014
vt 0.003185 0.454570
vt 0.016732 0.452938
vt 0.505208 0.318483
vt 0.503091 0.305275
vt 0.515832 0.305275
vt 0.516957 0.318838
vt 0.455784 0.181219
vt 0.468405 0.181321
vt 0.468405 0.195155
vt 0.455635 0.196208
vt 0.846587 0.570795
vt 0.858518 0.572706
vt 0.856887 0.585048
vt 0.846587 0.583467
vt 0.812862 0.958290
vt 0.824441 0.959004
vt 0.824686 0.970050
vt 0.811132 0.970051
vt 0.633969 0.875479
vt 0.634297 0.863776
vt 0.647551 0.862990
vt 0.647551 0.874609
vt 0.350366 0.525257
vt 0.336354 0.525271
vt 0.336912 0.511901
vt 0.350366 0.512133
vt 0.198192 0.298142
vt 0.183756 0.297950
vt 0.182619 0.284951
vt 0.198833 0.284951
vt 0.791156 0.980101
vt 0.804240 0.976350
vt 0.804240 0.987666
vt 0.792114 0.986167
vt 0.745006 0.471574
vt 0.757686 0.471107
vt 0.757686 0.484189
vt 0.744748 0.484632
vt 0.733515 0.828574
vt 0.745583 0.828118
vt 0.745583 0.841099
vt 0.732738 0.841453
vt 0.637386 0.976121
vt 0.643971 0.975968
vt 0.645719 0.988845
vt 0.633969 0.988845
vt 0.473681 0.738797
vt 0.473670 0.725728
vt 0.487125 0.725728
vt 0.486689 0.738817
vt 0.554896 0.504476
vt 0.553021 0.491982
vt 0.565712 0.491982
vt 0.567702 0.504508
vt 0.915677 0.469939
vt 0.928160 0.471156
vt 0.928280 0.483133
vt 0.916149 0.483133
vt 0.778907 0.057858
vt 0.792198 0.057858
vt 0.791939 0.070465
vt 0.778431 0.070463
vt 0.249755 0.685443
vt 0.263315 0.685135
vt 0.263127 0.698134
vt 0.249755 0.698265
vt 0.315204 0.796525
vt 0.315049 0.783620
vt 0.328489 0.783620
vt 0.328080 0.796063
vt 0.606860 0.938755
vt 0.605250 0.951411
vt 0.593949 0.951295
vt 0.593949 0.939042
vt 0.408158 0.422705
vt 0.395328 0.424787
vt 0.395328 0.410897
vt 0.408228 0.409584
vt 0.773309 0.381837
vt 0.773525 0.371537
vt 0.786239 0.368403
vt 0.786239 0.381391
vt 0.703086 0.214717
vt 0.690684 0.214717
vt 0.690684 0.201371
vt 0.703480 0.200833
vt 0.096005 0.232322
vt 0.082775 0.232322
vt 0.081055 0.216663
vt 0.095050 0.220669
vt 0.892403 0.511004
vt 0.892403 0.523344
vt 0.879626 0.524223
vt 0.879915 0.511049
vt 0.227492 0.814562
vt 0.227234 0.802166
vt 0.240615 0.802166
vt 0.240756 0.814931
vt 0.693392 0.800825
vt 0.693215 0.788095
vt 0.706459 0.788095
vt 0.706471 0.801159
vt 0.861329 0.801402
vt 0.848796 0.801398
vt 0.848753 0.787985
vt 0.861329 0.787860
vt 0.830077 0.318621
vt 0.817712 0.318535
vt 0.817185 0.305700
vt 0.830077 0.305275
vt 0.607790 0.606051
vt 0.594824 0.605704
vt 0.594673 0.592167
vt 0.607486 0.592167
vt 0.506956 0.929971
vt 0.494191 0.929821
vt 0.493931 0.917226
vt 0.506657 0.917226
vt 0.746487 0.551363
vt 0.758790 0.552777
vt 0.759310 0.564749
vt 0.746487 0.565002
vt 0.328318 0.258009
vt 0.314056 0.259051
vt 0.314056 0.244352
vt 0.328095 0.244527
vt 0.356995 0.642628
vt 0.356995 0.629752
vt 0.370628 0.629431
vt 0.369744 0.642683
vt 0.939538 0.361236
vt 0.938779 0.347885
vt 0.951012 0.347885
vt 0.950625 0.361015
vt 0.359221 0.057858
vt 0.359221 0.071662
vt 0.346409 0.073786
vt 0.347569 0.059267
vt 0.196923 0.304316
vt 0.196282 0.318610
vt 0.182645 0.319067
vt 0.182619 0.304316
vt 0.416049 0.403364
vt 0.417415 0.390041
vt 0.430485 0.389818
vt 0.430485 0.403018
vt 0.205305 0.303781
vt 0.218243 0.303781
vt 0.220622 0.317561
vt 0.205800 0.317129
vt 0.053354 0.636286
vt 0.055487 0.624178
vt 0.068243 0.624194
vt 0.068243 0.635828
vt 0.494101 0.948064
vt 0.493931 0.936145
vt 0.506849 0.936147
vt 0.507671 0.948064
vt 0.909271 0.156493
vt 0.922570 0.156929
vt 0.922424 0.168999
vt 0.909271 0.169020
vt 0.227413 0.852755
vt 0.227234 0.839885
vt 0.240512 0.839885
vt 0.240240 0.852229
vt 0.940534 0.884754
vt 0.940534 0.897062
vt 0.927817 0.897731
vt 0.927906 0.884840
vt 0.486663 0.947345
vt 0.473670 0.947516
vt 0.474138 0.935078
vt 0.486663 0.934872
vt 0.882616 0.940815
vt 0.882616 0.953145
vt 0.869973 0.953705
vt 0.869995 0.941130
vt 0.915272 0.430063
vt 0.927644 0.429701
vt 0.927644 0.442118
vt 0.914936 0.442789
vt 0.336245 0.665213
vt 0.348606 0.665024
vt 0.348606 0.677754
vt 0.335925 0.679128
vt 0.726507 0.671868
vt 0.725744 0.685092
vt 0.713161 0.685023
vt 0.713161 0.672024
vt 0.616532 0.606148
vt 0.613963 0.592167
vt 0.626417 0.592167
vt 0.625065 0.606693
vt 0.287305 0.326350
vt 0.274824 0.323238
vt 0.275114 0.309632
vt 0.287304 0.312134
vt 0.548224 0.128920
vt 0.537628 0.125348
vt 0.537628 0.112899
vt 0.549112 0.115402
vt 0.650362 0.389110
vt 0.650651 0.402463
vt 0.637151 0.402463
vt 0.637548 0.389184
vt 0.329097 0.307690
vt 0.329011 0.322680
vt 0.316261 0.323937
vt 0.316261 0.311630
vt 0.053354 0.993504
vt 0.056755 0.983653
vt 0.067072 0.983653
vt 0.064950 0.993854
vt 0.613963 0.976704
vt 0.626882 0.976704
vt 0.626111 0.987725
vt 0.614994 0.988169
vt 0.613963 0.625318
vt 0.614447 0.613709
vt 0.627522 0.612867
vt 0.627522 0.626227
vt 0.452861 0.326938
vt 0.452699 0.340308
vt 0.439134 0.340301
vt 0.438424 0.326938
vt 0.039048 0.449866
vt 0.038131 0.462922
vt 0.025196 0.463744
vt 0.025196 0.450538
vt 0.260354 0.558308
vt 0.249755 0.558772
vt 0.249755 0.547456
vt 0.263103 0.544907
vt 0.567117 0.917095
vt 0.554215 0.917095
vt 0.553956 0.904409
vt 0.567092 0.904863
vt 0.818652 0.257173
vt 0.818652 0.244112
vt 0.831660 0.244083
vt 0.831244 0.257304
vt 0.566973 0.531687
vt 0.566127 0.544834
vt 0.554108 0.546012
vt 0.554107 0.533520
vt 0.405531 0.678415
vt 0.392226 0.678315
vt 0.392106 0.665219
vt 0.405671 0.665219
vt 0.850375 0.921976
vt 0.862426 0.923374
vt 0.862805 0.935266
vt 0.850471 0.935266
vt 0.486557 0.668440
vt 0.487140 0.681610
vt 0.474243 0.681610
vt 0.473954 0.668049
vt 0.556831 0.266271
vt 0.570466 0.265754
vt 0.570257 0.278677
vt 0.556831 0.279271
vt 0.574298 0.913312
vt 0.573614 0.900881
vt 0.587072 0.902261
vt 0.587057 0.913312
vt 0.664675 0.612066
vt 0.664675 0.624592
vt 0.653671 0.623137
vt 0.653404 0.612894
vt 0.972032 0.583135
vt 0.959392 0.582133
vt 0.959135 0.571834
vt 0.972032 0.570795
vt 0.414664 0.466571
vt 0.414402 0.453194
vt 0.426752 0.452066
vt 0.426752 0.467494
vt 0.775326 0.179191
vt 0.775620 0.192365
vt 0.762389 0.192365
vt 0.762771 0.179913
vt 0.113097 0.586687
vt 0.112496 0.575010
vt 0.123596 0.575010
vt 0.126828 0.587778
vt 0.605709 0.565438
vt 0.593233 0.565995
vt 0.593233 0.553393
vt 0.606427 0.552186
vt 0.860740 0.741758
vt 0.848465 0.742216
vt 0.848465 0.728674
vt 0.860863 0.728481
vt 0.527981 0.817799
vt 0.514866 0.817456
vt 0.514434 0.805071
vt 0.527702 0.805071
vt 0.896335 0.583619
vt 0.883758 0.583912
vt 0.883758 0.570829
vt 0.896603 0.570795
vt 0.682007 0.524484
vt 0.669138 0.524887
vt 0.669476 0.511004
vt 0.682007 0.511142
vt 0.933833 0.340317
vt 0.921928 0.339921
vt 0.921473 0.327312
vt 0.933833 0.326938
vt 0.647346 0.799977
vt 0.633969 0.799977
vt 0.633980 0.787227
vt 0.646948 0.787024
vt 0.101792 0.003087
vt 0.124175 0.003087
vt 0.120319 0.014855
vt 0.105409 0.015938
vt 0.801108 0.326938
vt 0.801108 0.340077
vt 0.788531 0.340701
vt 0.788581 0.327062
vt 0.081755 0.144327
vt 0.081055 0.130041
vt 0.099317 0.130041
vt 0.096441 0.144931
vt 0.355881 0.183513
vt 0.369864 0.182246
vt 0.368806 0.196705
vt 0.355881 0.196794
vt 0.877255 0.422429
vt 0.877255 0.409294
vt 0.890004 0.409289
vt 0.889198 0.422550
vt 0.285643 0.938566
vt 0.286197 0.949911
vt 0.272659 0.949911
vt 0.272277 0.938180
vt 0.965118 0.990618
vt 0.965118 0.979529
vt 0.978076 0.980710
vt 0.978101 0.989457
vt 0.207487 0.061503
vt 0.220967 0.057858
vt 0.219910 0.072411
vt 0.207487 0.075307
vt 0.252571 0.348431
vt 0.265279 0.346417
vt 0.265279 0.361169
vt 0.252236 0.362046
vt 0.402395 0.170075
vt 0.402065 0.156493
vt 0.415457 0.156493
vt 0.415498 0.171177
vt 0.311551 0.095336
vt 0.310293 0.082294
vt 0.325121 0.082294
vt 0.326232 0.095443
vt 0.376592 0.289752
vt 0.375791 0.301358
vt 0.364407 0.301358
vt 0.362854 0.286639
vt 0.016007 0.965636
vt 0.003109 0.965636
vt 0.003087 0.953391
vt 0.016237 0.953692
vt 0.752001 0.825987
vt 0.764839 0.825884
vt 0.764839 0.838411
vt 0.751888 0.839126
vt 0.626727 0.703649
vt 0.614218 0.704337
vt 0.613963 0.690782
vt 0.627066 0.690782
vt 0.328135 0.777204
vt 0.315049 0.777446
vt 0.315400 0.764205
vt 0.328135 0.764133
vt 0.349218 0.926476
vt 0.335925 0.926476
vt 0.336234 0.914007
vt 0.349125 0.913949
vt 0.196123 0.914886
vt 0.195688 0.927209
vt 0.182619 0.927206
vt 0.183129 0.914886
vt 0.934593 0.470379
vt 0.947241 0.469939
vt 0.947241 0.482158
vt 0.934454 0.482795
vt 0.405051 0.965294
vt 0.392106 0.965601
vt 0.392327 0.953286
vt 0.405051 0.953149
vt 0.038397 0.858629
vt 0.038397 0.870946
vt 0.025196 0.871504
vt 0.025645 0.858929
vt 0.356995 0.407466
vt 0.356995 0.392877
vt 0.369983 0.392328
vt 0.369395 0.406240
vt 0.145517 0.112899
vt 0.150259 0.128306
vt 0.136307 0.125944
vt 0.132653 0.112899
vt 0.995208 0.265494
vt 0.995208 0.276704
vt 0.990067 0.274136
vt 0.984029 0.265770
vt 0.467677 0.541658
vt 0.453541 0.541695
vt 0.453541 0.528514
vt 0.467040 0.528571
vt 0.732894 0.095579
vt 0.719682 0.095645
vt 0.720084 0.082580
vt 0.732894 0.082294
vt 0.986215 0.501703
vt 0.983990 0.490192
vt 0.995116 0.490192
vt 0.991716 0.500041
vt 0.195501 0.971882
vt 0.195001 0.983383
vt 0.182918 0.983383
vt 0.182619 0.971243
vt 0.168402 0.072207
vt 0.171552 0.059223
vt 0.180700 0.057858
vt 0.180700 0.078491
vt 0.230723 0.003087
vt 0.243685 0.003119
vt 0.247653 0.016401
vt 0.231961 0.016401
vt 0.896178 0.409616
vt 0.908679 0.409289
vt 0.907459 0.422110
vt 0.896178 0.422704
vt 0.254463 0.126620
vt 0.240884 0.129438
vt 0.242216 0.115643
vt 0.254463 0.112899
vt 0.138718 0.231499
vt 0.138718 0.217818
vt 0.151974 0.213943
vt 0.151203 0.230204
vt 0.883807 0.649921
vt 0.896400 0.649921
vt 0.896087 0.663297
vt 0.883916 0.663064
vt 0.966211 0.922925
vt 0.978443 0.922919
vt 0.978443 0.935803
vt 0.966256 0.935417
vt 0.700630 0.531687
vt 0.700296 0.545056
vt 0.687441 0.544914
vt 0.687325 0.531687
vt 0.743704 0.664184
vt 0.730750 0.665228
vt 0.730860 0.652850
vt 0.743704 0.651660
vt 0.330612 0.238048
vt 0.316420 0.237936
vt 0.315800 0.224755
vt 0.331492 0.224755
vt 0.752904 0.071040
vt 0.739625 0.071040
vt 0.739596 0.057858
vt 0.751901 0.058704
vt 0.447098 0.484866
vt 0.433385 0.484866
vt 0.433116 0.471224
vt 0.446009 0.471576
vt 0.609512 0.361200
vt 0.595989 0.360833
vt 0.595835 0.347909
vt 0.609512 0.347885
vt 0.909043 0.990832
vt 0.909043 0.979781
vt 0.922066 0.983552
vt 0.921531 0.989862
vt 0.666959 0.672063
vt 0.667398 0.685327
vt 0.653948 0.684890
vt 0.654279 0.672063
vt 0.148090 0.930922
vt 0.135430 0.930260
vt 0.135743 0.917819
vt 0.147866 0.917819
vt 0.699801 0.409584
vt 0.699801 0.422042
vt 0.686034 0.422509
vt 0.687434 0.410000
vt 0.833160 0.191794
vt 0.820634 0.192905
vt 0.820832 0.180658
vt 0.833160 0.179191
vt 0.039455 0.154686
vt 0.026220 0.155294
vt 0.025196 0.142320
vt 0.045439 0.142320
vt 0.867037 0.741893
vt 0.867382 0.728556
vt 0.879666 0.728481
vt 0.879666 0.741750
vt 0.901423 0.361393
vt 0.901423 0.348115
vt 0.913813 0.347885
vt 0.913717 0.360823
vt 0.920334 0.761485
vt 0.907406 0.761287
vt 0.907072 0.748906
vt 0.920191 0.748906
vt 0.948155 0.125515
vt 0.935714 0.125210
vt 0.935139 0.112899
vt 0.947966 0.112899
vt 0.249755 0.578395
vt 0.250042 0.565440
vt 0.262908 0.564946
vt 0.263430 0.578395
vt 0.803600 0.958461
vt 0.804549 0.970111
vt 0.791156 0.970177
vt 0.791156 0.958265
vt 0.048051 0.074969
vt 0.029063 0.066893
vt 0.031041 0.057858
vt 0.044418 0.057858
vt 0.445709 0.430515
vt 0.446079 0.443745
vt 0.433116 0.445394
vt 0.433116 0.430445
vt 0.025196 0.342289
vt 0.025296 0.327604
vt 0.038647 0.327604
vt 0.038668 0.342940
vt 0.003087 0.058449
vt 0.016325 0.058449
vt 0.022373 0.074817
vt 0.004464 0.071242
vt 0.159255 0.218554
vt 0.159780 0.205462
vt 0.174277 0.205462
vt 0.174862 0.220616
vt 0.240143 0.648159
vt 0.239625 0.661846
vt 0.227234 0.662091
vt 0.227234 0.648806
vt 0.920836 0.503203
vt 0.908932 0.504174
vt 0.908971 0.490917
vt 0.920836 0.490192
vt 0.940372 0.961963
vt 0.940148 0.974996
vt 0.929040 0.974425
vt 0.929040 0.961184
vt 0.435597 0.182246
vt 0.449050 0.183763
vt 0.449461 0.196208
vt 0.435855 0.196208
vt 0.350821 0.425768
vt 0.337202 0.425768
vt 0.336354 0.412208
vt 0.349381 0.413011
vt 0.673833 0.318485
vt 0.660684 0.318485
vt 0.660271 0.305275
vt 0.673345 0.305446
vt 0.457571 0.389818
vt 0.472248 0.390152
vt 0.472259 0.402855
vt 0.458239 0.402855
vt 0.039996 0.411334
vt 0.040693 0.423836
vt 0.026587 0.423836
vt 0.025196 0.411210
vt 0.752373 0.265616
vt 0.765342 0.265494
vt 0.765342 0.277739
vt 0.752265 0.278851
vt 0.572079 0.389110
vt 0.572079 0.402572
vt 0.558802 0.402983
vt 0.558995 0.389422
vt 0.888182 0.400567
vt 0.888320 0.388040
vt 0.901565 0.388039
vt 0.901605 0.400567
vt 0.016783 0.859035
vt 0.016376 0.871435
vt 0.003087 0.871358
vt 0.003490 0.859035
vt 0.627005 0.914208
vt 0.613963 0.914072
vt 0.614434 0.901863
vt 0.627503 0.901863
vt 0.764856 0.957513
vt 0.764870 0.969821
vt 0.751888 0.969821
vt 0.752055 0.957678
vt 0.066399 0.965449
vt 0.066510 0.977479
vt 0.053354 0.977479
vt 0.053451 0.965602
vt 0.576609 0.223466
vt 0.576481 0.235343
vt 0.563542 0.237389
vt 0.563396 0.223466
vt 0.402669 0.023043
vt 0.416819 0.023043
vt 0.416895 0.036913
vt 0.405649 0.033850
vt 0.263891 0.505648
vt 0.263771 0.518700
vt 0.249755 0.518939
vt 0.249755 0.505678
vt 0.308417 0.552837
vt 0.308417 0.566018
vt 0.294705 0.566210
vt 0.295205 0.552757
vt 0.979281 0.380709
vt 0.967213 0.380106
vt 0.966509 0.368403
vt 0.978165 0.368403
vt 0.800185 0.422459
vt 0.800185 0.409312
vt 0.813309 0.409289
vt 0.813053 0.421430
vt 0.702226 0.257880
vt 0.702226 0.244159
vt 0.715073 0.244083
vt 0.714679 0.256740
vt 0.927732 0.683610
vt 0.927492 0.670734
vt 0.940310 0.670734
vt 0.940069 0.681853
vt 0.242118 0.172771
vt 0.242061 0.156493
vt 0.255788 0.158826
vt 0.254965 0.172771
vt 0.777946 0.564901
vt 0.765721 0.564741
vt 0.765484 0.551363
vt 0.778339 0.551363
vt 0.958651 0.670277
vt 0.958652 0.683610
vt 0.947632 0.683499
vt 0.946484 0.670667
vt 0.054544 0.537557
vt 0.053354 0.525237
vt 0.065547 0.525237
vt 0.067446 0.538471
vt 0.287951 0.473514
vt 0.287309 0.486934
vt 0.274088 0.486883
vt 0.273759 0.473514
vt 0.206429 0.259937
vt 0.206429 0.246615
vt 0.222922 0.246475
vt 0.220896 0.259744
vt 0.477390 0.236785
vt 0.463665 0.236785
vt 0.463030 0.223466
vt 0.476297 0.224035
vt 0.945356 0.748906
vt 0.957729 0.749218
vt 0.957651 0.760867
vt 0.945356 0.762036
vt 0.264144 0.421452
vt 0.250371 0.421452
vt 0.249755 0.407789
vt 0.263464 0.408104
vt 0.355449 0.156493
vt 0.354732 0.170031
vt 0.341465 0.171164
vt 0.341465 0.157442
vt 0.273759 0.428004
vt 0.273759 0.414267
vt 0.287902 0.414150
vt 0.287133 0.426503
vt 0.693698 0.723525
vt 0.693215 0.710429
vt 0.705791 0.710726
vt 0.706717 0.723525
vt 0.706201 0.623756
vt 0.691322 0.623764
vt 0.693530 0.612665
vt 0.706201 0.612286
vt 0.548640 0.016768
vt 0.549892 0.003242
vt 0.562138 0.003087
vt 0.562138 0.015675
vt 0.912583 0.551013
vt 0.912583 0.563262
vt 0.900284 0.564618
vt 0.900778 0.551776
vt 0.749384 0.349382
vt 0.762132 0.347885
vt 0.761779 0.360895
vt 0.749384 0.361596
vt 0.081055 0.112899
vt 0.101298 0.112899
vt 0.106322 0.123867
vt 0.091681 0.122586
vt 0.908044 0.388039
vt 0.920352 0.388063
vt 0.920352 0.401129
vt 0.907779 0.401305
vt 0.494643 0.644563
vt 0.494733 0.631104
vt 0.507363 0.631018
vt 0.507970 0.644563
vt 0.843475 0.953381
vt 0.831034 0.953711
vt 0.831090 0.940774
vt 0.843475 0.940614
vt 0.646938 0.969794
vt 0.634164 0.969560
vt 0.633969 0.957470
vt 0.646898 0.957470
vt 0.805198 0.704243
vt 0.792830 0.702456
vt 0.792830 0.690345
vt 0.805265 0.690850
vt 0.182721 0.198839
vt 0.182649 0.184915
vt 0.200141 0.184915
vt 0.198481 0.198489
vt 0.201313 0.057858
vt 0.201313 0.069174
vt 0.186874 0.074868
vt 0.189707 0.059246
vt 0.370106 0.384259
vt 0.356995 0.386154
vt 0.356995 0.370819
vt 0.370058 0.371111
vt 0.647481 0.684048
vt 0.634000 0.683581
vt 0.633969 0.670834
vt 0.647189 0.670834
vt 0.172037 0.489107
vt 0.173446 0.502426
vt 0.160217 0.501909
vt 0.159255 0.489107
vt 0.212317 0.112903
vt 0.213014 0.126384
vt 0.199259 0.130348
vt 0.199259 0.112899
vt 0.591354 0.389110
vt 0.590930 0.403081
vt 0.578253 0.403020
vt 0.578253 0.389323
vt 0.172668 0.262143
vt 0.159403 0.262143
vt 0.159255 0.246401
vt 0.173397 0.248623
vt 0.725157 0.193263
vt 0.725157 0.179630
vt 0.737663 0.179191
vt 0.737523 0.192447
vt 0.410994 0.279221
vt 0.399156 0.280305
vt 0.399156 0.267110
vt 0.413113 0.266146
vt 0.207123 0.297607
vt 0.205305 0.284624
vt 0.216427 0.284702
vt 0.221808 0.297607
vt 0.898919 0.524358
vt 0.898577 0.511004
vt 0.911029 0.511118
vt 0.911125 0.524358
vt 0.125971 0.264253
vt 0.125983 0.277655
vt 0.112496 0.278653
vt 0.112496 0.262370
vt 0.016742 0.699141
vt 0.003690 0.699141
vt 0.003087 0.686107
vt 0.016287 0.686574
vt 0.196091 0.724000
vt 0.195953 0.736902
vt 0.182878 0.736902
vt 0.182619 0.723817
vt 0.487673 0.707610
vt 0.487630 0.719554
vt 0.474198 0.719554
vt 0.473670 0.706924
vt 0.120241 0.086469
vt 0.115665 0.102097
vt 0.101978 0.098555
vt 0.105251 0.086469
vt 0.039054 0.917715
vt 0.039099 0.927002
vt 0.025196 0.927029
vt 0.025196 0.915085
vt 0.486790 0.058502
vt 0.500057 0.057858
vt 0.500057 0.071317
vt 0.486746 0.072071
vt 0.272609 0.761035
vt 0.272277 0.748512
vt 0.285839 0.748512
vt 0.286156 0.761101
vt 0.850375 0.903395
vt 0.863799 0.903366
vt 0.863744 0.915658
vt 0.850375 0.915802
vt 0.751888 0.914771
vt 0.751888 0.902415
vt 0.765175 0.902190
vt 0.765137 0.914724
vt 0.745317 0.944065
vt 0.745447 0.956418
vt 0.732389 0.956373
vt 0.732275 0.944065
vt 0.883216 0.971512
vt 0.869973 0.971910
vt 0.869973 0.959879
vt 0.882953 0.960068
vt 0.349081 0.932650
vt 0.349489 0.944781
vt 0.336105 0.944162
vt 0.335925 0.932650
vt 0.272277 0.986768
vt 0.272318 0.976985
vt 0.285279 0.975080
vt 0.285279 0.986593
vt 0.127834 0.337487
vt 0.115378 0.337487
vt 0.112496 0.323920
vt 0.126491 0.324324
vt 0.475163 0.604112
vt 0.474726 0.591106
vt 0.488745 0.591106
vt 0.488701 0.603747
vt 0.498248 0.327222
vt 0.511957 0.326938
vt 0.511779 0.340198
vt 0.498248 0.340681
vt 0.883007 0.642679
vt 0.882231 0.629938
vt 0.895134 0.630327
vt 0.895464 0.642680
vt 0.869753 0.721725
vt 0.869741 0.709062
vt 0.883112 0.711340
vt 0.882571 0.721725
vt 0.160117 0.061730
vt 0.162228 0.074010
vt 0.149111 0.074010
vt 0.145776 0.057858
vt 0.273759 0.353864
vt 0.287585 0.354768
vt 0.288405 0.367792
vt 0.274842 0.367792
vt 0.933222 0.649921
vt 0.932650 0.663450
vt 0.921149 0.663253
vt 0.920997 0.649921
vt 0.663844 0.257625
vt 0.663668 0.244083
vt 0.676889 0.244083
vt 0.676463 0.257521
vt 0.607440 0.703507
vt 0.594506 0.703507
vt 0.593949 0.690339
vt 0.606200 0.691905
vt 0.426919 0.003087
vt 0.441387 0.003087
vt 0.440358 0.016423
vt 0.426925 0.016523
vt 0.388431 0.097063
vt 0.388588 0.083640
vt 0.401916 0.082294
vt 0.401916 0.095479
vt 0.456364 0.237183
vt 0.443502 0.237896
vt 0.443502 0.224010
vt 0.456856 0.223466
vt 0.512557 0.409867
vt 0.525351 0.409584
vt 0.525351 0.422714
vt 0.512203 0.423835
vt 0.487448 0.451855
vt 0.487555 0.465288
vt 0.473848 0.465288
vt 0.473678 0.451568
vt 0.425192 0.135465
vt 0.438730 0.135142
vt 0.438730 0.148046
vt 0.424753 0.149079
vt 0.510942 0.430445
vt 0.523445 0.430445
vt 0.524226 0.444567
vt 0.511681 0.443867
vt 0.356995 0.797559
vt 0.357399 0.786096
vt 0.370386 0.785198
vt 0.371003 0.797559
vt 0.197377 0.278777
vt 0.184424 0.278615
vt 0.182619 0.265006
vt 0.197377 0.263897
vt 0.413050 0.604646
vt 0.413825 0.591130
vt 0.426284 0.591064
vt 0.426483 0.604646
vt 0.712189 0.450739
vt 0.723752 0.449833
vt 0.723752 0.462684
vt 0.711622 0.464367
vt 0.946838 0.179191
vt 0.946715 0.191406
vt 0.934999 0.193044
vt 0.934999 0.179752
vt 0.839703 0.611587
vt 0.841076 0.623391
vt 0.828052 0.623391
vt 0.826869 0.611386
vt 0.053638 0.020495
vt 0.056481 0.006077
vt 0.068385 0.003087
vt 0.073051 0.020495
vt 0.449276 0.347885
vt 0.450175 0.362237
vt 0.436930 0.361215
vt 0.436711 0.347885
vt 0.936193 0.741155
vt 0.923763 0.741755
vt 0.923763 0.728689
vt 0.936207 0.728481
vt 0.653632 0.148697
vt 0.640339 0.148697
vt 0.640641 0.135142
vt 0.653214 0.135334
vt 0.250497 0.183811
vt 0.266259 0.183609
vt 0.265045 0.196881
vt 0.250497 0.197666
vt 0.284776 0.968906
vt 0.272277 0.968906
vt 0.272567 0.956142
vt 0.284658 0.956085
vt 0.978086 0.787583
vt 0.978338 0.799691
vt 0.965578 0.799591
vt 0.965309 0.787583
vt 0.065284 0.234341
vt 0.053354 0.233762
vt 0.053354 0.221266
vt 0.069154 0.219691
vt 0.234710 0.112899
vt 0.233742 0.127667
vt 0.220448 0.127814
vt 0.219188 0.112899
vt 0.466788 0.889872
vt 0.453832 0.889853
vt 0.453541 0.877109
vt 0.466788 0.877106
vt 0.746105 0.684890
vt 0.732681 0.684956
vt 0.732681 0.671868
vt 0.745900 0.672046
vt 0.761333 0.643331
vt 0.748307 0.643050
vt 0.748276 0.630094
vt 0.761333 0.629938
vt 0.726380 0.799673
vt 0.713602 0.799384
vt 0.712891 0.786828
vt 0.726017 0.786828
vt 0.315530 0.169987
vt 0.301660 0.171327
vt 0.301660 0.158065
vt 0.315915 0.156493
vt 0.538302 0.340915
vt 0.538647 0.326985
vt 0.551436 0.326938
vt 0.551567 0.340915
vt 0.707985 0.113026
vt 0.720660 0.112899
vt 0.720658 0.126533
vt 0.707985 0.126850
vt 0.264031 0.427659
vt 0.264097 0.441199
vt 0.249755 0.441199
vt 0.250651 0.427626
vt 0.285632 0.611801
vt 0.284849 0.624973
vt 0.272342 0.625374
vt 0.272277 0.611801
vt 0.150199 0.435694
vt 0.149378 0.448782
vt 0.135430 0.448499
vt 0.136209 0.435694
vt 0.613963 0.632401
vt 0.626169 0.632433
vt 0.627795 0.645442
vt 0.614471 0.645442
vt 0.394156 0.503648
vt 0.393543 0.490795
vt 0.408228 0.490795
vt 0.407827 0.503617
vt 0.675220 0.299023
vt 0.662432 0.298911
vt 0.662007 0.285665
vt 0.675410 0.285665
vt 0.349821 0.492941
vt 0.349548 0.505727
vt 0.336372 0.505727
vt 0.336354 0.491701
vt 0.828887 0.082891
vt 0.828914 0.095196
vt 0.815706 0.095196
vt 0.815577 0.082294
vt 0.804134 0.748906
vt 0.804051 0.761199
vt 0.790587 0.761681
vt 0.790587 0.749177
vt 0.249760 0.889197
vt 0.249755 0.876567
vt 0.263144 0.877631
vt 0.262796 0.889197
vt 0.425724 0.964740
vt 0.412657 0.965845
vt 0.412657 0.954273
vt 0.426507 0.955486
vt 0.439220 0.266703
vt 0.452530 0.265913
vt 0.452530 0.279258
vt 0.439024 0.280199
vt 0.588418 0.504555
vt 0.574997 0.504525
vt 0.573876 0.491982
vt 0.587445 0.491982
vt 0.172560 0.925965
vt 0.159255 0.925982
vt 0.159255 0.913689
vt 0.172796 0.914098
vt 0.446158 0.897503
vt 0.446067 0.909857
vt 0.432789 0.909914
vt 0.432789 0.897379
vt 0.776528 0.135142
vt 0.789778 0.135142
vt 0.790002 0.148029
vt 0.776906 0.147490
vt 0.328107 0.935920
vt 0.329154 0.947527
vt 0.315718 0.947347
vt 0.315049 0.935920
vt 0.405355 0.934838
vt 0.405631 0.946170
vt 0.392106 0.946975
vt 0.392106 0.934838
vt 0.824546 0.847005
vt 0.824756 0.859005
vt 0.811358 0.859005
vt 0.811132 0.846503
vt 0.445786 0.983654
vt 0.432924 0.981842
vt 0.432789 0.972059
vt 0.445786 0.971652
vt 0.575515 0.604987
vt 0.574698 0.592167
vt 0.587654 0.592167
vt 0.588499 0.605371
vt 0.576800 0.340465
vt 0.576800 0.327121
vt 0.590339 0.326938
vt 0.590327 0.339952
vt 0.453541 0.724536
vt 0.467083 0.724536
vt 0.466930 0.737165
vt 0.453926 0.737542
vt 0.174642 0.033442
vt 0.174642 0.023043
vt 0.188233 0.026134
vt 0.188088 0.041480
vt 0.335292 0.170017
vt 0.322089 0.172287
vt 0.322115 0.159170
vt 0.335292 0.156493
vt 0.249755 0.368220
vt 0.263187 0.368220
vt 0.265279 0.381187
vt 0.251341 0.381173
vt 0.829960 0.787884
vt 0.842579 0.787860
vt 0.842274 0.801276
vt 0.829960 0.801426
vt 0.170136 0.131954
vt 0.156433 0.129745
vt 0.156575 0.112899
vt 0.170136 0.120452
vt 0.534675 0.630120
vt 0.548108 0.630120
vt 0.547743 0.643383
vt 0.534806 0.643564
vt 0.223162 0.198743
vt 0.206315 0.198743
vt 0.208395 0.184915
vt 0.221570 0.185660
vt 0.531525 0.409924
vt 0.545099 0.409584
vt 0.544931 0.422657
vt 0.531525 0.423299
vt 0.683063 0.244607
vt 0.696052 0.244083
vt 0.695990 0.256944
vt 0.683063 0.257792
vt 0.534106 0.156493
vt 0.533929 0.170464
vt 0.521241 0.171000
vt 0.521241 0.157155
vt 0.500288 0.096171
vt 0.487376 0.096382
vt 0.487376 0.082741
vt 0.500802 0.082294
vt 0.263461 0.525271
vt 0.263375 0.538733
vt 0.249942 0.538733
vt 0.249755 0.525112
vt 0.439949 0.057858
vt 0.440925 0.071831
vt 0.428427 0.071493
vt 0.426995 0.057858
vt 0.814118 0.471107
vt 0.815388 0.484490
vt 0.802489 0.483610
vt 0.802489 0.471107
vt 0.227305 0.205013
vt 0.243971 0.206127
vt 0.243168 0.218690
vt 0.228491 0.218690
vt 0.629219 0.347885
vt 0.628784 0.361268
vt 0.615686 0.361127
vt 0.615686 0.348284
vt 0.677454 0.429701
vt 0.677454 0.443340
vt 0.665016 0.444073
vt 0.665392 0.430613
vt 0.695976 0.388306
vt 0.708287 0.388039
vt 0.707520 0.401309
vt 0.695976 0.402427
vt 0.725760 0.722286
vt 0.713955 0.723329
vt 0.712891 0.710429
vt 0.726570 0.710429
vt 0.705130 0.463194
vt 0.693179 0.464275
vt 0.693179 0.449833
vt 0.705448 0.450174
vt 0.204276 0.137445
vt 0.222299 0.137445
vt 0.221773 0.150319
vt 0.207657 0.150233
vt 0.662946 0.511004
vt 0.662964 0.524334
vt 0.649476 0.523090
vt 0.650017 0.511004
vt 0.801653 0.571938
vt 0.801653 0.584535
vt 0.788927 0.585540
vt 0.789211 0.572174
vt 0.921704 0.923164
vt 0.921704 0.936084
vt 0.909066 0.936236
vt 0.909211 0.923564
vt 0.315049 0.411958
vt 0.329618 0.411923
vt 0.327700 0.425078
vt 0.315049 0.425390
vt 0.673368 0.934825
vt 0.673664 0.922007
vt 0.685676 0.921905
vt 0.686166 0.934825
vt 0.964799 0.442990
vt 0.952667 0.442990
vt 0.952743 0.430230
vt 0.964675 0.429701
vt 0.274824 0.269482
vt 0.289814 0.267271
vt 0.287343 0.281720
vt 0.274824 0.281407
vt 0.095450 0.438698
vt 0.081748 0.438698
vt 0.081055 0.425422
vt 0.095714 0.426144
vt 0.173501 0.282917
vt 0.160567 0.282917
vt 0.159255 0.268317
vt 0.174193 0.269271
vt 0.172284 0.762615
vt 0.172828 0.775453
vt 0.159572 0.775431
vt 0.159255 0.762615
vt 0.329955 0.364061
vt 0.316261 0.365772
vt 0.316261 0.352229
vt 0.330150 0.351106
vt 0.432789 0.916088
vt 0.445970 0.916088
vt 0.446186 0.928482
vt 0.433060 0.928391
vt 0.113599 0.241142
vt 0.126948 0.240710
vt 0.126948 0.253972
vt 0.112496 0.256196
vt 0.172635 0.542905
vt 0.159255 0.542905
vt 0.159308 0.529109
vt 0.172281 0.528976
vt 0.680699 0.471139
vt 0.680699 0.484962
vt 0.667911 0.485084
vt 0.667980 0.471107
vt 0.081107 0.690760
vt 0.081055 0.676979
vt 0.093983 0.677189
vt 0.093783 0.690760
vt 0.459572 0.217083
vt 0.459805 0.203319
vt 0.472907 0.202730
vt 0.472907 0.216332
vt 0.025844 0.371131
vt 0.039194 0.370741
vt 0.040126 0.384228
vt 0.025196 0.384228
vt 0.479024 0.278476
vt 0.478600 0.265913
vt 0.491433 0.265913
vt 0.492218 0.279842
vt 0.635238 0.464484
vt 0.634613 0.451568
vt 0.647937 0.451632
vt 0.648571 0.464484
vt 0.486459 0.802066
vt 0.486811 0.815113
vt 0.473749 0.815113
vt 0.473670 0.801973
vt 0.739068 0.082294
vt 0.752739 0.082294
vt 0.752517 0.095125
vt 0.739266 0.094980
vt 0.784924 0.876624
vt 0.771661 0.876762
vt 0.771661 0.863973
vt 0.784911 0.864227
vt 0.172772 0.737490
vt 0.159994 0.737490
vt 0.159255 0.724457
vt 0.172428 0.724770
vt 0.038481 0.637797
vt 0.025196 0.638810
vt 0.025196 0.626516
vt 0.039123 0.625831
vt 0.285275 0.932007
vt 0.272732 0.932007
vt 0.272277 0.919282
vt 0.285307 0.919703
vt 0.412657 0.910926
vt 0.412657 0.898623
vt 0.425768 0.898356
vt 0.425377 0.911139
vt 0.003087 0.506581
vt 0.003087 0.493282
vt 0.016609 0.492616
vt 0.016548 0.505796
vt 0.228811 0.070357
vt 0.227141 0.057858
vt 0.240638 0.057858
vt 0.242651 0.072613
vt 0.966181 0.916085
vt 0.966181 0.904216
vt 0.979450 0.906225
vt 0.979178 0.915931
vt 0.240538 0.934846
vt 0.240453 0.946874
vt 0.227399 0.947199
vt 0.227234 0.934846
vt 0.806117 0.169375
vt 0.793111 0.169375
vt 0.792688 0.156493
vt 0.805966 0.156550
vt 0.425932 0.259381
vt 0.412949 0.256006
vt 0.412949 0.244352
vt 0.425980 0.245765
vt 0.547257 0.981506
vt 0.533761 0.985016
vt 0.533761 0.973680
vt 0.547120 0.975130
vt 0.593949 0.684165
vt 0.593949 0.670985
vt 0.607486 0.670978
vt 0.607057 0.683983
vt 0.871081 0.422263
vt 0.858432 0.422263
vt 0.857974 0.409289
vt 0.870982 0.409531
vt 0.313559 0.126137
vt 0.300346 0.128236
vt 0.299805 0.112899
vt 0.313595 0.112899
vt 0.414402 0.424271
vt 0.414402 0.410747
vt 0.427729 0.409584
vt 0.427334 0.422950
vt 0.219008 0.539469
vt 0.219419 0.552288
vt 0.205629 0.552288
vt 0.205305 0.539157
vt 0.791793 0.298736
vt 0.779230 0.298927
vt 0.779046 0.285509
vt 0.791984 0.285509
vt 0.495442 0.551204
vt 0.507742 0.550595
vt 0.507742 0.564359
vt 0.495009 0.565077
vt 0.182619 0.685139
vt 0.196041 0.685139
vt 0.195944 0.698144
vt 0.182846 0.698406
vt 0.453603 0.548558
vt 0.466284 0.547869
vt 0.466284 0.561853
vt 0.453541 0.562357
vt 0.025196 0.839381
vt 0.038151 0.839419
vt 0.038270 0.852193
vt 0.025196 0.852455
vt 0.182661 0.952208
vt 0.195142 0.952175
vt 0.195142 0.964741
vt 0.182619 0.965069
vt 0.618901 0.244083
vt 0.618599 0.257925
vt 0.605993 0.258154
vt 0.605993 0.244498
vt 0.573437 0.170129
vt 0.560348 0.170177
vt 0.560348 0.156787
vt 0.573807 0.156493
vt 0.175601 0.016658
vt 0.163986 0.016098
vt 0.156948 0.003087
vt 0.173651 0.003087
vt 0.986049 0.523491
vt 0.973801 0.523491
vt 0.974423 0.511167
vt 0.985420 0.511004
vt 0.038958 0.619077
vt 0.025196 0.619657
vt 0.025196 0.607069
vt 0.039222 0.606707
vt 0.625075 0.257804
vt 0.625190 0.245047
vt 0.638253 0.244083
vt 0.638253 0.257330
vt 0.284999 0.729931
vt 0.285971 0.742338
vt 0.272506 0.742338
vt 0.272277 0.729497
vt 0.438422 0.299101
vt 0.424309 0.298642
vt 0.423032 0.286613
vt 0.436384 0.286613
vt 0.017915 0.314395
vt 0.015562 0.327123
vt 0.003331 0.328559
vt 0.003087 0.314395
vt 0.285949 0.525081
vt 0.272277 0.525541
vt 0.272277 0.513314
vt 0.287357 0.513164
vt 0.195701 0.487120
vt 0.195701 0.501562
vt 0.182619 0.501148
vt 0.182829 0.487667
vt 0.457800 0.148185
vt 0.444904 0.149938
vt 0.444904 0.135821
vt 0.457913 0.135142
vt 0.417189 0.361044
vt 0.415746 0.349019
vt 0.430041 0.349019
vt 0.430537 0.362237
vt 0.219299 0.338638
vt 0.205305 0.335722
vt 0.205585 0.323735
vt 0.219131 0.323735
vt 0.964866 0.877723
vt 0.964866 0.865624
vt 0.977788 0.865485
vt 0.977110 0.877415
vt 0.037831 0.833207
vt 0.025196 0.832819
vt 0.025207 0.820222
vt 0.037831 0.819607
vt 0.663396 0.112899
vt 0.662976 0.125658
vt 0.650751 0.127098
vt 0.650751 0.113391
vt 0.348840 0.607938
vt 0.349751 0.620704
vt 0.336263 0.620704
vt 0.335925 0.607564
vt 0.851698 0.179191
vt 0.852370 0.192304
vt 0.839334 0.192304
vt 0.839568 0.179377
vt 0.094126 0.970358
vt 0.081055 0.972758
vt 0.081055 0.960833
vt 0.094373 0.962380
vt 0.859209 0.471340
vt 0.871653 0.469939
vt 0.871653 0.483591
vt 0.859818 0.483031
vt 0.182619 0.507736
vt 0.195590 0.507736
vt 0.196395 0.521375
vt 0.182719 0.520532
vt 0.792696 0.380957
vt 0.792413 0.368403
vt 0.806188 0.368403
vt 0.805996 0.380644
vt 0.742860 0.449833
vt 0.742788 0.463374
vt 0.731132 0.463431
vt 0.729926 0.449833
vt 0.370087 0.707535
vt 0.370661 0.720481
vt 0.357417 0.719924
vt 0.356995 0.707535
vt 0.566691 0.257408
vt 0.566691 0.244145
vt 0.580492 0.244083
vt 0.580472 0.256903
vt 0.112496 0.132836
vt 0.112496 0.112899
vt 0.126480 0.117171
vt 0.122583 0.130141
vt 0.518643 0.216932
vt 0.518688 0.204948
vt 0.531797 0.202730
vt 0.531797 0.216086
vt 0.307503 0.244352
vt 0.307882 0.259441
vt 0.293821 0.259441
vt 0.294407 0.244733
vt 0.596899 0.071654
vt 0.583784 0.071802
vt 0.583848 0.057925
vt 0.596899 0.057858
vt 0.611025 0.511010
vt 0.623801 0.511004
vt 0.623961 0.524980
vt 0.610987 0.524980
vt 0.705975 0.409584
vt 0.718660 0.409635
vt 0.718775 0.423416
vt 0.706056 0.423416
vt 0.529061 0.525826
vt 0.515904 0.525594
vt 0.515452 0.512082
vt 0.528382 0.512082
vt 0.564620 0.192957
vt 0.551523 0.193288
vt 0.551682 0.179573
vt 0.564620 0.179191
vt 0.195988 0.908713
vt 0.183292 0.908713
vt 0.182619 0.896161
vt 0.195763 0.896214
vt 0.678088 0.036164
vt 0.677840 0.023043
vt 0.690901 0.023243
vt 0.691421 0.036164
vt 0.758913 0.082294
vt 0.772246 0.082388
vt 0.772565 0.095071
vt 0.759332 0.095071
vt 0.486809 0.916489
vt 0.487062 0.928680
vt 0.473670 0.928698
vt 0.473670 0.916301
vt 0.900898 0.761601
vt 0.887964 0.761600
vt 0.887647 0.749052
vt 0.900898 0.748906
vt 0.426008 0.873211
vt 0.412904 0.873211
vt 0.412657 0.860490
vt 0.425917 0.860808
vt 0.337716 0.360873
vt 0.336375 0.349019
vt 0.349153 0.349019
vt 0.350821 0.363161
vt 0.754419 0.169281
vt 0.754297 0.156493
vt 0.767681 0.156493
vt 0.767109 0.169533
vt 0.666490 0.826868
vt 0.667178 0.839673
vt 0.654788 0.839673
vt 0.653948 0.826718
vt 0.473670 0.897321
vt 0.486390 0.897552
vt 0.486759 0.910127
vt 0.474331 0.910127
vt 0.395702 0.157654
vt 0.395891 0.171383
vt 0.382662 0.171383
vt 0.382455 0.156493
vt 0.527789 0.703122
vt 0.514663 0.703207
vt 0.514579 0.690022
vt 0.528063 0.690022
vt 0.227234 0.971291
vt 0.240232 0.971396
vt 0.240158 0.982870
vt 0.227234 0.983319
vt 0.272382 0.913108
vt 0.272277 0.900283
vt 0.285335 0.900283
vt 0.285231 0.912948
vt 0.016360 0.642010
vt 0.003403 0.642010
vt 0.003087 0.628398
vt 0.016084 0.628866
vt 0.822026 0.126000
vt 0.821814 0.112899
vt 0.834923 0.113018
vt 0.834906 0.126000
vt 0.730596 0.360935
vt 0.730596 0.347885
vt 0.743210 0.348833
vt 0.743001 0.361813
vt 0.492172 0.382608
vt 0.479440 0.381799
vt 0.478576 0.368654
vt 0.491814 0.368654
vt 0.611280 0.545461
vt 0.611280 0.532089
vt 0.624448 0.531687
vt 0.623729 0.544568
vt 0.370952 0.603967
vt 0.356995 0.603720
vt 0.357127 0.590895
vt 0.370732 0.590895
vt 0.760009 0.592150
vt 0.760001 0.605534
vt 0.747446 0.606062
vt 0.747446 0.592298
vt 0.787332 0.361114
vt 0.787332 0.347885
vt 0.800430 0.348125
vt 0.800354 0.361102
vt 0.810775 0.781444
vt 0.810730 0.768439
vt 0.823805 0.768662
vt 0.823966 0.781444
vt 0.666543 0.651660
vt 0.666507 0.665459
vt 0.653948 0.665889
vt 0.653948 0.652226
vt 0.928295 0.904216
vt 0.940816 0.904583
vt 0.941207 0.916990
vt 0.928350 0.916990
vt 0.335925 0.950954
vt 0.348072 0.951018
vt 0.348807 0.963513
vt 0.336387 0.963513
vt 0.583859 0.179191
vt 0.583678 0.192846
vt 0.570794 0.193237
vt 0.570794 0.179990
vt 0.626412 0.957701
vt 0.626067 0.970073
vt 0.613963 0.970530
vt 0.613963 0.958190
vt 0.463921 0.036748
vt 0.465815 0.024110
vt 0.477880 0.023043
vt 0.477880 0.035326
vt 0.876841 0.462161
vt 0.863759 0.462804
vt 0.863871 0.450432
vt 0.876841 0.449833
vt 0.357588 0.766465
vt 0.370307 0.765949
vt 0.370307 0.778707
vt 0.356995 0.779024
vt 0.487308 0.661581
vt 0.473954 0.661875
vt 0.474142 0.649153
vt 0.487308 0.648409
vt 0.505971 0.451568
vt 0.508618 0.464211
vt 0.495269 0.463917
vt 0.493729 0.451568
vt 0.016349 0.252871
vt 0.018514 0.267238
vt 0.004462 0.265449
vt 0.003087 0.252871
vt 0.235887 0.156493
vt 0.235302 0.168705
vt 0.220781 0.171709
vt 0.220781 0.158447
vt 0.195810 0.402405
vt 0.182619 0.401029
vt 0.182639 0.387324
vt 0.195727 0.387324
vt 0.647227 0.016567
vt 0.647341 0.003586
vt 0.660359 0.003087
vt 0.660574 0.016567
vt 0.535423 0.681541
vt 0.534381 0.669173
vt 0.547782 0.669173
vt 0.548108 0.682183
vt 0.125766 0.684041
vt 0.112496 0.684452
vt 0.112496 0.671407
vt 0.125792 0.671024
vt 0.868620 0.799258
vt 0.867503 0.787860
vt 0.880655 0.787860
vt 0.881499 0.799942
vt 0.335925 0.969687
vt 0.348993 0.971171
vt 0.348830 0.980999
vt 0.335925 0.981677
vt 0.541194 0.244083
vt 0.540738 0.257851
vt 0.528298 0.258526
vt 0.528298 0.246578
vt 0.728102 0.491576
vt 0.728758 0.504544
vt 0.715153 0.504544
vt 0.715478 0.492240
vt 0.374795 0.237750
vt 0.360758 0.237512
vt 0.359220 0.224755
vt 0.372820 0.224755
vt 0.281818 0.072723
vt 0.267112 0.072723
vt 0.268361 0.059293
vt 0.281318 0.057858
vt 0.979074 0.889085
vt 0.979919 0.897023
vt 0.966515 0.897308
vt 0.966515 0.885601
vt 0.818971 0.429701
vt 0.831329 0.430154
vt 0.831998 0.442901
vt 0.820149 0.442901
vt 0.125430 0.761337
vt 0.112496 0.761241
vt 0.112496 0.749520
vt 0.125989 0.748378
vt 0.262649 0.857602
vt 0.263052 0.870393
vt 0.249755 0.869987
vt 0.249831 0.857602
vt 0.453902 0.914771
vt 0.467096 0.914813
vt 0.466638 0.927047
vt 0.453541 0.927047
vt 0.973428 0.298816
vt 0.971731 0.285672
vt 0.983386 0.285509
vt 0.983386 0.298839
vt 0.466657 0.489863
vt 0.467927 0.502996
vt 0.454138 0.502808
vt 0.453541 0.489863
vt 0.370465 0.662207
vt 0.357373 0.662207
vt 0.356995 0.648856
vt 0.369951 0.648994
vt 0.003087 0.043241
vt 0.005126 0.033002
vt 0.015484 0.033002
vt 0.020860 0.052276
vt 0.071238 0.122207
vt 0.074234 0.135945
vt 0.054225 0.135945
vt 0.056083 0.122813
vt 0.385411 0.016632
vt 0.386448 0.003087
vt 0.400130 0.003267
vt 0.400130 0.016438
vt 0.625093 0.112899
vt 0.624972 0.126775
vt 0.612029 0.126741
vt 0.612029 0.113000
vt 0.604711 0.511004
vt 0.604813 0.524973
vt 0.591762 0.524973
vt 0.591764 0.511071
vt 0.633969 0.704120
vt 0.633969 0.690222
vt 0.646642 0.690286
vt 0.646745 0.704118
vt 0.249841 0.584569
vt 0.262430 0.585222
vt 0.262430 0.598983
vt 0.249755 0.598480
vt 0.466017 0.148512
vt 0.464087 0.135142
vt 0.477247 0.135142
vt 0.478383 0.148514
vt 0.643272 0.511004
vt 0.643302 0.524719
vt 0.630135 0.524417
vt 0.630212 0.511004
vt 0.971409 0.179191
vt 0.983130 0.179191
vt 0.982474 0.192319
vt 0.972651 0.192464
vt 0.919740 0.200833
vt 0.932241 0.200833
vt 0.932462 0.213766
vt 0.919650 0.213361
vt 0.667124 0.901328
vt 0.667124 0.913821
vt 0.653737 0.913522
vt 0.654000 0.901331
vt 0.700453 0.070798
vt 0.700051 0.057858
vt 0.713384 0.058020
vt 0.713755 0.070798
vt 0.081575 0.880407
vt 0.081055 0.867851
vt 0.094288 0.867858
vt 0.094541 0.880407
vt 0.594206 0.894939
vt 0.593949 0.882538
vt 0.607340 0.882716
vt 0.607539 0.894939
vt 0.764822 0.920945
vt 0.765098 0.933470
vt 0.752096 0.933404
vt 0.751888 0.920945
vt 0.528501 0.533196
vt 0.528266 0.546221
vt 0.515452 0.546240
vt 0.515452 0.532000
vt 0.573614 0.956934
vt 0.586291 0.957579
vt 0.586328 0.969509
vt 0.573973 0.969509
vt 0.126185 0.664850
vt 0.114065 0.664790
vt 0.112496 0.651740
vt 0.124886 0.651740
vt 0.614579 0.858130
vt 0.613963 0.844970
vt 0.626382 0.845450
vt 0.626925 0.858130
vt 0.094785 0.599515
vt 0.094306 0.612692
vt 0.081224 0.612770
vt 0.081055 0.599515
vt 0.409572 0.349822
vt 0.409390 0.363626
vt 0.396368 0.363979
vt 0.396368 0.349019
vt 0.547504 0.688624
vt 0.547603 0.701806
vt 0.534847 0.701806
vt 0.534381 0.688357
vt 0.056917 0.180429
vt 0.070972 0.180429
vt 0.065825 0.194476
vt 0.053354 0.191337
vt 0.566888 0.923269
vt 0.566593 0.935893
vt 0.553956 0.936044
vt 0.553956 0.923378
vt 0.796530 0.148284
vt 0.796176 0.135142
vt 0.809025 0.135303
vt 0.809335 0.148283
vt 0.613963 0.729537
vt 0.626843 0.729661
vt 0.627324 0.742702
vt 0.614650 0.742702
vt 0.587049 0.626190
vt 0.574698 0.624598
vt 0.574704 0.611544
vt 0.587049 0.613046
vt 0.389154 0.389818
vt 0.389154 0.405221
vt 0.376280 0.402539
vt 0.376397 0.389838
vt 0.881759 0.214116
vt 0.881759 0.201214
vt 0.894456 0.200833
vt 0.893894 0.213550
vt 0.211470 0.036116
vt 0.211504 0.023043
vt 0.224673 0.023043
vt 0.226687 0.038500
vt 0.762851 0.003087
vt 0.775873 0.003087
vt 0.775798 0.016065
vt 0.762949 0.016471
vt 0.754445 0.504153
vt 0.754240 0.491177
vt 0.767430 0.491375
vt 0.767692 0.504153
vt 0.594060 0.838809
vt 0.593949 0.826025
vt 0.606805 0.826194
vt 0.607360 0.838809
vt 0.626609 0.430831
vt 0.639459 0.430445
vt 0.639459 0.443617
vt 0.626598 0.444494
vt 0.182751 0.945795
vt 0.182619 0.933383
vt 0.195039 0.933383
vt 0.195666 0.946001
vt 0.951655 0.421805
vt 0.951800 0.409289
vt 0.963948 0.409289
vt 0.964294 0.422077
vt 0.285039 0.893739
vt 0.272277 0.894109
vt 0.272277 0.881732
vt 0.285468 0.881316
vt 0.732738 0.880185
vt 0.732960 0.867904
vt 0.745703 0.867119
vt 0.745703 0.879506
vt 0.940642 0.570795
vt 0.952961 0.571268
vt 0.952945 0.584024
vt 0.940642 0.583565
vt 0.475475 0.471481
vt 0.488199 0.471481
vt 0.488571 0.485800
vt 0.475282 0.484795
vt 0.762230 0.422354
vt 0.762806 0.410126
vt 0.775352 0.409289
vt 0.775572 0.422354
vt 0.534381 0.784728
vt 0.547627 0.784858
vt 0.547739 0.797618
vt 0.534381 0.797706
vt 0.112496 0.343661
vt 0.124553 0.343661
vt 0.127584 0.357243
vt 0.114346 0.356446
vt 0.053457 0.306212
vt 0.067822 0.304244
vt 0.067822 0.317506
vt 0.053354 0.318838
vt 0.230338 0.197742
vt 0.229336 0.183609
vt 0.242598 0.183609
vt 0.244323 0.198743
vt 0.508931 0.016065
vt 0.508665 0.003087
vt 0.522013 0.003087
vt 0.522369 0.016787
vt 0.567418 0.690478
vt 0.567211 0.703778
vt 0.554230 0.703948
vt 0.554230 0.690817
vt 0.725786 0.969216
vt 0.713415 0.968380
vt 0.712891 0.957000
vt 0.725786 0.956804
vt 0.783243 0.471107
vt 0.795945 0.471107
vt 0.796315 0.484378
vt 0.783678 0.483911
vt 0.595270 0.451827
vt 0.608285 0.451568
vt 0.608285 0.465081
vt 0.594943 0.465217
vt 0.221131 0.217819
vt 0.206429 0.221117
vt 0.209866 0.207077
vt 0.221131 0.205013
vt 0.609827 0.179191
vt 0.622944 0.179418
vt 0.623000 0.192156
vt 0.609827 0.192967
vt 0.473985 0.840035
vt 0.486834 0.840127
vt 0.486834 0.852709
vt 0.473670 0.853017
vt 0.252236 0.247554
vt 0.265753 0.247554
vt 0.268557 0.261097
vt 0.253685 0.260934
vt 0.173293 0.343409
vt 0.160415 0.341400
vt 0.159255 0.328688
vt 0.171669 0.328688
vt 0.533780 0.948839
vt 0.533761 0.936437
vt 0.546764 0.936455
vt 0.546974 0.948839
vt 0.953012 0.285509
vt 0.965294 0.285584
vt 0.965557 0.298352
vt 0.953216 0.298352
vt 0.376446 0.036230
vt 0.363286 0.036189
vt 0.361090 0.023043
vt 0.376021 0.023043
vt 0.635938 0.236677
vt 0.622822 0.236677
vt 0.622249 0.223466
vt 0.635054 0.223539
vt 0.293890 0.135608
vt 0.295032 0.149697
vt 0.281769 0.149697
vt 0.280229 0.135142
vt 0.274824 0.347691
vt 0.274824 0.332524
vt 0.288207 0.333605
vt 0.288405 0.347371
vt 0.571313 0.203254
vt 0.571387 0.216412
vt 0.558154 0.216412
vt 0.557919 0.202730
vt 0.650740 0.552186
vt 0.663801 0.552253
vt 0.663816 0.565533
vt 0.650740 0.565926
vt 0.586666 0.244210
vt 0.599819 0.244083
vt 0.599819 0.257985
vt 0.586756 0.257888
vt 0.640557 0.423491
vt 0.627610 0.423541
vt 0.627834 0.409584
vt 0.640557 0.409594
vt 0.572979 0.511004
vt 0.585589 0.511554
vt 0.585589 0.525466
vt 0.572920 0.525140
vt 0.218647 0.591253
vt 0.206238 0.590916
vt 0.205305 0.577528
vt 0.217912 0.577528
vt 0.710728 0.036456
vt 0.697617 0.036456
vt 0.697595 0.023043
vt 0.710824 0.023377
vt 0.786656 0.704243
vt 0.773340 0.703760
vt 0.773709 0.691272
vt 0.786656 0.691198
vt 0.869973 0.884754
vt 0.883363 0.884754
vt 0.883499 0.897192
vt 0.870026 0.896979
vt 0.159255 0.743663
vt 0.172555 0.743881
vt 0.172953 0.756441
vt 0.159806 0.756441
vt 0.432789 0.934656
vt 0.445755 0.934719
vt 0.445919 0.947178
vt 0.433063 0.947178
vt 0.003087 0.782562
vt 0.016407 0.783151
vt 0.016393 0.795586
vt 0.003351 0.795586
vt 0.458947 0.286089
vt 0.472083 0.286054
vt 0.473574 0.298902
vt 0.458704 0.298902
vt 0.982900 0.306127
vt 0.982867 0.317267
vt 0.970574 0.317967
vt 0.970574 0.305275
vt 0.546848 0.473202
vt 0.546847 0.486741
vt 0.534707 0.484666
vt 0.534850 0.471481
vt 0.453541 0.704830
vt 0.465873 0.705393
vt 0.466632 0.718362
vt 0.453971 0.718362
vt 0.172333 0.628606
vt 0.172266 0.642063
vt 0.159460 0.642063
vt 0.159255 0.628250
vt 0.307996 0.585580
vt 0.294705 0.586189
vt 0.294705 0.572384
vt 0.307958 0.572680
vt 0.182619 0.678965
vt 0.182619 0.665626
vt 0.195640 0.665221
vt 0.195617 0.678645
vt 0.567046 0.671187
vt 0.567418 0.684304
vt 0.554715 0.684304
vt 0.554299 0.670695
vt 0.686260 0.781697
vt 0.673539 0.781915
vt 0.673539 0.769288
vt 0.686365 0.768358
vt 0.902050 0.827338
vt 0.902369 0.840175
vt 0.889742 0.840175
vt 0.889413 0.827195
vt 0.633043 0.024322
vt 0.633010 0.037375
vt 0.620433 0.036165
vt 0.620433 0.023043
vt 0.284593 0.533582
vt 0.284593 0.546768
vt 0.272277 0.544724
vt 0.272281 0.531715
vt 0.472866 0.443768
vt 0.472422 0.431561
vt 0.485525 0.430445
vt 0.485525 0.444995
vt 0.966543 0.112899
vt 0.966893 0.125694
vt 0.954746 0.125621
vt 0.954329 0.112899
vt 0.129123 0.023043
vt 0.129123 0.036186
vt 0.125284 0.049559
vt 0.118943 0.035319
vt 0.614459 0.451568
vt 0.627758 0.451568
vt 0.628439 0.464518
vt 0.614727 0.464346
vt 0.249805 0.832466
vt 0.249755 0.819839
vt 0.262671 0.819839
vt 0.263267 0.832558
vt 0.240109 0.928672
vt 0.227234 0.928672
vt 0.227257 0.916039
vt 0.239896 0.915761
vt 0.933606 0.223466
vt 0.945880 0.223643
vt 0.946472 0.236256
vt 0.933861 0.236256
vt 0.327860 0.910808
vt 0.315049 0.911222
vt 0.315049 0.898791
vt 0.328004 0.898284
vt 0.939898 0.502999
vt 0.927436 0.502940
vt 0.927010 0.490192
vt 0.939396 0.490192
vt 0.971343 0.623337
vt 0.958963 0.623312
vt 0.958643 0.610766
vt 0.970955 0.610766
vt 0.172969 0.449516
vt 0.173781 0.462745
vt 0.159465 0.462275
vt 0.159255 0.449516
vt 0.185459 0.442704
vt 0.182619 0.429668
vt 0.196098 0.430296
vt 0.197516 0.442704
vt 0.287357 0.506990
vt 0.274730 0.506990
vt 0.273759 0.493108
vt 0.285893 0.493183
vt 0.246062 0.247554
vt 0.244552 0.261493
vt 0.230111 0.260198
vt 0.231473 0.247554
vt 0.318237 0.267271
vt 0.331615 0.268725
vt 0.331473 0.282893
vt 0.318237 0.280783
vt 0.654814 0.279275
vt 0.654814 0.266478
vt 0.667828 0.265494
vt 0.667778 0.278625
vt 0.242089 0.446351
vt 0.228913 0.447008
vt 0.228913 0.433953
vt 0.242599 0.432847
vt 0.958944 0.960745
vt 0.958944 0.973556
vt 0.946776 0.972565
vt 0.946546 0.960907
vt 0.973067 0.126429
vt 0.973067 0.113623
vt 0.984437 0.112899
vt 0.984311 0.124637
vt 0.777340 0.112899
vt 0.777677 0.126289
vt 0.764672 0.126289
vt 0.764700 0.113254
vt 0.472629 0.340061
vt 0.459035 0.341022
vt 0.459318 0.327852
vt 0.472629 0.326938
vt 0.412745 0.203813
vt 0.411606 0.216616
vt 0.398275 0.216919
vt 0.397677 0.203813
vt 0.843429 0.671060
vt 0.843114 0.683576
vt 0.830155 0.683959
vt 0.830155 0.671220
vt 0.198565 0.243719
vt 0.198565 0.257431
vt 0.182619 0.257723
vt 0.185223 0.245413
vt 0.196136 0.325241
vt 0.197202 0.339502
vt 0.184196 0.339312
vt 0.182619 0.325241
vt 0.275228 0.399113
vt 0.288176 0.394251
vt 0.288176 0.407328
vt 0.273759 0.407976
vt 0.369955 0.349837
vt 0.369743 0.364645
vt 0.356995 0.363320
vt 0.356995 0.349019
vt 0.971723 0.462240
vt 0.958878 0.462240
vt 0.958863 0.449833
vt 0.971719 0.449838
vt 0.978183 0.954525
vt 0.965722 0.954513
vt 0.965607 0.941977
vt 0.977948 0.941977
vt 0.536246 0.306352
vt 0.535717 0.319509
vt 0.523131 0.318502
vt 0.523131 0.305275
vt 0.135430 0.317552
vt 0.148950 0.317552
vt 0.150893 0.331067
vt 0.136119 0.330863
vt 0.491354 0.113300
vt 0.491764 0.126901
vt 0.478338 0.127034
vt 0.478338 0.112899
vt 0.476739 0.319005
vt 0.463070 0.318888
vt 0.462797 0.305275
vt 0.475707 0.305275
vt 0.148765 0.552570
vt 0.148834 0.565802
vt 0.135430 0.565826
vt 0.135430 0.552059
vt 0.003087 0.743909
vt 0.016391 0.744188
vt 0.016381 0.757067
vt 0.003159 0.757067
vt 0.748066 0.504176
vt 0.734932 0.504544
vt 0.734956 0.491265
vt 0.748066 0.491177
vt 0.629564 0.485159
vt 0.629564 0.471481
vt 0.642645 0.471513
vt 0.642767 0.484842
vt 0.570358 0.423543
vt 0.570580 0.409813
vt 0.583408 0.409584
vt 0.583512 0.423543
vt 0.608702 0.409584
vt 0.621436 0.409699
vt 0.621424 0.423835
vt 0.608702 0.423638
vt 0.426573 0.510701
vt 0.426379 0.524444
vt 0.413787 0.523586
vt 0.413787 0.509822
vt 0.799258 0.257163
vt 0.799258 0.244083
vt 0.812478 0.244270
vt 0.812426 0.257096
vt 0.066797 0.642460
vt 0.066999 0.655663
vt 0.053354 0.654897
vt 0.053472 0.642460
vt 0.159255 0.602295
vt 0.159651 0.589257
vt 0.172426 0.588653
vt 0.172649 0.602295
vt 0.889077 0.865485
vt 0.902551 0.865508
vt 0.902598 0.877917
vt 0.889355 0.877917
vt 0.877910 0.470199
vt 0.890433 0.469939
vt 0.890433 0.482590
vt 0.877827 0.483346
vt 0.791495 0.826419
vt 0.804530 0.826841
vt 0.804546 0.839277
vt 0.791495 0.839556
vt 0.218757 0.751120
vt 0.219243 0.763646
vt 0.205305 0.763646
vt 0.205831 0.751571
vt 0.072568 0.164145
vt 0.067697 0.174255
vt 0.053354 0.174255
vt 0.059810 0.160859
vt 0.926049 0.285509
vt 0.927488 0.298327
vt 0.914507 0.297817
vt 0.914827 0.285509
vt 0.294705 0.348040
vt 0.307022 0.348040
vt 0.309416 0.361926
vt 0.295849 0.361445
vt 0.229743 0.394259
vt 0.242494 0.392864
vt 0.243340 0.406910
vt 0.229249 0.406910
vt 0.554808 0.566582
vt 0.554808 0.552186
vt 0.567603 0.552707
vt 0.567581 0.566323
vt 0.126788 0.568836
vt 0.112496 0.568836
vt 0.112963 0.555945
vt 0.126775 0.556224
vt 0.629174 0.192768
vt 0.629174 0.179344
vt 0.642478 0.179191
vt 0.642420 0.191602
vt 0.593949 0.768434
vt 0.606948 0.768148
vt 0.606795 0.781125
vt 0.593949 0.781529
vt 0.655833 0.298940
vt 0.643452 0.298940
vt 0.642264 0.285665
vt 0.654966 0.285874
vt 0.855104 0.511004
vt 0.855428 0.524095
vt 0.842675 0.523840
vt 0.842382 0.511004
vt 0.535235 0.524099
vt 0.535235 0.511004
vt 0.547738 0.512818
vt 0.547565 0.525826
vt 0.037680 0.469918
vt 0.039520 0.483246
vt 0.026754 0.482386
vt 0.025196 0.469918
vt 0.396901 0.196705
vt 0.395268 0.182246
vt 0.408949 0.184779
vt 0.408629 0.196705
vt 0.432789 0.662537
vt 0.432860 0.650242
vt 0.445451 0.649915
vt 0.447012 0.662537
vt 0.836752 0.223466
vt 0.849339 0.223898
vt 0.850173 0.236214
vt 0.837898 0.236214
vt 0.494185 0.758874
vt 0.493931 0.747026
vt 0.505861 0.747026
vt 0.507322 0.760088
vt 0.432789 0.530469
vt 0.446252 0.530469
vt 0.446922 0.543638
vt 0.432884 0.543436
vt 0.285274 0.786358
vt 0.285640 0.799327
vt 0.272277 0.799327
vt 0.272401 0.786595
vt 0.824178 0.897004
vt 0.811355 0.897004
vt 0.811132 0.884093
vt 0.823742 0.884188
vt 0.804273 0.864922
vt 0.804932 0.877422
vt 0.792063 0.877422
vt 0.791495 0.864808
vt 0.908772 0.878366
vt 0.908772 0.865842
vt 0.921720 0.865485
vt 0.921501 0.878179
vt 0.958646 0.502701
vt 0.946072 0.502959
vt 0.946072 0.490497
vt 0.958799 0.490192
vt 0.306048 0.973420
vt 0.306366 0.985513
vt 0.293653 0.985370
vt 0.293668 0.973420
vt 0.003118 0.294642
vt 0.017158 0.294642
vt 0.018729 0.308222
vt 0.003087 0.307896
vt 0.027350 0.502740
vt 0.025196 0.489420
vt 0.038574 0.489420
vt 0.039332 0.502790
vt 0.913103 0.200833
vt 0.913477 0.213869
vt 0.901356 0.213301
vt 0.900630 0.200833
vt 0.406785 0.602223
vt 0.392917 0.601561
vt 0.392413 0.589528
vt 0.406032 0.589528
vt 0.241825 0.095513
vt 0.227246 0.094975
vt 0.226791 0.082294
vt 0.244041 0.082294
vt 0.370186 0.083897
vt 0.382257 0.082294
vt 0.382257 0.095091
vt 0.368951 0.097442
vt 0.518853 0.390171
vt 0.532355 0.389110
vt 0.531881 0.402156
vt 0.518853 0.402945
vt 0.307481 0.238048
vt 0.293186 0.238048
vt 0.295920 0.225213
vt 0.309626 0.226033
vt 0.938811 0.748906
vt 0.939182 0.761935
vt 0.926508 0.761935
vt 0.926620 0.749561
vt 0.534707 0.492915
vt 0.546367 0.492915
vt 0.544655 0.504695
vt 0.535455 0.504629
vt 0.939413 0.400856
vt 0.926526 0.400856
vt 0.927484 0.388039
vt 0.938840 0.388856
vt 0.195860 0.586737
vt 0.195860 0.599910
vt 0.182619 0.600548
vt 0.182863 0.587183
vt 0.053354 0.346215
vt 0.066915 0.345905
vt 0.066845 0.359050
vt 0.053354 0.360979
vt 0.666637 0.724220
vt 0.654059 0.724220
vt 0.653948 0.710945
vt 0.667265 0.711632
vt 0.066505 0.737470
vt 0.066302 0.750443
vt 0.053354 0.750816
vt 0.053354 0.738296
vt 0.173278 0.302558
vt 0.159255 0.302536
vt 0.161946 0.289091
vt 0.175028 0.289091
vt 0.053354 0.544645
vt 0.066362 0.544645
vt 0.066808 0.558402
vt 0.054075 0.558253
vt 0.350763 0.268795
vt 0.350763 0.283066
vt 0.337789 0.281427
vt 0.338010 0.267271
vt 0.112496 0.540511
vt 0.126311 0.536339
vt 0.126311 0.549771
vt 0.113233 0.549464
vt 0.977214 0.400575
vt 0.964718 0.400706
vt 0.964807 0.388055
vt 0.977214 0.388039
vt 0.665902 0.975375
vt 0.666150 0.987323
vt 0.653427 0.987137
vt 0.653441 0.975375
vt 0.615816 0.278720
vt 0.615847 0.265494
vt 0.628602 0.265494
vt 0.629334 0.278890
vt 0.568794 0.126134
vt 0.555286 0.126549
vt 0.555610 0.112899
vt 0.568794 0.113039
vt 0.172596 0.622076
vt 0.159610 0.622001
vt 0.159255 0.608804
vt 0.172596 0.608469
vt 0.633837 0.135356
vt 0.634165 0.148909
vt 0.621142 0.148909
vt 0.621027 0.135142
vt 0.432850 0.265958
vt 0.432850 0.279107
vt 0.419287 0.280305
vt 0.419335 0.265913
vt 0.038772 0.600533
vt 0.025196 0.600533
vt 0.025862 0.587640
vt 0.039369 0.587847
vt 0.293653 0.726533
vt 0.306826 0.726746
vt 0.306960 0.739674
vt 0.293653 0.739765
vt 0.771661 0.857799
vt 0.771661 0.844920
vt 0.784904 0.845020
vt 0.784845 0.857772
vt 0.693215 0.743077
vt 0.693219 0.729747
vt 0.706359 0.729699
vt 0.706359 0.742625
vt 0.507121 0.798420
vt 0.493931 0.798736
vt 0.493954 0.785737
vt 0.507121 0.785594
vt 0.527751 0.625043
vt 0.514545 0.624804
vt 0.514687 0.611580
vt 0.527751 0.611311
vt 0.632852 0.592167
vt 0.645382 0.592167
vt 0.645418 0.606221
vt 0.632591 0.605947
vt 0.876721 0.429701
vt 0.889906 0.429701
vt 0.889893 0.442366
vt 0.876760 0.442527
vt 0.282093 0.156602
vt 0.295486 0.156493
vt 0.295486 0.171854
vt 0.281470 0.169792
vt 0.863083 0.768439
vt 0.863094 0.780883
vt 0.849650 0.780846
vt 0.849416 0.768439
vt 0.295988 0.280417
vt 0.299639 0.267271
vt 0.312063 0.269537
vt 0.309542 0.280417
vt 0.930286 0.035479
vt 0.930283 0.023043
vt 0.943526 0.023043
vt 0.943406 0.035323
vt 0.217750 0.630677
vt 0.205305 0.631150
vt 0.205305 0.616691
vt 0.217806 0.617623
vt 0.394550 0.259522
vt 0.394011 0.245595
vt 0.406775 0.244352
vt 0.406775 0.259860
vt 0.906585 0.781612
vt 0.906476 0.768439
vt 0.918562 0.768439
vt 0.918766 0.782013
vt 0.721382 0.244083
vt 0.733569 0.244083
vt 0.734044 0.257856
vt 0.721247 0.256981
vt 0.467433 0.057858
vt 0.479928 0.058198
vt 0.480572 0.071758
vt 0.466816 0.071758
vt 0.295044 0.433579
vt 0.308457 0.433566
vt 0.308457 0.447310
vt 0.294705 0.447647
vt 0.053354 0.297711
vt 0.053531 0.285099
vt 0.067927 0.285099
vt 0.069816 0.298070
vt 0.315263 0.661953
vt 0.315049 0.647855
vt 0.327802 0.648626
vt 0.327747 0.661953
vt 0.406397 0.646468
vt 0.406380 0.658580
vt 0.392106 0.659046
vt 0.392106 0.646635
vt 0.184289 0.448878
vt 0.197545 0.449917
vt 0.196016 0.461748
vt 0.182619 0.461748
vt 0.687419 0.585289
vt 0.674249 0.585886
vt 0.674568 0.572473
vt 0.687419 0.572348
vt 0.495671 0.689859
vt 0.508405 0.689997
vt 0.506799 0.702118
vt 0.493931 0.702118
vt 0.335925 0.658792
vt 0.337902 0.646499
vt 0.350466 0.646499
vt 0.348659 0.658850
vt 0.895127 0.257522
vt 0.895619 0.244083
vt 0.907613 0.244123
vt 0.907613 0.256918
vt 0.654025 0.885714
vt 0.668063 0.883426
vt 0.668063 0.895154
vt 0.653737 0.894614
vt 0.686424 0.864248
vt 0.686657 0.877179
vt 0.673984 0.876535
vt 0.673539 0.864248
vt 0.284965 0.862698
vt 0.285913 0.875142
vt 0.273135 0.875012
vt 0.272277 0.862698
vt 0.871554 0.524582
vt 0.862679 0.525299
vt 0.861602 0.511004
vt 0.873452 0.511004
vt 0.195773 0.423494
vt 0.182619 0.421935
vt 0.182619 0.408579
vt 0.195781 0.409472
vt 0.595803 0.305327
vt 0.596313 0.318370
vt 0.582440 0.318461
vt 0.582440 0.305275
vt 0.834386 0.471133
vt 0.834800 0.483999
vt 0.821562 0.484081
vt 0.821562 0.471107
vt 0.849957 0.683879
vt 0.849603 0.671060
vt 0.862471 0.671211
vt 0.862888 0.683879
vt 0.831374 0.368403
vt 0.844734 0.368403
vt 0.844998 0.380963
vt 0.831843 0.380911
vt 0.942704 0.818848
vt 0.942858 0.806538
vt 0.955550 0.806233
vt 0.955608 0.818848
vt 0.977816 0.502502
vt 0.964973 0.502502
vt 0.965117 0.490405
vt 0.977625 0.490192
vt 0.732275 0.974774
vt 0.732582 0.962592
vt 0.745297 0.962630
vt 0.745297 0.974724
vt 0.420283 0.058301
vt 0.420821 0.071432
vt 0.406417 0.071528
vt 0.406417 0.057858
vt 0.370497 0.413640
vt 0.371769 0.426893
vt 0.359124 0.426861
vt 0.356995 0.413640
vt 0.896079 0.442170
vt 0.896396 0.429701
vt 0.908378 0.429701
vt 0.908763 0.442928
vt 0.824245 0.921981
vt 0.824768 0.934012
vt 0.811728 0.934012
vt 0.811132 0.921894
vt 0.243511 0.563814
vt 0.229897 0.563461
vt 0.228913 0.551188
vt 0.242247 0.551188
vt 0.799305 0.200833
vt 0.798453 0.213579
vt 0.786289 0.214150
vt 0.786289 0.201303
vt 0.003087 0.525109
vt 0.004080 0.512755
vt 0.018200 0.513006
vt 0.016630 0.525109
vt 0.587971 0.444429
vt 0.588418 0.431578
vt 0.601042 0.430445
vt 0.601042 0.443812
vt 0.205305 0.988780
vt 0.205454 0.977564
vt 0.217303 0.976406
vt 0.217393 0.988780
vt 0.959205 0.952933
vt 0.947047 0.954571
vt 0.946546 0.941977
vt 0.959433 0.941977
vt 0.399494 0.370579
vt 0.413143 0.370622
vt 0.411308 0.383645
vt 0.398052 0.383644
vt 0.667639 0.192401
vt 0.667639 0.179191
vt 0.681126 0.179464
vt 0.681180 0.191603
vt 0.526999 0.748156
vt 0.527706 0.760661
vt 0.514434 0.760752
vt 0.514434 0.747575
vt 0.855820 0.564447
vt 0.842846 0.564526
vt 0.842858 0.551911
vt 0.855820 0.551363
vt 0.205305 0.461802
vt 0.218881 0.462145
vt 0.219476 0.475308
vt 0.206224 0.475308
vt 0.545349 0.193697
vt 0.532535 0.192815
vt 0.532841 0.179191
vt 0.545349 0.179928
vt 0.458986 0.368654
vt 0.471839 0.369104
vt 0.472402 0.382269
vt 0.458986 0.382924
vt 0.751888 0.987294
vt 0.752235 0.976131
vt 0.764731 0.975995
vt 0.764731 0.987757
vt 0.922067 0.973607
vt 0.909043 0.973031
vt 0.909117 0.961423
vt 0.921842 0.961423
vt 0.081055 0.632507
vt 0.081055 0.619412
vt 0.094394 0.618944
vt 0.094269 0.631484
vt 0.740313 0.564920
vt 0.727595 0.564772
vt 0.727329 0.551574
vt 0.740313 0.551363
vt 0.573614 0.768502
vt 0.586817 0.768502
vt 0.586791 0.781486
vt 0.573811 0.781676
vt 0.240810 0.726342
vt 0.240643 0.738993
vt 0.227234 0.739312
vt 0.227234 0.726501
vt 0.003318 0.570682
vt 0.016563 0.570206
vt 0.016563 0.582893
vt 0.003087 0.583829
vt 0.793084 0.244083
vt 0.793084 0.256775
vt 0.779762 0.257114
vt 0.779847 0.244414
vt 0.844001 0.709134
vt 0.844039 0.721930
vt 0.830796 0.721991
vt 0.830796 0.709062
vt 0.667155 0.858598
vt 0.653948 0.858598
vt 0.654114 0.845847
vt 0.667315 0.845970
vt 0.148671 0.836196
vt 0.135430 0.836620
vt 0.135477 0.823694
vt 0.148671 0.823659
vt 0.782327 0.339872
vt 0.769207 0.340163
vt 0.769207 0.326938
vt 0.782357 0.326999
vt 0.053354 0.866130
vt 0.053412 0.853304
vt 0.066545 0.853230
vt 0.066545 0.865795
vt 0.657083 0.244083
vt 0.657494 0.257860
vt 0.644427 0.257860
vt 0.644442 0.244450
vt 0.726098 0.881538
vt 0.726062 0.894121
vt 0.712891 0.894310
vt 0.712891 0.881644
vt 0.161675 0.178741
vt 0.159255 0.163572
vt 0.173623 0.167384
vt 0.176127 0.178741
vt 0.727221 0.691361
vt 0.727154 0.703709
vt 0.713246 0.703709
vt 0.713055 0.691266
vt 0.842482 0.807704
vt 0.842943 0.821139
vt 0.830637 0.820849
vt 0.830201 0.807704
vt 0.705575 0.348835
vt 0.705604 0.361955
vt 0.693157 0.362132
vt 0.693157 0.347885
vt 0.724949 0.423416
vt 0.725189 0.409842
vt 0.737406 0.409289
vt 0.737406 0.423252
vt 0.494745 0.485545
vt 0.495701 0.471797
vt 0.508156 0.471481
vt 0.508156 0.485286
vt 0.396218 0.287565
vt 0.396218 0.301480
vt 0.382766 0.300476
vt 0.383041 0.286639
vt 0.556018 0.023043
vt 0.555330 0.036769
vt 0.542529 0.036169
vt 0.542529 0.023123
vt 0.150059 0.468061
vt 0.135679 0.468061
vt 0.135430 0.454956
vt 0.149524 0.455357
vt 0.054225 0.057858
vt 0.070690 0.057858
vt 0.074881 0.071133
vt 0.063823 0.073489
vt 0.794998 0.191512
vt 0.781794 0.192336
vt 0.782147 0.179856
vt 0.794998 0.179191
vt 0.204276 0.156493
vt 0.214607 0.171650
vt 0.204276 0.178741
vt 0.204659 0.168599
vt 0.493931 0.842532
vt 0.508213 0.842532
vt 0.507229 0.852634
vt 0.494108 0.854460
vt 0.453541 0.620684
vt 0.453541 0.607743
vt 0.466923 0.607106
vt 0.466817 0.619303
vt 0.615011 0.318900
vt 0.602487 0.319772
vt 0.603029 0.307557
vt 0.615011 0.305275
vt 0.818742 0.360861
vt 0.806604 0.362065
vt 0.806869 0.349585
vt 0.818742 0.347885
vt 0.432250 0.341098
vt 0.419041 0.341098
vt 0.418433 0.326938
vt 0.431070 0.327702
vt 0.356995 0.551759
vt 0.370271 0.552064
vt 0.371296 0.564655
vt 0.357980 0.564655
vt 0.025196 0.724318
vt 0.038512 0.724318
vt 0.039213 0.736878
vt 0.025853 0.736781
vt 0.347610 0.257868
vt 0.334492 0.259914
vt 0.334492 0.246204
vt 0.347719 0.244352
vt 0.436567 0.224380
vt 0.437328 0.237896
vt 0.424166 0.237896
vt 0.423327 0.223979
vt 0.700272 0.223466
vt 0.713508 0.223659
vt 0.713857 0.236519
vt 0.700282 0.236519
vt 0.840217 0.003087
vt 0.853146 0.003267
vt 0.853488 0.015960
vt 0.840233 0.015960
vt 0.159255 0.857530
vt 0.172409 0.857655
vt 0.172675 0.870203
vt 0.159470 0.870203
vt 0.370438 0.892334
vt 0.357007 0.892324
vt 0.356995 0.879771
vt 0.370362 0.879771
vt 0.810391 0.749813
vt 0.823264 0.748906
vt 0.823264 0.761635
vt 0.810308 0.762196
vt 0.925955 0.082294
vt 0.925955 0.094678
vt 0.912807 0.094962
vt 0.913125 0.082873
vt 0.159516 0.895104
vt 0.172536 0.894871
vt 0.172536 0.907313
vt 0.159255 0.907515
vt 0.538529 0.389110
vt 0.552102 0.389307
vt 0.552629 0.402248
vt 0.538847 0.402248
vt 0.126884 0.285502
vt 0.127971 0.298709
vt 0.114469 0.298709
vt 0.112496 0.284827
vt 0.003087 0.473188
vt 0.016486 0.473253
vt 0.017455 0.486442
vt 0.004351 0.486442
vt 0.182619 0.606722
vt 0.195264 0.606722
vt 0.196153 0.620148
vt 0.183290 0.619938
vt 0.844155 0.629938
vt 0.856861 0.629938
vt 0.856969 0.643030
vt 0.843930 0.642069
vt 0.507847 0.817292
vt 0.494733 0.817292
vt 0.493931 0.804910
vt 0.507290 0.804992
vt 0.025196 0.549089
vt 0.038529 0.549159
vt 0.039847 0.561681
vt 0.026865 0.561681
vt 0.967118 0.015904
vt 0.954586 0.015904
vt 0.955928 0.003127
vt 0.966925 0.003087
vt 0.586678 0.722667
vt 0.573661 0.723122
vt 0.573614 0.710294
vt 0.587395 0.710294
vt 0.173273 0.942166
vt 0.159255 0.943879
vt 0.159255 0.932156
vt 0.172943 0.933053
vt 0.520824 0.256416
vt 0.508878 0.258262
vt 0.508878 0.245403
vt 0.522124 0.244083
vt 0.287760 0.301480
vt 0.274824 0.303458
vt 0.274824 0.290307
vt 0.288531 0.287894
vt 0.515449 0.985405
vt 0.513878 0.973792
vt 0.526054 0.974233
vt 0.527054 0.985405
vt 0.842993 0.865900
vt 0.844265 0.877933
vt 0.831138 0.877933
vt 0.830734 0.865415
vt 0.527525 0.919895
vt 0.527354 0.928181
vt 0.513878 0.930348
vt 0.513878 0.918209
vt 0.371198 0.526274
vt 0.357651 0.525879
vt 0.356995 0.513097
vt 0.370275 0.513097
vt 0.634032 0.837937
vt 0.633969 0.825283
vt 0.647233 0.825714
vt 0.647522 0.837937
vt 0.694000 0.685065
vt 0.693434 0.671993
vt 0.706707 0.671993
vt 0.706987 0.685092
vt 0.686635 0.326938
vt 0.686635 0.340048
vt 0.673703 0.340727
vt 0.673704 0.327999
vt 0.586578 0.690845
vt 0.586864 0.703909
vt 0.573614 0.704120
vt 0.573614 0.690714
vt 0.706804 0.545056
vt 0.706804 0.531287
vt 0.719450 0.531449
vt 0.719664 0.544852
vt 0.357141 0.972826
vt 0.369992 0.972826
vt 0.370247 0.984430
vt 0.356995 0.983054
vt 0.686576 0.845681
vt 0.687288 0.858074
vt 0.673936 0.858016
vt 0.673539 0.845681
vt 0.315049 0.718919
vt 0.316164 0.706428
vt 0.329212 0.706841
vt 0.328136 0.718919
vt 0.547553 0.816537
vt 0.534327 0.816743
vt 0.534327 0.804024
vt 0.547739 0.803880
vt 0.686689 0.839275
vt 0.673689 0.839507
vt 0.673539 0.826523
vt 0.686741 0.826523
vt 0.693215 0.826470
vt 0.706218 0.826480
vt 0.706420 0.839317
vt 0.693215 0.839451
vt 0.527756 0.836624
vt 0.514434 0.836623
vt 0.514667 0.823973
vt 0.527994 0.823973
vt 0.507158 0.778800
vt 0.493931 0.779420
vt 0.494079 0.766734
vt 0.507158 0.766262
vt 0.791242 0.671287
vt 0.804542 0.671287
vt 0.804272 0.684039
vt 0.790975 0.683977
vt 0.412657 0.879385
vt 0.425816 0.879412
vt 0.425858 0.892086
vt 0.412657 0.892182
vt 0.633969 0.913217
vt 0.633969 0.900589
vt 0.647157 0.900526
vt 0.647148 0.913068
vt 0.848336 0.082294
vt 0.848325 0.094791
vt 0.835088 0.095213
vt 0.835088 0.082340
vt 0.370233 0.929559
vt 0.356995 0.929793
vt 0.357037 0.917256
vt 0.370233 0.917284
vt 0.112654 0.728990
vt 0.125617 0.728794
vt 0.125617 0.742204
vt 0.112496 0.741950
vt 0.889673 0.916852
vt 0.889720 0.904287
vt 0.902892 0.904221
vt 0.902892 0.916572
vt 0.016305 0.908987
vt 0.003087 0.909264
vt 0.003126 0.896681
vt 0.016305 0.896572
vt 0.242107 0.602321
vt 0.228074 0.601676
vt 0.227234 0.590077
vt 0.240556 0.590077
vt 0.296988 0.023043
vt 0.311437 0.023293
vt 0.313755 0.035388
vt 0.296730 0.035388
vt 0.623968 0.095138
vt 0.623434 0.082294
vt 0.635744 0.082294
vt 0.636451 0.096185
vt 0.747695 0.156989
vt 0.748123 0.170134
vt 0.735416 0.170134
vt 0.735257 0.156493
vt 0.149768 0.377360
vt 0.149896 0.390136
vt 0.136545 0.390136
vt 0.135430 0.376260
vt 0.773866 0.504144
vt 0.774033 0.491430
vt 0.787260 0.491177
vt 0.787260 0.503372
vt 0.706312 0.585689
vt 0.693593 0.585886
vt 0.695018 0.571938
vt 0.706312 0.572464
vt 0.335925 0.717187
vt 0.336971 0.704910
vt 0.349502 0.704131
vt 0.349502 0.717065
vt 0.307251 0.404447
vt 0.294705 0.406207
vt 0.295675 0.395224
vt 0.307251 0.390426
vt 0.327986 0.890368
vt 0.315049 0.892110
vt 0.315049 0.879913
vt 0.328285 0.879347
vt 0.269690 0.040147
vt 0.256833 0.035640
vt 0.258330 0.023043
vt 0.269690 0.026588
vt 0.327732 0.641360
vt 0.315049 0.641681
vt 0.315134 0.628706
vt 0.327732 0.627447
vt 0.448357 0.016750
vt 0.447561 0.003087
vt 0.460708 0.004208
vt 0.461636 0.016750
vt 0.349312 0.888890
vt 0.336535 0.888890
vt 0.335925 0.876255
vt 0.349125 0.876259
vt 0.883273 0.859066
vt 0.870073 0.859066
vt 0.869864 0.846461
vt 0.883295 0.846487
vt 0.274731 0.261097
vt 0.275123 0.247446
vt 0.287647 0.244352
vt 0.287647 0.258023
vt 0.261962 0.156493
vt 0.275296 0.158708
vt 0.274969 0.172647
vt 0.261962 0.172976
vt 0.687042 0.704450
vt 0.673894 0.704450
vt 0.673572 0.691266
vt 0.686733 0.691387
vt 0.759317 0.285509
vt 0.772572 0.285572
vt 0.772872 0.298373
vt 0.759451 0.298373
vt 0.249944 0.851429
vt 0.249755 0.838732
vt 0.262959 0.838841
vt 0.263225 0.851429
vt 0.125930 0.880954
vt 0.125862 0.893504
vt 0.112496 0.893516
vt 0.112496 0.881007
vt 0.466911 0.908597
vt 0.453569 0.908543
vt 0.453541 0.896046
vt 0.466754 0.896046
vt 0.761191 0.430522
vt 0.774133 0.429701
vt 0.774133 0.442344
vt 0.760990 0.442968
vt 0.487608 0.783365
vt 0.487019 0.795799
vt 0.473670 0.795782
vt 0.474457 0.783365
vt 0.568867 0.003396
vt 0.582146 0.003087
vt 0.582146 0.015708
vt 0.568311 0.016369
vt 0.112496 0.632620
vt 0.125917 0.632723
vt 0.126425 0.645566
vt 0.112888 0.645566
vt 0.126276 0.440708
vt 0.127108 0.453739
vt 0.113709 0.453739
vt 0.112496 0.440544
vt 0.446293 0.491143
vt 0.447098 0.504238
vt 0.433624 0.504238
vt 0.432789 0.491040
vt 0.126622 0.492553
vt 0.113370 0.492553
vt 0.112496 0.479125
vt 0.125599 0.479160
vt 0.527410 0.591758
vt 0.528176 0.605137
vt 0.514721 0.604850
vt 0.514545 0.591758
vt 0.594191 0.722087
vt 0.593949 0.709681
vt 0.607024 0.709681
vt 0.607581 0.722656
vt 0.003906 0.679933
vt 0.003087 0.667369
vt 0.016446 0.667402
vt 0.017311 0.679933
vt 0.249755 0.762613
vt 0.262736 0.762613
vt 0.263439 0.775345
vt 0.250311 0.775126
vt 0.783877 0.531477
vt 0.797379 0.531287
vt 0.796409 0.544078
vt 0.783877 0.544126
vt 0.633969 0.951296
vt 0.633969 0.938478
vt 0.645827 0.938555
vt 0.646721 0.951047
vt 0.812290 0.168984
vt 0.812521 0.156493
vt 0.826059 0.156682
vt 0.826059 0.168405
vt 0.081055 0.905438
vt 0.094394 0.905976
vt 0.095240 0.917170
vt 0.081523 0.917170
vt 0.686718 0.460688
vt 0.673899 0.464275
vt 0.673899 0.450666
vt 0.687005 0.452098
vt 0.465146 0.483689
vt 0.453541 0.483689
vt 0.455724 0.471481
vt 0.469108 0.471784
vt 0.545459 0.955012
vt 0.546615 0.967506
vt 0.533761 0.967506
vt 0.534361 0.955422
vt 0.615303 0.223531
vt 0.616075 0.236550
vt 0.602853 0.236550
vt 0.602176 0.223466
vt 0.159255 0.648237
vt 0.172590 0.648237
vt 0.173662 0.660704
vt 0.159914 0.660446
vt 0.433401 0.700715
vt 0.432789 0.688026
vt 0.445464 0.688026
vt 0.446750 0.700760
vt 0.730763 0.035855
vt 0.717483 0.035855
vt 0.716998 0.023043
vt 0.729894 0.023232
vt 0.862872 0.278203
vt 0.849924 0.278029
vt 0.849474 0.265494
vt 0.862744 0.265494
vt 0.767507 0.630229
vt 0.780490 0.629938
vt 0.780394 0.643117
vt 0.767507 0.643339
vt 0.739632 0.524067
vt 0.726691 0.524608
vt 0.726718 0.511965
vt 0.739632 0.511004
vt 0.648802 0.491576
vt 0.649186 0.504555
vt 0.635299 0.504555
vt 0.635449 0.491637
vt 0.780259 0.462451
vt 0.767173 0.463129
vt 0.767646 0.451013
vt 0.780259 0.449833
vt 0.866075 0.023043
vt 0.865942 0.035705
vt 0.852848 0.035909
vt 0.852848 0.023158
vt 0.527648 0.855456
vt 0.514434 0.855456
vt 0.514598 0.842798
vt 0.527920 0.842800
vt 0.886854 0.082422
vt 0.887062 0.095297
vt 0.874059 0.095297
vt 0.874047 0.082294
vt 0.473670 0.878308
vt 0.486681 0.878503
vt 0.486829 0.891139
vt 0.473670 0.891147
vt 0.765191 0.845300
vt 0.765191 0.858009
vt 0.751888 0.858119
vt 0.751896 0.845466
vt 0.693215 0.820296
vt 0.693416 0.807759
vt 0.706513 0.807333
vt 0.706513 0.819995
vt 0.633969 0.780850
vt 0.634059 0.768095
vt 0.647426 0.767931
vt 0.647433 0.780850
vt 0.915675 0.449854
vt 0.915707 0.462441
vt 0.902519 0.462507
vt 0.902519 0.449833
vt 0.824445 0.903238
vt 0.824316 0.915720
vt 0.811132 0.915720
vt 0.811268 0.903178
vt 0.726154 0.931655
vt 0.712891 0.931957
vt 0.712914 0.919461
vt 0.726154 0.919465
vt 0.836172 0.511004
vt 0.836208 0.523964
vt 0.822965 0.523964
vt 0.823028 0.511336
vt 0.218477 0.952040
vt 0.205305 0.952133
vt 0.205305 0.939859
vt 0.218527 0.939792
vt 0.328479 0.917409
vt 0.328251 0.929746
vt 0.315049 0.929746
vt 0.315258 0.917396
vt 0.706358 0.921827
vt 0.706214 0.934239
vt 0.693035 0.934239
vt 0.693174 0.921825
vt 0.390327 0.370819
vt 0.391878 0.383645
vt 0.377434 0.383080
vt 0.376280 0.370819
vt 0.031191 0.114351
vt 0.025196 0.105570
vt 0.036602 0.100393
vt 0.046350 0.114351
vt 0.038773 0.755958
vt 0.025892 0.755958
vt 0.025196 0.743052
vt 0.037902 0.743133
vt 0.534381 0.727501
vt 0.547793 0.727154
vt 0.547732 0.739400
vt 0.534381 0.740277
vt 0.715740 0.169717
vt 0.715740 0.156493
vt 0.729083 0.156946
vt 0.728836 0.169715
vt 0.159255 0.403175
vt 0.161481 0.391186
vt 0.175058 0.391186
vt 0.172362 0.403699
vt 0.811254 0.223466
vt 0.811254 0.236378
vt 0.798094 0.236607
vt 0.798545 0.223996
vt 0.506231 0.072408
vt 0.506231 0.058770
vt 0.519133 0.057858
vt 0.518147 0.070634
vt 0.125084 0.899690
vt 0.125357 0.912713
vt 0.113457 0.912520
vt 0.112496 0.899690
vt 0.521414 0.286054
vt 0.534524 0.286713
vt 0.535944 0.298885
vt 0.522749 0.298885
vt 0.908977 0.846461
vt 0.921649 0.846494
vt 0.922240 0.859028
vt 0.909463 0.859028
vt 0.862281 0.611053
vt 0.875431 0.611029
vt 0.875431 0.623647
vt 0.862045 0.623700
vt 0.693035 0.865324
vt 0.706420 0.865274
vt 0.706377 0.877886
vt 0.693035 0.877931
vt 0.128979 0.152193
vt 0.112496 0.152149
vt 0.121465 0.139010
vt 0.132544 0.139010
vt 0.635508 0.279225
vt 0.635657 0.266347
vt 0.648640 0.265494
vt 0.648640 0.278682
vt 0.712891 0.767849
vt 0.726170 0.768031
vt 0.726473 0.780654
vt 0.712914 0.780654
vt 0.627397 0.876894
vt 0.613963 0.876884
vt 0.613963 0.864367
vt 0.627432 0.864304
vt 0.765185 0.883344
vt 0.765100 0.895853
vt 0.751888 0.896016
vt 0.751888 0.883489
vt 0.370320 0.911071
vt 0.356995 0.911082
vt 0.357112 0.898508
vt 0.370320 0.898573
vt 0.494204 0.728332
vt 0.507349 0.727736
vt 0.507349 0.740363
vt 0.493931 0.740852
vt 0.534775 0.650380
vt 0.548108 0.649738
vt 0.548108 0.662261
vt 0.534555 0.662999
vt 0.447909 0.409584
vt 0.447909 0.422448
vt 0.433903 0.423404
vt 0.434070 0.410143
vt 0.627714 0.723363
vt 0.614110 0.723363
vt 0.613963 0.710511
vt 0.627521 0.710707
vt 0.535056 0.451568
vt 0.548593 0.451713
vt 0.549291 0.464606
vt 0.535787 0.464606
vt 0.356995 0.610141
vt 0.370556 0.610360
vt 0.370826 0.623257
vt 0.357312 0.623257
vt 0.357748 0.486476
vt 0.356995 0.473065
vt 0.370468 0.473274
vt 0.371210 0.486476
vt 0.437455 0.036586
vt 0.423803 0.036423
vt 0.423069 0.023043
vt 0.436321 0.023043
vt 0.400243 0.071331
vt 0.386497 0.070803
vt 0.385449 0.057858
vt 0.398908 0.057858
vt 0.053354 0.605460
vt 0.066925 0.605475
vt 0.067821 0.618005
vt 0.054419 0.618005
vt 0.707572 0.368654
vt 0.708002 0.381397
vt 0.694597 0.381304
vt 0.694082 0.368654
vt 0.172699 0.800732
vt 0.172731 0.813357
vt 0.159601 0.813357
vt 0.159255 0.800534
vt 0.003087 0.833396
vt 0.003087 0.820769
vt 0.016676 0.820757
vt 0.016590 0.833250
vt 0.883015 0.449833
vt 0.896345 0.449833
vt 0.895844 0.462472
vt 0.883089 0.462458
vt 0.135430 0.880428
vt 0.148512 0.880757
vt 0.148964 0.892489
vt 0.135430 0.892898
vt 0.454083 0.409584
vt 0.467305 0.411151
vt 0.467263 0.423732
vt 0.454083 0.424078
vt 0.440616 0.096616
vt 0.427771 0.097073
vt 0.427771 0.082294
vt 0.440926 0.083578
vt 0.182619 0.762717
vt 0.195841 0.762717
vt 0.195758 0.775832
vt 0.182619 0.775896
vt 0.902803 0.846521
vt 0.902801 0.859064
vt 0.889907 0.859064
vt 0.889468 0.846461
vt 0.252127 0.083758
vt 0.264554 0.082294
vt 0.264554 0.095639
vt 0.250214 0.097758
vt 0.771661 0.895817
vt 0.771907 0.882936
vt 0.784226 0.883124
vt 0.784747 0.895817
vt 0.947504 0.827195
vt 0.959140 0.827195
vt 0.960186 0.839974
vt 0.947512 0.839797
vt 0.634844 0.761751
vt 0.633969 0.749071
vt 0.646866 0.749071
vt 0.647740 0.761758
vt 0.931727 0.591286
vt 0.931417 0.603984
vt 0.918942 0.604093
vt 0.918778 0.591286
vt 0.593949 0.761974
vt 0.593949 0.748911
vt 0.606828 0.748400
vt 0.606767 0.761443
vt 0.830140 0.781508
vt 0.830140 0.768517
vt 0.843243 0.768439
vt 0.843084 0.781065
vt 0.517937 0.381916
vt 0.518129 0.369026
vt 0.532012 0.368654
vt 0.532027 0.381916
vt 0.804578 0.858308
vt 0.791495 0.858634
vt 0.791495 0.845971
vt 0.804707 0.845730
vt 0.506897 0.873237
vt 0.493931 0.873606
vt 0.493931 0.860799
vt 0.507026 0.860634
vt 0.855142 0.543950
vt 0.841939 0.544125
vt 0.841939 0.531467
vt 0.855241 0.531287
vt 0.112496 0.861905
vt 0.125345 0.862049
vt 0.125685 0.874780
vt 0.112672 0.874780
vt 0.921624 0.827290
vt 0.921740 0.839832
vt 0.908584 0.839832
vt 0.908543 0.827195
vt 0.003087 0.801801
vt 0.016551 0.801760
vt 0.016453 0.814583
vt 0.003087 0.814510
vt 0.789618 0.741431
vt 0.789827 0.728770
vt 0.802985 0.728481
vt 0.802985 0.741382
vt 0.426158 0.688250
vt 0.426158 0.701423
vt 0.412657 0.701217
vt 0.412850 0.688300
vt 0.306792 0.917704
vt 0.306830 0.930233
vt 0.293653 0.930251
vt 0.293653 0.917664
vt 0.933770 0.285509
vt 0.946839 0.285522
vt 0.946839 0.297984
vt 0.933662 0.297991
vt 0.863576 0.896635
vt 0.850439 0.897028
vt 0.850439 0.884399
vt 0.863706 0.884341
vt 0.025196 0.964233
vt 0.025196 0.952043
vt 0.038368 0.952076
vt 0.038442 0.964060
vt 0.513878 0.948932
vt 0.513878 0.936684
vt 0.527079 0.936522
vt 0.527050 0.948811
vt 0.053541 0.928453
vt 0.066721 0.928478
vt 0.066546 0.940791
vt 0.053354 0.940791
vt 0.889715 0.923026
vt 0.902892 0.923026
vt 0.902775 0.935438
vt 0.889584 0.935437
vt 0.054891 0.459106
vt 0.053354 0.446485
vt 0.067809 0.446485
vt 0.068287 0.459368
vt 0.404533 0.983902
vt 0.392118 0.983902
vt 0.392106 0.971775
vt 0.404899 0.973275
vt 0.542711 0.137056
vt 0.555688 0.135142
vt 0.555688 0.147840
vt 0.542619 0.149302
vt 0.607309 0.631485
vt 0.607065 0.644065
vt 0.593949 0.644993
vt 0.593949 0.632222
vt 0.775735 0.023329
vt 0.788828 0.023043
vt 0.788828 0.035938
vt 0.775669 0.036241
vt 0.182619 0.381150
vt 0.182715 0.371181
vt 0.195613 0.365644
vt 0.195613 0.379282
vt 0.909583 0.709566
vt 0.921620 0.709062
vt 0.921620 0.721742
vt 0.908723 0.721996
vt 0.983705 0.224771
vt 0.983884 0.233187
vt 0.971093 0.235648
vt 0.971093 0.223466
vt 0.765817 0.951339
vt 0.752785 0.951339
vt 0.751888 0.939644
vt 0.764998 0.940289
vt 0.356995 0.935967
vt 0.369776 0.935967
vt 0.370385 0.948220
vt 0.357712 0.948201
vt 0.908598 0.884754
vt 0.921578 0.884754
vt 0.921643 0.897440
vt 0.908495 0.897302
vt 0.811182 0.865179
vt 0.824360 0.865179
vt 0.824432 0.877919
vt 0.811132 0.877797
vt 0.875365 0.317887
vt 0.875353 0.305275
vt 0.888654 0.305275
vt 0.888690 0.317959
vt 0.766999 0.214100
vt 0.767134 0.202177
vt 0.780115 0.200833
vt 0.780116 0.213712
vt 0.863976 0.827503
vt 0.863976 0.840129
vt 0.850508 0.840092
vt 0.850496 0.827525
vt 0.867806 0.094811
vt 0.854510 0.095026
vt 0.854510 0.082484
vt 0.867873 0.082294
vt 0.613963 0.895689
vt 0.614118 0.883068
vt 0.627315 0.883162
vt 0.627172 0.895689
vt 0.066628 0.872456
vt 0.066603 0.885031
vt 0.053354 0.885051
vt 0.053354 0.872304
vt 0.135430 0.798464
vt 0.135706 0.786006
vt 0.149131 0.785817
vt 0.149131 0.798122
vt 0.328755 0.620479
vt 0.315049 0.621273
vt 0.315187 0.608410
vt 0.328755 0.608018
vt 0.498346 0.368654
vt 0.511548 0.369066
vt 0.511763 0.382693
vt 0.498372 0.382693
vt 0.655679 0.504483
vt 0.655360 0.491576
vt 0.668963 0.491753
vt 0.669242 0.504483
vt 0.066945 0.815156
vt 0.066945 0.827814
vt 0.053465 0.827792
vt 0.053354 0.815268
vt 0.218993 0.713402
vt 0.218993 0.726302
vt 0.205368 0.726229
vt 0.205305 0.713586
vt 0.488376 0.571991
vt 0.488745 0.584932
vt 0.475082 0.584932
vt 0.474865 0.571711
vt 0.357685 0.446640
vt 0.356995 0.433067
vt 0.370455 0.433294
vt 0.371260 0.446640
vt 0.267565 0.321044
vt 0.253673 0.320779
vt 0.252236 0.307316
vt 0.265888 0.307316
vt 0.149186 0.278140
vt 0.151444 0.291573
vt 0.137193 0.290606
vt 0.135430 0.278140
vt 0.349607 0.685302
vt 0.349983 0.697957
vt 0.336438 0.697119
vt 0.335925 0.685302
vt 0.713124 0.305313
vt 0.713335 0.318139
vt 0.699845 0.318139
vt 0.699550 0.305275
vt 0.473670 0.744991
vt 0.487003 0.745065
vt 0.487110 0.757686
vt 0.473670 0.758011
vt 0.573656 0.876622
vt 0.573614 0.864000
vt 0.587046 0.864000
vt 0.586986 0.876627
vt 0.815612 0.135544
vt 0.828076 0.135142
vt 0.828168 0.148730
vt 0.815509 0.148730
vt 0.148644 0.572000
vt 0.148727 0.585800
vt 0.135430 0.585104
vt 0.135992 0.572000
vt 0.290556 0.037754
vt 0.277274 0.037754
vt 0.275864 0.023043
vt 0.289474 0.025219
vt 0.148647 0.611513
vt 0.148647 0.625231
vt 0.135669 0.624698
vt 0.135430 0.611585
vt 0.593949 0.742226
vt 0.593949 0.729183
vt 0.607083 0.728830
vt 0.606858 0.741747
vt 0.913997 0.318197
vt 0.913997 0.305663
vt 0.926886 0.305275
vt 0.926659 0.318081
vt 0.135430 0.747491
vt 0.148766 0.747980
vt 0.148781 0.760591
vt 0.136076 0.760591
vt 0.547515 0.873793
vt 0.534329 0.873793
vt 0.534327 0.860914
vt 0.547127 0.860916
vt 0.977663 0.709265
vt 0.978086 0.721860
vt 0.965766 0.721860
vt 0.966718 0.709062
vt 0.975732 0.360886
vt 0.976741 0.347885
vt 0.985905 0.348253
vt 0.987368 0.360886
vt 0.855783 0.305275
vt 0.868679 0.305338
vt 0.869179 0.317974
vt 0.856062 0.317974
vt 0.917640 0.806233
vt 0.917564 0.818936
vt 0.905173 0.819620
vt 0.905173 0.806673
vt 0.262580 0.813363
vt 0.249755 0.813665
vt 0.249755 0.800498
vt 0.262758 0.800374
vt 0.286100 0.723323
vt 0.272277 0.722837
vt 0.272672 0.710539
vt 0.285775 0.710539
vt 0.498149 0.126988
vt 0.497938 0.112899
vt 0.511317 0.113446
vt 0.511208 0.126988
vt 0.466622 0.857933
vt 0.466522 0.870499
vt 0.453541 0.870932
vt 0.453541 0.858328
vt 0.306813 0.854056
vt 0.293653 0.854056
vt 0.294030 0.841483
vt 0.307234 0.841498
vt 0.857918 0.339669
vt 0.845062 0.340094
vt 0.845062 0.327245
vt 0.858029 0.326938
vt 0.272277 0.856524
vt 0.272277 0.843860
vt 0.285642 0.843753
vt 0.285520 0.856461
vt 0.908308 0.070593
vt 0.895227 0.070593
vt 0.895124 0.057858
vt 0.908025 0.057998
vt 0.112496 0.918887
vt 0.125545 0.918887
vt 0.125683 0.931462
vt 0.112544 0.931430
vt 0.687042 0.723716
vt 0.673577 0.723615
vt 0.673539 0.710792
vt 0.687042 0.710624
vt 0.263064 0.756411
vt 0.249755 0.756440
vt 0.249904 0.743540
vt 0.263064 0.743276
vt 0.709566 0.169817
vt 0.696247 0.169817
vt 0.696328 0.156645
vt 0.709407 0.156493
vt 0.003087 0.934687
vt 0.016172 0.934650
vt 0.016156 0.947209
vt 0.003087 0.947217
vt 0.941721 0.368403
vt 0.941761 0.381002
vt 0.928674 0.380865
vt 0.928693 0.368403
vt 0.863512 0.953555
vt 0.850392 0.953735
vt 0.850375 0.941440
vt 0.863623 0.941440
vt 0.889656 0.972141
vt 0.889584 0.960157
vt 0.902756 0.960157
vt 0.902808 0.972177
vt 0.941113 0.839482
vt 0.927914 0.839482
vt 0.928138 0.827195
vt 0.941330 0.827196
vt 0.066533 0.922280
vt 0.053354 0.922168
vt 0.053581 0.909856
vt 0.066773 0.909856
vt 0.135430 0.949544
vt 0.135494 0.937132
vt 0.148582 0.937096
vt 0.148588 0.949544
vt 0.758694 0.511004
vt 0.758865 0.524402
vt 0.745806 0.524402
vt 0.746111 0.511137
vt 0.037603 0.970836
vt 0.037763 0.982228
vt 0.025196 0.982863
vt 0.025196 0.970407
vt 0.933818 0.442502
vt 0.933819 0.429701
vt 0.946493 0.430549
vt 0.946493 0.442676
vt 0.971922 0.483138
vt 0.973916 0.470597
vt 0.983431 0.469939
vt 0.983668 0.483138
vt 0.316751 0.509349
vt 0.329902 0.509349
vt 0.328102 0.521961
vt 0.315049 0.521815
vt 0.285354 0.644472
vt 0.272277 0.645298
vt 0.272277 0.632403
vt 0.285398 0.631547
vt 0.693035 0.960698
vt 0.706521 0.959910
vt 0.706521 0.971706
vt 0.693362 0.970662
vt 0.081569 0.697732
vt 0.094672 0.696934
vt 0.094672 0.709394
vt 0.081055 0.709964
vt 0.726005 0.986725
vt 0.712891 0.986966
vt 0.712891 0.975390
vt 0.725896 0.976219
vt 0.466870 0.963977
vt 0.453951 0.963977
vt 0.453541 0.951864
vt 0.466316 0.952261
vt 0.025196 0.933203
vt 0.038123 0.933203
vt 0.038195 0.945869
vt 0.025220 0.945471
vt 0.876044 0.236152
vt 0.875982 0.223466
vt 0.889051 0.223466
vt 0.889223 0.236241
vt 0.573777 0.838780
vt 0.573614 0.826041
vt 0.586820 0.826041
vt 0.587003 0.838845
vt 0.830930 0.846466
vt 0.844156 0.846461
vt 0.844265 0.859241
vt 0.831017 0.859150
vt 0.863616 0.971832
vt 0.850375 0.971825
vt 0.850596 0.959909
vt 0.863712 0.959909
vt 0.534327 0.854740
vt 0.534327 0.842205
vt 0.547720 0.841988
vt 0.547690 0.854555
vt 0.392106 0.890778
vt 0.392106 0.878166
vt 0.405324 0.877994
vt 0.405300 0.890536
vt 0.894879 0.623706
vt 0.881604 0.623726
vt 0.881604 0.611029
vt 0.894854 0.611084
vt 0.817584 0.298387
vt 0.817473 0.285509
vt 0.830775 0.285640
vt 0.830831 0.298387
vt 0.707671 0.524708
vt 0.707606 0.511004
vt 0.720377 0.511020
vt 0.720517 0.524708
vt 0.607363 0.430473
vt 0.620210 0.430445
vt 0.620424 0.444201
vt 0.607216 0.444201
vt 0.658842 0.443716
vt 0.645633 0.444073
vt 0.645633 0.430445
vt 0.658672 0.430704
vt 0.172880 0.794360
vt 0.159289 0.794268
vt 0.159255 0.781688
vt 0.172880 0.781627
vt 0.712891 0.844238
vt 0.726327 0.844062
vt 0.726285 0.856586
vt 0.712891 0.856761
vt 0.241004 0.764733
vt 0.240723 0.777373
vt 0.227234 0.777210
vt 0.227493 0.764733
vt 0.392106 0.717852
vt 0.392279 0.704164
vt 0.404948 0.704214
vt 0.405052 0.717852
vt 0.518273 0.266082
vt 0.531299 0.265754
vt 0.531299 0.279473
vt 0.517932 0.279740
vt 0.183615 0.359470
vt 0.182619 0.345676
vt 0.196194 0.345785
vt 0.197452 0.359470
vt 0.190204 0.112899
vt 0.193085 0.127723
vt 0.178484 0.126346
vt 0.176310 0.112899
vt 0.906476 0.788412
vt 0.920413 0.788187
vt 0.920413 0.800015
vt 0.906597 0.796391
vt 0.081055 0.657945
vt 0.094563 0.657945
vt 0.094983 0.670805
vt 0.081311 0.670286
vt 0.425842 0.669013
vt 0.426230 0.682027
vt 0.412657 0.682076
vt 0.412657 0.668916
vt 0.709527 0.643206
vt 0.709527 0.629938
vt 0.722473 0.630130
vt 0.722859 0.643020
vt 0.613963 0.800562
vt 0.613963 0.787665
vt 0.627209 0.787816
vt 0.627394 0.800474
vt 0.574145 0.552186
vt 0.586356 0.552281
vt 0.587059 0.565981
vt 0.573777 0.565981
vt 0.414402 0.432123
vt 0.426943 0.430445
vt 0.426657 0.442721
vt 0.414402 0.445892
vt 0.003087 0.231226
vt 0.016076 0.231226
vt 0.017673 0.246697
vt 0.003432 0.244140
vt 0.218220 0.788836
vt 0.218220 0.802004
vt 0.205305 0.802240
vt 0.205478 0.789801
vt 0.960150 0.702546
vt 0.947939 0.702766
vt 0.947939 0.690486
vt 0.960636 0.690021
vt 0.889673 0.885356
vt 0.902321 0.884754
vt 0.902125 0.897700
vt 0.889673 0.898047
vt 0.474109 0.777056
vt 0.473670 0.764185
vt 0.486916 0.764185
vt 0.487061 0.777192
vt 0.912604 0.591514
vt 0.912604 0.604347
vt 0.899804 0.604370
vt 0.900247 0.591286
vt 0.991519 0.819273
vt 0.980573 0.819420
vt 0.982355 0.806576
vt 0.991519 0.806233
vt 0.922325 0.702342
vt 0.909778 0.702722
vt 0.909593 0.690021
vt 0.922711 0.690021
vt 0.826491 0.340758
vt 0.826491 0.327503
vt 0.838888 0.326938
vt 0.838826 0.339618
vt 0.764892 0.768552
vt 0.765487 0.781111
vt 0.751888 0.781226
vt 0.751888 0.768439
vt 0.469786 0.244782
vt 0.482802 0.244083
vt 0.482802 0.258738
vt 0.470032 0.258612
vt 0.670849 0.604834
vt 0.670926 0.592167
vt 0.683879 0.592167
vt 0.684034 0.605708
vt 0.830578 0.223466
vt 0.830524 0.236090
vt 0.817428 0.236550
vt 0.817428 0.223983
vt 0.553956 0.859835
vt 0.553956 0.847103
vt 0.566939 0.846707
vt 0.566824 0.859293
vt 0.205305 0.877694
vt 0.205549 0.865132
vt 0.218793 0.865146
vt 0.218411 0.877694
vt 0.877063 0.326938
vt 0.876882 0.339715
vt 0.864203 0.340131
vt 0.864203 0.327229
vt 0.823787 0.787860
vt 0.823472 0.800572
vt 0.810322 0.800644
vt 0.810322 0.787935
vt 0.693248 0.915645
vt 0.693035 0.903048
vt 0.705983 0.903048
vt 0.706298 0.915651
vt 0.902777 0.583406
vt 0.902808 0.570831
vt 0.915861 0.570795
vt 0.915861 0.583560
vt 0.205453 0.610518
vt 0.205305 0.597426
vt 0.218624 0.597428
vt 0.219205 0.610518
vt 0.646784 0.612447
vt 0.646764 0.625660
vt 0.633696 0.626227
vt 0.633696 0.613092
vt 0.751888 0.762265
vt 0.751944 0.748939
vt 0.764763 0.748906
vt 0.764967 0.762265
vt 0.921117 0.630080
vt 0.934053 0.629938
vt 0.934089 0.642638
vt 0.921061 0.642638
vt 0.909066 0.904390
vt 0.922034 0.904221
vt 0.922121 0.916990
vt 0.909066 0.916990
vt 0.293653 0.967246
vt 0.293653 0.955130
vt 0.306805 0.955216
vt 0.306893 0.967164
vt 0.263092 0.951283
vt 0.262941 0.963400
vt 0.249755 0.963302
vt 0.249893 0.951283
vt 0.081055 0.935866
vt 0.081055 0.923507
vt 0.094243 0.923344
vt 0.094232 0.935632
vt 0.924109 0.023043
vt 0.924102 0.035468
vt 0.910946 0.035696
vt 0.910946 0.023196
vt 0.804276 0.920557
vt 0.804285 0.933167
vt 0.791156 0.933167
vt 0.791222 0.920718
vt 0.821092 0.003087
vt 0.833726 0.003087
vt 0.834043 0.016352
vt 0.821097 0.015911
vt 0.159255 0.838604
vt 0.171928 0.838922
vt 0.172669 0.851356
vt 0.160035 0.851356
vt 0.752778 0.730006
vt 0.764425 0.728481
vt 0.764425 0.741772
vt 0.752189 0.742732
vt 0.523383 0.037425
vt 0.523383 0.024500
vt 0.536355 0.023043
vt 0.536208 0.036187
vt 0.126280 0.843490
vt 0.126024 0.855731
vt 0.112496 0.855731
vt 0.112772 0.843354
vt 0.907593 0.670734
vt 0.920955 0.670734
vt 0.921318 0.682876
vt 0.908032 0.682522
vt 0.218684 0.970232
vt 0.205642 0.970232
vt 0.205305 0.958307
vt 0.218218 0.958665
vt 0.607179 0.932581
vt 0.594303 0.932581
vt 0.593949 0.920066
vt 0.606871 0.920464
vt 0.850213 0.709062
vt 0.863274 0.709062
vt 0.863567 0.721813
vt 0.850499 0.721725
vt 0.810243 0.265494
vt 0.823418 0.265494
vt 0.823702 0.278287
vt 0.810497 0.278268
vt 0.218572 0.769860
vt 0.218840 0.782662
vt 0.205601 0.782662
vt 0.205305 0.769820
vt 0.135430 0.804638
vt 0.148677 0.804705
vt 0.148855 0.817485
vt 0.135588 0.817485
vt 0.971367 0.662024
vt 0.958242 0.662024
vt 0.958184 0.649921
vt 0.971225 0.650106
vt 0.370212 0.873355
vt 0.356995 0.873598
vt 0.356995 0.861008
vt 0.370288 0.860820
vt 0.240483 0.890370
vt 0.227234 0.890514
vt 0.227234 0.877806
vt 0.240485 0.877758
vt 0.844273 0.449833
vt 0.857548 0.449951
vt 0.857585 0.462648
vt 0.844282 0.462648
vt 0.466985 0.776122
vt 0.453687 0.776122
vt 0.453541 0.763164
vt 0.466844 0.763244
vt 0.674276 0.361768
vt 0.674226 0.348079
vt 0.686983 0.347885
vt 0.686983 0.361856
vt 0.655344 0.347885
vt 0.668052 0.348001
vt 0.668052 0.361228
vt 0.655016 0.361640
vt 0.112496 0.837180
vt 0.112496 0.824650
vt 0.125985 0.824463
vt 0.125933 0.837043
vt 0.633969 0.844201
vt 0.647397 0.844110
vt 0.647262 0.856632
vt 0.633969 0.856816
vt 0.832521 0.491433
vt 0.846030 0.491177
vt 0.845956 0.503656
vt 0.832521 0.503845
vt 0.798023 0.564032
vt 0.784513 0.564116
vt 0.784513 0.551678
vt 0.798103 0.551363
vt 0.673623 0.684931
vt 0.673572 0.672248
vt 0.687260 0.672063
vt 0.687260 0.685092
vt 0.453797 0.464722
vt 0.453541 0.451568
vt 0.467218 0.451568
vt 0.467504 0.465307
vt 0.252360 0.241380
vt 0.253393 0.227581
vt 0.267443 0.226700
vt 0.267443 0.240628
vt 0.800299 0.611386
vt 0.800363 0.623730
vt 0.786434 0.623186
vt 0.786665 0.611386
vt 0.514993 0.585542
vt 0.514545 0.572445
vt 0.527754 0.572445
vt 0.528501 0.585584
vt 0.706326 0.471219
vt 0.719511 0.471107
vt 0.719511 0.484541
vt 0.706795 0.484479
vt 0.725838 0.748537
vt 0.726199 0.761675
vt 0.713598 0.761526
vt 0.712891 0.748537
vt 0.495005 0.194573
vt 0.498427 0.181235
vt 0.504906 0.179191
vt 0.507216 0.194573
vt 0.626928 0.216518
vt 0.615828 0.216971
vt 0.615828 0.200833
vt 0.620842 0.205418
vt 0.205305 0.520563
vt 0.219774 0.520563
vt 0.220305 0.532983
vt 0.207193 0.532859
vt 0.135430 0.899072
vt 0.148209 0.899150
vt 0.148751 0.910939
vt 0.135430 0.911645
vt 0.960125 0.846461
vt 0.960353 0.859150
vt 0.947587 0.859150
vt 0.948016 0.848049
vt 0.392106 0.871820
vt 0.392407 0.858889
vt 0.404860 0.858565
vt 0.404929 0.871820
vt 0.702640 0.429701
vt 0.715593 0.429701
vt 0.716097 0.442876
vt 0.703125 0.442784
vt 0.843516 0.592116
vt 0.855870 0.591779
vt 0.855871 0.604766
vt 0.843029 0.605074
vt 0.948794 0.550035
vt 0.948261 0.562154
vt 0.936247 0.563103
vt 0.936247 0.550423
vt 0.779766 0.623593
vt 0.767000 0.623685
vt 0.766183 0.611386
vt 0.780260 0.611386
vt 0.964178 0.318027
vt 0.951790 0.317976
vt 0.951733 0.305275
vt 0.964400 0.305275
vt 0.294705 0.427392
vt 0.294962 0.413795
vt 0.307713 0.412381
vt 0.307741 0.427392
vt 0.053354 0.834432
vt 0.066452 0.833988
vt 0.066424 0.846514
vt 0.053354 0.847056
vt 0.473670 0.833861
vt 0.474217 0.821287
vt 0.487322 0.821319
vt 0.486659 0.833861
vt 0.824888 0.630490
vt 0.837756 0.629938
vt 0.837676 0.642706
vt 0.824888 0.643268
vt 0.872249 0.035914
vt 0.872249 0.023359
vt 0.885396 0.023043
vt 0.885297 0.035524
vt 0.883605 0.504051
vt 0.870966 0.504522
vt 0.870966 0.491575
vt 0.883646 0.491177
vt 0.635640 0.369051
vt 0.649387 0.368654
vt 0.648831 0.381407
vt 0.635640 0.381767
vt 0.547396 0.899224
vt 0.547450 0.911988
vt 0.534397 0.911830
vt 0.534327 0.899224
vt 0.907823 0.305275
vt 0.907823 0.318232
vt 0.894886 0.318196
vt 0.894864 0.305431
vt 0.457547 0.112899
vt 0.470619 0.113310
vt 0.472164 0.126001
vt 0.457592 0.126001
vt 0.553912 0.512151
vt 0.566746 0.511004
vt 0.566714 0.524706
vt 0.553912 0.525364
vt 0.605855 0.127579
vt 0.593473 0.126631
vt 0.593616 0.113271
vt 0.605855 0.112899
vt 0.928767 0.179191
vt 0.928826 0.192004
vt 0.915858 0.191892
vt 0.915912 0.179191
vt 0.843675 0.884107
vt 0.843818 0.896973
vt 0.830734 0.896973
vt 0.830743 0.884204
vt 0.972396 0.630027
vt 0.972458 0.641976
vt 0.959271 0.641990
vt 0.959271 0.629938
vt 0.053354 0.959275
vt 0.053403 0.947022
vt 0.066543 0.946965
vt 0.066543 0.959082
vt 0.903275 0.380895
vt 0.890111 0.380895
vt 0.890410 0.368403
vt 0.903561 0.368539
vt 0.218492 0.883868
vt 0.218431 0.896368
vt 0.205305 0.896646
vt 0.205305 0.884058
vt 0.882347 0.781048
vt 0.869268 0.781371
vt 0.869268 0.768536
vt 0.882363 0.768439
vt 0.687354 0.193749
vt 0.687354 0.180603
vt 0.699546 0.179191
vt 0.699332 0.192092
vt 0.850483 0.865787
vt 0.863799 0.865485
vt 0.863799 0.877953
vt 0.850439 0.878167
vt 0.066327 0.796038
vt 0.066713 0.808982
vt 0.053835 0.808175
vt 0.053354 0.796038
vt 0.902751 0.953983
vt 0.889697 0.953983
vt 0.889584 0.941611
vt 0.902452 0.942058
vt 0.914313 0.623639
vt 0.901370 0.623639
vt 0.901053 0.611029
vt 0.914113 0.611121
vt 0.843051 0.265498
vt 0.843300 0.278250
vt 0.830166 0.278250
vt 0.829876 0.265494
vt 0.453844 0.795101
vt 0.453541 0.782296
vt 0.466780 0.782308
vt 0.467088 0.795101
vt 0.285526 0.767340
vt 0.285753 0.780184
vt 0.272539 0.780184
vt 0.272277 0.767275
vt 0.425954 0.766068
vt 0.426104 0.778915
vt 0.412855 0.778915
vt 0.412657 0.765973
vt 0.328101 0.953872
vt 0.328163 0.965976
vt 0.315059 0.965976
vt 0.315049 0.953701
vt 0.593949 0.876364
vt 0.593949 0.863637
vt 0.607236 0.863593
vt 0.607199 0.876182
vt 0.856497 0.070674
vt 0.856497 0.057858
vt 0.869733 0.057897
vt 0.869772 0.070604
vt 0.647270 0.806294
vt 0.647276 0.819109
vt 0.633973 0.819109
vt 0.633969 0.806150
vt 0.737059 0.036066
vt 0.736937 0.023043
vt 0.750294 0.023108
vt 0.750413 0.036066
vt 0.293653 0.835281
vt 0.293912 0.822782
vt 0.307348 0.822782
vt 0.307082 0.835309
vt 0.135430 0.861541
vt 0.148740 0.861496
vt 0.148717 0.874112
vt 0.135430 0.874254
vt 0.593949 0.857411
vt 0.594155 0.844982
vt 0.607653 0.844982
vt 0.607460 0.857419
vt 0.804932 0.883596
vt 0.804873 0.896008
vt 0.791447 0.896088
vt 0.791447 0.883623
vt 0.514520 0.786397
vt 0.528027 0.786149
vt 0.528027 0.798832
vt 0.514434 0.798897
vt 0.249856 0.645036
vt 0.263441 0.644854
vt 0.263441 0.658010
vt 0.249755 0.657705
vt 0.357067 0.452883
vt 0.370641 0.452814
vt 0.370641 0.466891
vt 0.356995 0.465966
vt 0.307656 0.219039
vt 0.293965 0.219039
vt 0.293186 0.204335
vt 0.307095 0.205060
vt 0.053787 0.325012
vt 0.067500 0.325165
vt 0.067500 0.336967
vt 0.053354 0.339731
vt 0.574698 0.572756
vt 0.588332 0.572756
vt 0.588533 0.585993
vt 0.575428 0.585840
vt 0.654705 0.572468
vt 0.667912 0.572649
vt 0.668075 0.585886
vt 0.655368 0.585886
vt 0.878510 0.003087
vt 0.891227 0.003087
vt 0.890835 0.016372
vt 0.879313 0.016205
vt 0.241851 0.308864
vt 0.244881 0.322296
vt 0.230533 0.321986
vt 0.229249 0.308864
vt 0.356680 0.301358
vt 0.343348 0.301358
vt 0.339700 0.289473
vt 0.355838 0.289569
vt 0.653592 0.931795
vt 0.653427 0.919995
vt 0.666540 0.919995
vt 0.667124 0.932073
vt 0.432728 0.246143
vt 0.444444 0.244352
vt 0.444983 0.259470
vt 0.432154 0.259470
vt 0.883239 0.840129
vt 0.870150 0.839322
vt 0.870478 0.827508
vt 0.883239 0.827195
vt 0.404946 0.909752
vt 0.392122 0.909705
vt 0.392106 0.896952
vt 0.405202 0.896952
vt 0.227234 0.608495
vt 0.240206 0.608495
vt 0.240921 0.621758
vt 0.227705 0.621474
vt 0.205305 0.669013
vt 0.206248 0.656188
vt 0.219093 0.656009
vt 0.219093 0.668866
vt 0.424772 0.984039
vt 0.413013 0.984145
vt 0.412657 0.972019
vt 0.425423 0.972019
vt 0.966847 0.859055
vt 0.966527 0.846963
vt 0.978898 0.846461
vt 0.978898 0.859162
vt 0.454452 0.851657
vt 0.453541 0.839474
vt 0.467329 0.839474
vt 0.467438 0.851759
vt 0.514740 0.722360
vt 0.514434 0.709381
vt 0.527101 0.709521
vt 0.528063 0.722360
vt 0.861994 0.564207
vt 0.862160 0.551682
vt 0.875210 0.551363
vt 0.875210 0.563815
vt 0.125541 0.799515
vt 0.112496 0.799515
vt 0.113225 0.786976
vt 0.126306 0.787003
vt 0.093837 0.785196
vt 0.081055 0.785949
vt 0.081055 0.773181
vt 0.094029 0.772558
vt 0.827403 0.035847
vt 0.814710 0.036499
vt 0.814710 0.023625
vt 0.827497 0.023043
vt 0.811439 0.722119
vt 0.811439 0.709637
vt 0.824622 0.709062
vt 0.824238 0.721669
vt 0.745532 0.847627
vt 0.745532 0.860724
vt 0.732738 0.860945
vt 0.732887 0.847877
vt 0.845356 0.156493
vt 0.845193 0.169538
vt 0.832233 0.169513
vt 0.832233 0.156749
vt 0.888536 0.670734
vt 0.901396 0.670734
vt 0.901420 0.683791
vt 0.888566 0.683692
vt 0.707506 0.491766
vt 0.708980 0.504346
vt 0.695687 0.504346
vt 0.695090 0.491576
vt 0.441650 0.158474
vt 0.453579 0.156493
vt 0.453579 0.172083
vt 0.441334 0.172173
vt 0.081055 0.284115
vt 0.095483 0.281408
vt 0.094003 0.294918
vt 0.081055 0.296336
vt 0.869979 0.865485
vt 0.882767 0.865485
vt 0.882903 0.878580
vt 0.869973 0.878298
vt 0.811299 0.298668
vt 0.798158 0.298668
vt 0.798202 0.285801
vt 0.811169 0.285509
vt 0.148534 0.955758
vt 0.148570 0.967810
vt 0.135430 0.967917
vt 0.135430 0.955718
vt 0.920562 0.277927
vt 0.907411 0.277927
vt 0.907702 0.265494
vt 0.920823 0.265676
vt 0.804139 0.781156
vt 0.790951 0.781156
vt 0.791397 0.768439
vt 0.804556 0.768667
vt 0.851172 0.368563
vt 0.864291 0.368403
vt 0.864262 0.380991
vt 0.851172 0.381382
vt 0.653948 0.743781
vt 0.653990 0.730714
vt 0.667077 0.730394
vt 0.667077 0.743228
vt 0.824370 0.840329
vt 0.811398 0.840207
vt 0.811398 0.827739
vt 0.824756 0.827503
vt 0.142386 0.139010
vt 0.153081 0.143418
vt 0.153081 0.157494
vt 0.138718 0.151431
vt 0.940818 0.923431
vt 0.940929 0.935803
vt 0.927952 0.935803
vt 0.927878 0.923164
vt 0.306786 0.898875
vt 0.306843 0.911490
vt 0.293836 0.911490
vt 0.293653 0.898785
vt 0.844322 0.840287
vt 0.831146 0.840287
vt 0.830930 0.827503
vt 0.844175 0.827528
vt 0.752052 0.819710
vt 0.751888 0.806858
vt 0.765102 0.806903
vt 0.765300 0.819710
vt 0.732738 0.762377
vt 0.732803 0.749071
vt 0.745714 0.748906
vt 0.745714 0.762162
vt 0.734178 0.401051
vt 0.733990 0.388039
vt 0.747345 0.388108
vt 0.747485 0.401051
vt 0.306734 0.948802
vt 0.293653 0.948956
vt 0.293653 0.936425
vt 0.306629 0.936528
vt 0.335925 0.857270
vt 0.349203 0.857335
vt 0.349161 0.870063
vt 0.335925 0.870081
vt 0.349227 0.832078
vt 0.335925 0.832081
vt 0.335925 0.819156
vt 0.349230 0.819262
vt 0.066711 0.789836
vt 0.053354 0.789864
vt 0.053354 0.776861
vt 0.066603 0.776877
vt 0.719929 0.057858
vt 0.733309 0.057904
vt 0.733422 0.070928
vt 0.720046 0.070928
vt 0.227234 0.871584
vt 0.227234 0.858988
vt 0.240660 0.858929
vt 0.240543 0.871430
vt 0.094385 0.848899
vt 0.094352 0.861611
vt 0.081073 0.861678
vt 0.081055 0.848899
vt 0.726375 0.875364
vt 0.712891 0.875332
vt 0.713048 0.862935
vt 0.726536 0.862935
vt 0.851035 0.690454
vt 0.864508 0.690219
vt 0.864508 0.702720
vt 0.851010 0.702829
vt 0.869800 0.236102
vt 0.856399 0.236102
vt 0.856347 0.223466
vt 0.869808 0.223637
vt 0.831327 0.702888
vt 0.831341 0.690499
vt 0.844803 0.690219
vt 0.844836 0.702888
vt 0.646731 0.409584
vt 0.660267 0.409584
vt 0.660485 0.422665
vt 0.646901 0.422406
vt 0.379509 0.280305
vt 0.378660 0.266340
vt 0.392230 0.266624
vt 0.392983 0.280305
vt 0.149120 0.356645
vt 0.150429 0.370086
vt 0.137044 0.370086
vt 0.135430 0.356548
vt 0.502338 0.003087
vt 0.502492 0.016720
vt 0.489226 0.016312
vt 0.488624 0.003087
vt 0.066459 0.662042
vt 0.066900 0.675060
vt 0.054003 0.675060
vt 0.053354 0.661837
vt 0.892986 0.544616
vt 0.880841 0.544760
vt 0.880517 0.531473
vt 0.893224 0.531473
vt 0.292535 0.016506
vt 0.278284 0.016250
vt 0.276514 0.003087
vt 0.290866 0.003087
vt 0.446121 0.706934
vt 0.446577 0.719767
vt 0.433201 0.719019
vt 0.432789 0.706934
vt 0.113185 0.518333
vt 0.126711 0.517858
vt 0.127642 0.530165
vt 0.112496 0.530165
vt 0.752214 0.305317
vt 0.752768 0.318109
vt 0.739535 0.318109
vt 0.739101 0.305275
vt 0.693520 0.704255
vt 0.693215 0.691266
vt 0.706312 0.691285
vt 0.706881 0.704255
vt 0.509278 0.525206
vt 0.495887 0.524909
vt 0.495009 0.512082
vt 0.508227 0.512082
vt 0.594093 0.988581
vt 0.593949 0.976303
vt 0.606153 0.976303
vt 0.605851 0.988395
vt 0.003885 0.983821
vt 0.003087 0.971810
vt 0.016073 0.971810
vt 0.015851 0.983630
vt 0.335925 0.812982
vt 0.335925 0.800107
vt 0.348297 0.800593
vt 0.349352 0.812948
vt 0.218699 0.558462
vt 0.219585 0.571354
vt 0.206658 0.570673
vt 0.205305 0.558462
vt 0.498408 0.389110
vt 0.511730 0.389294
vt 0.512679 0.402299
vt 0.498960 0.402299
vt 0.928744 0.169262
vt 0.928851 0.156811
vt 0.941654 0.156493
vt 0.941654 0.168867
vt 0.733395 0.703709
vt 0.734174 0.691198
vt 0.747395 0.691221
vt 0.746646 0.703709
vt 0.567104 0.722858
vt 0.554230 0.723705
vt 0.554230 0.711066
vt 0.567242 0.710122
vt 0.744478 0.584837
vt 0.731764 0.585691
vt 0.731764 0.572887
vt 0.744534 0.571938
vt 0.783444 0.728481
vt 0.783444 0.741566
vt 0.770599 0.742011
vt 0.770741 0.728914
vt 0.958022 0.904216
vt 0.960007 0.917065
vt 0.947381 0.917065
vt 0.948618 0.904512
vt 0.627038 0.781491
vt 0.613963 0.781311
vt 0.614130 0.768187
vt 0.626927 0.768187
vt 0.823831 0.591874
vt 0.836855 0.591779
vt 0.836691 0.604955
vt 0.823831 0.604921
vt 0.864845 0.662976
vt 0.864647 0.649921
vt 0.877373 0.649971
vt 0.877633 0.662976
vt 0.219092 0.501332
vt 0.219092 0.513554
vt 0.205305 0.514389
vt 0.206440 0.500734
vt 0.692809 0.327082
vt 0.706101 0.326938
vt 0.704793 0.340299
vt 0.692809 0.339962
vt 0.822796 0.544382
vt 0.822783 0.531287
vt 0.835585 0.531287
vt 0.835765 0.544511
vt 0.619222 0.170215
vt 0.619276 0.157056
vt 0.632411 0.156493
vt 0.632411 0.169898
vt 0.553956 0.954622
vt 0.553956 0.942218
vt 0.567039 0.942222
vt 0.567078 0.954421
vt 0.745703 0.886359
vt 0.745703 0.898796
vt 0.732548 0.899152
vt 0.732592 0.886501
vt 0.797898 0.318464
vt 0.797927 0.305612
vt 0.811011 0.305275
vt 0.811011 0.318000
vt 0.754816 0.429701
vt 0.754816 0.442519
vt 0.741738 0.443107
vt 0.741769 0.430043
vt 0.581797 0.443513
vt 0.568634 0.444412
vt 0.568769 0.431092
vt 0.581797 0.430445
vt 0.882972 0.934641
vt 0.870004 0.934641
vt 0.869973 0.921929
vt 0.882979 0.922001
vt 0.904772 0.035768
vt 0.891695 0.035768
vt 0.891570 0.023043
vt 0.904746 0.023063
vt 0.573614 0.845019
vt 0.586862 0.845040
vt 0.586930 0.857826
vt 0.573730 0.857826
vt 0.285194 0.837479
vt 0.272277 0.837579
vt 0.272341 0.824323
vt 0.285194 0.824296
vt 0.764387 0.544265
vt 0.764333 0.531287
vt 0.777555 0.531287
vt 0.777703 0.544311
vt 0.742102 0.629938
vt 0.742102 0.643254
vt 0.729033 0.643403
vt 0.729089 0.630027
vt 0.939965 0.265534
vt 0.939975 0.278066
vt 0.926997 0.278214
vt 0.926997 0.265494
vt 0.534327 0.822917
vt 0.547579 0.823003
vt 0.547635 0.835814
vt 0.534330 0.835814
vt 0.726114 0.805905
vt 0.726139 0.818830
vt 0.712891 0.818864
vt 0.712891 0.805847
vt 0.293653 0.745939
vt 0.307001 0.745986
vt 0.307034 0.758988
vt 0.293653 0.759012
vt 0.263115 0.724032
vt 0.263171 0.737103
vt 0.249850 0.737103
vt 0.249755 0.723966
vt 0.370326 0.854604
vt 0.356995 0.854646
vt 0.356995 0.841900
vt 0.370396 0.842009
vt 0.159255 0.819531
vt 0.172556 0.819651
vt 0.172585 0.832430
vt 0.159332 0.832430
vt 0.053354 0.903682
vt 0.053354 0.891225
vt 0.066836 0.891258
vt 0.066817 0.903657
vt 0.494048 0.879921
vt 0.507418 0.879780
vt 0.507418 0.892156
vt 0.493931 0.892300
vt 0.870098 0.903479
vt 0.883398 0.903366
vt 0.883447 0.915755
vt 0.869973 0.915755
vt 0.726309 0.729503
vt 0.726564 0.742364
vt 0.713008 0.742139
vt 0.712891 0.729503
vt 0.446220 0.802248
vt 0.446250 0.815071
vt 0.432789 0.814723
vt 0.432882 0.802248
vt 0.016610 0.433687
vt 0.017243 0.446765
vt 0.003851 0.446765
vt 0.003087 0.433085
vt 0.159255 0.308732
vt 0.172728 0.308732
vt 0.174519 0.322514
vt 0.160958 0.322128
vt 0.310087 0.321364
vt 0.296703 0.320223
vt 0.294705 0.307690
vt 0.308090 0.307690
vt 0.615195 0.491576
vt 0.628463 0.491890
vt 0.629125 0.504563
vt 0.616193 0.504563
vt 0.877580 0.583941
vt 0.864721 0.583941
vt 0.864692 0.570795
vt 0.877584 0.571135
vt 0.025196 0.136147
vt 0.025196 0.122779
vt 0.043099 0.120525
vt 0.037267 0.134797
vt 0.328083 0.204335
vt 0.329412 0.217775
vt 0.315887 0.217338
vt 0.313830 0.204335
vt 0.003286 0.187290
vt 0.016595 0.184895
vt 0.016595 0.202939
vt 0.003087 0.202278
vt 0.328607 0.443843
vt 0.315236 0.444666
vt 0.315049 0.431564
vt 0.329863 0.431564
vt 0.699521 0.135142
vt 0.713062 0.135142
vt 0.712788 0.148242
vt 0.699555 0.148134
vt 0.453541 0.509170
vt 0.466901 0.509170
vt 0.467794 0.522340
vt 0.453980 0.522163
vt 0.705003 0.990159
vt 0.693035 0.990212
vt 0.693306 0.977965
vt 0.705003 0.977880
vt 0.586037 0.919486
vt 0.586948 0.931913
vt 0.573614 0.931913
vt 0.573833 0.919515
vt 0.206771 0.914552
vt 0.205305 0.902820
vt 0.218249 0.902820
vt 0.219196 0.914836
vt 0.467809 0.003087
vt 0.481233 0.003372
vt 0.482450 0.016122
vt 0.468141 0.016122
vt 0.205305 0.363863
vt 0.218837 0.363863
vt 0.220205 0.377437
vt 0.207330 0.376625
vt 0.653948 0.801368
vt 0.654418 0.789002
vt 0.667031 0.788455
vt 0.667357 0.801368
vt 0.205305 0.820894
vt 0.206166 0.808413
vt 0.219082 0.808413
vt 0.218394 0.820909
vt 0.293653 0.605053
vt 0.294746 0.592363
vt 0.307996 0.592380
vt 0.306683 0.605053
vt 0.672283 0.644661
vt 0.672283 0.631762
vt 0.685148 0.630794
vt 0.685076 0.643704
vt 0.713508 0.082294
vt 0.713508 0.095411
vt 0.700720 0.096156
vt 0.700790 0.083072
vt 0.405226 0.737385
vt 0.392106 0.737458
vt 0.392374 0.724156
vt 0.405226 0.724026
vt 0.803473 0.511004
vt 0.812878 0.511223
vt 0.816791 0.523959
vt 0.804563 0.523959
vt 0.392106 0.684915
vt 0.405393 0.684588
vt 0.405129 0.697816
vt 0.392106 0.697990
vt 0.882008 0.388248
vt 0.881895 0.401217
vt 0.869169 0.401217
vt 0.869157 0.388039
vt 0.909185 0.470019
vt 0.909503 0.482946
vt 0.896701 0.482946
vt 0.896607 0.469939
vt 0.185623 0.224584
vt 0.200255 0.224584
vt 0.195809 0.237545
vt 0.182619 0.235141
vt 0.725838 0.531287
vt 0.737827 0.531287
vt 0.738684 0.544992
vt 0.726668 0.544584
vt 0.016340 0.776146
vt 0.003087 0.776388
vt 0.003087 0.763241
vt 0.016312 0.763380
vt 0.294846 0.454694
vt 0.308131 0.453821
vt 0.308131 0.467562
vt 0.294705 0.468098
vt 0.923184 0.147604
vt 0.910075 0.147848
vt 0.910206 0.135142
vt 0.923184 0.135200
vt 0.819518 0.409511
vt 0.832561 0.409289
vt 0.832561 0.421939
vt 0.819483 0.422435
vt 0.753143 0.298361
vt 0.740105 0.298961
vt 0.740127 0.285896
vt 0.753143 0.285509
vt 0.554808 0.625871
vt 0.554872 0.612560
vt 0.567823 0.611952
vt 0.567823 0.625016
vt 0.336354 0.446418
vt 0.336816 0.432746
vt 0.349741 0.431942
vt 0.349741 0.445262
vt 0.712891 0.913287
vt 0.712891 0.900508
vt 0.725967 0.900484
vt 0.725913 0.913195
vt 0.025254 0.890485
vt 0.025196 0.877678
vt 0.038395 0.877678
vt 0.038381 0.890404
vt 0.862711 0.214016
vt 0.862711 0.200833
vt 0.875519 0.200846
vt 0.875585 0.214008
vt 0.771672 0.825828
vt 0.784859 0.825773
vt 0.784882 0.838746
vt 0.771661 0.838746
vt 0.613975 0.819768
vt 0.613963 0.806736
vt 0.627192 0.806736
vt 0.627134 0.819761
vt 0.586739 0.749007
vt 0.586684 0.762328
vt 0.573614 0.762284
vt 0.573614 0.749055
vt 0.888903 0.298229
vt 0.875925 0.298502
vt 0.875925 0.285651
vt 0.888947 0.285509
vt 0.466766 0.820403
vt 0.466781 0.833300
vt 0.453557 0.833300
vt 0.453541 0.820322
vt 0.653948 0.782281
vt 0.653960 0.769253
vt 0.667243 0.769263
vt 0.667296 0.782281
vt 0.240600 0.745486
vt 0.240618 0.758559
vt 0.227257 0.758552
vt 0.227234 0.745486
vt 0.405419 0.743632
vt 0.405436 0.756768
vt 0.392123 0.756747
vt 0.392106 0.743632
vt 0.778919 0.095171
vt 0.778739 0.082294
vt 0.792156 0.082425
vt 0.792220 0.095171
vt 0.195873 0.801192
vt 0.195898 0.814091
vt 0.182672 0.814091
vt 0.182619 0.801079
vt 0.293738 0.797272
vt 0.293653 0.784562
vt 0.307258 0.784815
vt 0.307296 0.797272
vt 0.527915 0.880547
vt 0.527915 0.892927
vt 0.514434 0.893066
vt 0.514528 0.880585
vt 0.249755 0.945109
vt 0.249956 0.932839
vt 0.263126 0.932798
vt 0.263126 0.945075
vt 0.412813 0.917368
vt 0.425955 0.917313
vt 0.425955 0.929788
vt 0.412657 0.929572
vt 0.149050 0.682771
vt 0.135666 0.682771
vt 0.135430 0.669660
vt 0.148909 0.669908
vt 0.453541 0.626858
vt 0.466866 0.626858
vt 0.467354 0.639942
vt 0.454022 0.639548
vt 0.094444 0.346396
vt 0.095840 0.359973
vt 0.082527 0.359973
vt 0.081055 0.346153
vt 0.207332 0.096113
vt 0.207332 0.082294
vt 0.220617 0.085046
vt 0.220610 0.100029
vt 0.112561 0.983056
vt 0.112496 0.976106
vt 0.125523 0.974864
vt 0.125523 0.986579
vt 0.745447 0.925086
vt 0.745447 0.937891
vt 0.732548 0.936970
vt 0.732592 0.925254
vt 0.562571 0.298990
vt 0.562571 0.286025
vt 0.576369 0.285665
vt 0.575430 0.299000
vt 0.135430 0.297747
vt 0.150420 0.297747
vt 0.150970 0.311379
vt 0.137432 0.311104
vt 0.478484 0.389450
vt 0.492234 0.389110
vt 0.492234 0.402634
vt 0.478433 0.402855
vt 0.327697 0.984377
vt 0.315269 0.984199
vt 0.315049 0.972149
vt 0.326970 0.972149
vt 0.665732 0.950679
vt 0.654037 0.950486
vt 0.653427 0.938247
vt 0.666580 0.938247
vt 0.349468 0.588739
vt 0.350183 0.601390
vt 0.335925 0.601390
vt 0.336136 0.588584
vt 0.516337 0.223466
vt 0.517827 0.236523
vt 0.505515 0.235338
vt 0.503437 0.223466
vt 0.376498 0.135142
vt 0.377488 0.149061
vt 0.364866 0.148651
vt 0.362957 0.135142
vt 0.243340 0.426673
vt 0.228913 0.426673
vt 0.229411 0.413766
vt 0.241620 0.413084
vt 0.534675 0.623946
vt 0.535123 0.611439
vt 0.548519 0.610847
vt 0.548519 0.623610
vt 0.591131 0.472745
vt 0.604158 0.471481
vt 0.603950 0.484049
vt 0.591131 0.485486
vt 0.573147 0.545814
vt 0.573147 0.532904
vt 0.586120 0.531687
vt 0.585918 0.544667
vt 0.648942 0.472043
vt 0.661737 0.471107
vt 0.661703 0.484212
vt 0.648941 0.485159
vt 0.610332 0.485371
vt 0.610591 0.472015
vt 0.623390 0.471481
vt 0.623390 0.484699
vt 0.285398 0.592078
vt 0.285730 0.605627
vt 0.272519 0.605367
vt 0.272277 0.592078
vt 0.746091 0.278767
vt 0.733350 0.278445
vt 0.732861 0.265602
vt 0.746091 0.265494
vt 0.125074 0.950521
vt 0.112496 0.950606
vt 0.112496 0.937636
vt 0.125126 0.938019
vt 0.909789 0.368403
vt 0.922289 0.368403
vt 0.922500 0.381454
vt 0.909735 0.381335
vt 0.240621 0.706943
vt 0.240487 0.719855
vt 0.227234 0.720168
vt 0.227234 0.707680
vt 0.025196 0.908911
vt 0.025196 0.896658
vt 0.038874 0.897887
vt 0.038475 0.908856
vt 0.533761 0.919271
vt 0.547450 0.918162
vt 0.547450 0.930263
vt 0.533790 0.928860
vt 0.379115 0.127635
vt 0.379474 0.113942
vt 0.391452 0.112899
vt 0.392711 0.127635
vt 0.631727 0.113216
vt 0.644577 0.112899
vt 0.644577 0.126193
vt 0.631267 0.126463
vt 0.349162 0.195749
vt 0.336228 0.197492
vt 0.336228 0.183751
vt 0.349707 0.182246
vt 0.836672 0.551363
vt 0.836672 0.564070
vt 0.823635 0.564528
vt 0.823692 0.551572
vt 0.370006 0.746330
vt 0.370006 0.759255
vt 0.356995 0.759775
vt 0.357023 0.746673
vt 0.701778 0.125964
vt 0.688828 0.126596
vt 0.688828 0.113408
vt 0.701811 0.112899
vt 0.432789 0.564040
vt 0.432789 0.550626
vt 0.445766 0.549811
vt 0.445706 0.563122
vt 0.315049 0.490150
vt 0.328533 0.490537
vt 0.329551 0.503175
vt 0.315872 0.503175
vt 0.566961 0.878787
vt 0.553956 0.878917
vt 0.553956 0.866102
vt 0.567083 0.866009
vt 0.854077 0.126060
vt 0.841203 0.126060
vt 0.841097 0.112899
vt 0.853903 0.112929
vt 0.824913 0.462842
vt 0.825010 0.449968
vt 0.838099 0.449833
vt 0.838099 0.462773
vt 0.805581 0.449954
vt 0.818739 0.449833
vt 0.818639 0.462805
vt 0.805581 0.462941
vt 0.806555 0.504209
vt 0.793445 0.504230
vt 0.793434 0.491177
vt 0.806686 0.491177
vt 0.667261 0.749955
vt 0.667200 0.763079
vt 0.653948 0.763037
vt 0.653948 0.749967
vt 0.846669 0.035893
vt 0.833671 0.036207
vt 0.833671 0.023288
vt 0.846674 0.023043
vt 0.038468 0.781226
vt 0.038496 0.794205
vt 0.025213 0.794205
vt 0.025196 0.781155
vt 0.767025 0.401070
vt 0.753658 0.401101
vt 0.753658 0.388039
vt 0.766993 0.388043
vt 0.534381 0.765509
vt 0.547703 0.765487
vt 0.547703 0.778554
vt 0.534390 0.778550
vt 0.693215 0.749296
vt 0.706540 0.749251
vt 0.706540 0.762367
vt 0.693267 0.762344
vt 0.446213 0.758301
vt 0.432959 0.758301
vt 0.432789 0.745266
vt 0.446172 0.745422
vt 0.791909 0.223530
vt 0.791920 0.236541
vt 0.778648 0.236549
vt 0.778648 0.223466
vt 0.446594 0.643741
vt 0.433112 0.643741
vt 0.432789 0.630662
vt 0.446552 0.631031
vt 0.249755 0.781518
vt 0.263435 0.781719
vt 0.263422 0.794200
vt 0.249815 0.794200
vt 0.830916 0.903147
vt 0.844120 0.903247
vt 0.844120 0.915519
vt 0.830734 0.915631
vt 0.960341 0.885601
vt 0.960255 0.897806
vt 0.947084 0.897794
vt 0.947288 0.885601
vt 0.647127 0.881653
vt 0.647249 0.894352
vt 0.634110 0.894062
vt 0.633969 0.881653
vt 0.148995 0.644624
vt 0.135603 0.644624
vt 0.135430 0.631405
vt 0.149082 0.631511
vt 0.511966 0.203373
vt 0.512470 0.216363
vt 0.499322 0.216363
vt 0.498656 0.202730
vt 0.335611 0.150103
vt 0.322474 0.150103
vt 0.321671 0.135142
vt 0.334921 0.136445
vt 0.677022 0.170150
vt 0.677171 0.157043
vt 0.690073 0.156493
vt 0.690073 0.169186
vt 0.909604 0.192157
vt 0.896748 0.192141
vt 0.896748 0.179447
vt 0.909684 0.179191
vt 0.067109 0.485225
vt 0.067201 0.498894
vt 0.054076 0.498848
vt 0.053354 0.485225
vt 0.328120 0.725093
vt 0.327987 0.738497
vt 0.315049 0.738568
vt 0.315049 0.725267
vt 0.425026 0.630111
vt 0.426000 0.643646
vt 0.413493 0.642133
vt 0.412657 0.630111
vt 0.771775 0.958507
vt 0.784859 0.958496
vt 0.783696 0.970694
vt 0.771775 0.970650
vt 0.380282 0.326938
vt 0.392827 0.328390
vt 0.392505 0.342845
vt 0.380282 0.340081
vt 0.508134 0.491974
vt 0.508542 0.505909
vt 0.495965 0.505895
vt 0.495009 0.491974
vt 0.353489 0.112899
vt 0.353489 0.126820
vt 0.339017 0.127090
vt 0.339133 0.114327
vt 0.315168 0.393180
vt 0.328905 0.391425
vt 0.328905 0.404444
vt 0.315049 0.405749
vt 0.426454 0.543575
vt 0.413787 0.545131
vt 0.413787 0.532149
vt 0.426595 0.530618
vt 0.596882 0.203866
vt 0.609654 0.202730
vt 0.609595 0.215865
vt 0.596882 0.216971
vt 0.630621 0.545581
vt 0.630835 0.532365
vt 0.643614 0.531687
vt 0.643614 0.544867
vt 0.666785 0.409584
vt 0.679860 0.409616
vt 0.679860 0.423007
vt 0.666659 0.423137
vt 0.433323 0.604531
vt 0.432789 0.591268
vt 0.446003 0.591268
vt 0.446230 0.604838
vt 0.950748 0.604032
vt 0.937901 0.603363
vt 0.938121 0.591758
vt 0.950748 0.591286
vt 0.921881 0.463042
vt 0.921881 0.450540
vt 0.934402 0.449833
vt 0.934373 0.462585
vt 0.897401 0.016129
vt 0.897937 0.003087
vt 0.910144 0.003159
vt 0.910255 0.016129
vt 0.883643 0.339626
vt 0.883237 0.326938
vt 0.896517 0.326938
vt 0.896090 0.339419
vt 0.172834 0.582479
vt 0.159863 0.582479
vt 0.159255 0.569194
vt 0.173083 0.570229
vt 0.017290 0.413622
vt 0.017829 0.426911
vt 0.003087 0.425719
vt 0.003423 0.413622
vt 0.326706 0.059201
vt 0.340235 0.057858
vt 0.340235 0.072560
vt 0.326655 0.073122
vt 0.453399 0.202730
vt 0.453399 0.215819
vt 0.439888 0.217010
vt 0.440373 0.203724
vt 0.149094 0.097854
vt 0.146581 0.086469
vt 0.160094 0.086469
vt 0.163724 0.101906
vt 0.706213 0.768541
vt 0.706196 0.781496
vt 0.693216 0.781921
vt 0.693215 0.768898
vt 0.547990 0.720980
vt 0.534888 0.720962
vt 0.534381 0.707980
vt 0.547544 0.707980
vt 0.634170 0.318463
vt 0.621185 0.319135
vt 0.621185 0.305897
vt 0.634232 0.305275
vt 0.239897 0.641343
vt 0.227234 0.641985
vt 0.227234 0.628625
vt 0.240083 0.627931
vt 0.731640 0.148397
vt 0.719236 0.149344
vt 0.720004 0.135876
vt 0.731640 0.135142
vt 0.824916 0.348078
vt 0.838047 0.347885
vt 0.837978 0.360701
vt 0.824916 0.360951
vt 0.804587 0.564409
vt 0.804277 0.551363
vt 0.817216 0.551363
vt 0.817461 0.564451
vt 0.803553 0.544503
vt 0.803553 0.531521
vt 0.816609 0.531287
vt 0.816555 0.544227
vt 0.607059 0.806698
vt 0.606884 0.819684
vt 0.593949 0.819851
vt 0.593949 0.806838
vt 0.673539 0.788200
vt 0.686723 0.788089
vt 0.686604 0.801141
vt 0.673539 0.801226
vt 0.771140 0.762001
vt 0.771140 0.748981
vt 0.784413 0.748906
vt 0.784325 0.761975
vt 0.335925 0.793933
vt 0.336299 0.781017
vt 0.349362 0.781022
vt 0.348945 0.793933
vt 0.514434 0.779975
vt 0.514480 0.766945
vt 0.527706 0.766926
vt 0.527768 0.779975
vt 0.766183 0.605164
vt 0.766199 0.592150
vt 0.779468 0.592150
vt 0.779505 0.605212
vt 0.673617 0.762157
vt 0.673539 0.749144
vt 0.686907 0.749144
vt 0.686942 0.762184
vt 0.759014 0.318254
vt 0.758942 0.305275
vt 0.772298 0.305275
vt 0.772310 0.318323
vt 0.446158 0.739092
vt 0.432897 0.739092
vt 0.432789 0.725941
vt 0.446181 0.726056
vt 0.335925 0.774843
vt 0.335925 0.761793
vt 0.349161 0.761669
vt 0.349151 0.774752
vt 0.538302 0.382058
vt 0.538201 0.368654
vt 0.552036 0.368975
vt 0.551954 0.382058
vt 0.616340 0.298705
vt 0.602500 0.298347
vt 0.602394 0.285665
vt 0.616162 0.285665
vt 0.126177 0.805707
vt 0.126177 0.818192
vt 0.112496 0.818289
vt 0.112747 0.805689
vt 0.453541 0.945690
vt 0.453638 0.933393
vt 0.466743 0.933221
vt 0.466743 0.945416
vt 0.946104 0.787815
vt 0.959135 0.787583
vt 0.959135 0.799992
vt 0.946082 0.800015
vt 0.814918 0.016085
vt 0.801767 0.015656
vt 0.801634 0.003087
vt 0.814749 0.003087
vt 0.293724 0.644167
vt 0.293653 0.630844
vt 0.307204 0.630844
vt 0.307018 0.644063
vt 0.503526 0.148816
vt 0.503560 0.135142
vt 0.516651 0.136366
vt 0.516651 0.149459
vt 0.172344 0.371028
vt 0.172344 0.385012
vt 0.159255 0.384592
vt 0.159281 0.369644
vt 0.389094 0.195354
vt 0.376038 0.197602
vt 0.376133 0.182655
vt 0.389094 0.182246
vt 0.737567 0.016389
vt 0.724658 0.016732
vt 0.724686 0.003189
vt 0.737567 0.003087
vt 0.369891 0.682050
vt 0.357014 0.682050
vt 0.356995 0.668381
vt 0.370066 0.668558
vt 0.093586 0.366147
vt 0.095086 0.380538
vt 0.081698 0.379703
vt 0.081055 0.366147
vt 0.788329 0.650963
vt 0.801191 0.650963
vt 0.801099 0.663105
vt 0.788571 0.664428
vt 0.504274 0.430634
vt 0.504768 0.444893
vt 0.492263 0.444893
vt 0.491699 0.430445
vt 0.285151 0.651759
vt 0.284868 0.665413
vt 0.272297 0.665413
vt 0.272277 0.651472
vt 0.039130 0.320436
vt 0.025196 0.321430
vt 0.025196 0.308412
vt 0.039575 0.306761
vt 0.377012 0.015925
vt 0.363565 0.015925
vt 0.365322 0.003087
vt 0.379237 0.003342
vt 0.564915 0.096770
vt 0.564915 0.083635
vt 0.577607 0.082294
vt 0.577429 0.095585
vt 0.614115 0.652358
vt 0.626855 0.651616
vt 0.626855 0.664836
vt 0.613963 0.665537
vt 0.681751 0.285634
vt 0.694763 0.285509
vt 0.694763 0.298759
vt 0.681584 0.299023
vt 0.557222 0.237017
vt 0.544299 0.237017
vt 0.543559 0.223466
vt 0.556761 0.223546
vt 0.798582 0.605212
vt 0.786404 0.605066
vt 0.785679 0.592222
vt 0.798582 0.591779
vt 0.869922 0.988022
vt 0.869993 0.979833
vt 0.882446 0.978351
vt 0.882446 0.989958
vt 0.653925 0.645486
vt 0.654024 0.632734
vt 0.666109 0.630794
vt 0.666109 0.644736
vt 0.890574 0.192132
vt 0.877510 0.192132
vt 0.878386 0.179191
vt 0.889801 0.179596
vt 0.850165 0.070551
vt 0.838120 0.071052
vt 0.837353 0.057858
vt 0.850323 0.057858
vt 0.488976 0.244083
vt 0.502704 0.244083
vt 0.502150 0.257371
vt 0.489404 0.257853
vt 0.159809 0.363470
vt 0.159255 0.349583
vt 0.173945 0.350176
vt 0.173537 0.363470
vt 0.408228 0.430961
vt 0.407864 0.444987
vt 0.394651 0.445270
vt 0.394651 0.431588
vt 0.220606 0.344824
vt 0.221163 0.357689
vt 0.205305 0.357689
vt 0.207649 0.344812
vt 0.195619 0.756098
vt 0.182619 0.756543
vt 0.182619 0.743514
vt 0.195632 0.743076
vt 0.639217 0.023667
vt 0.652284 0.023043
vt 0.652264 0.036205
vt 0.639217 0.036832
vt 0.642048 0.058478
vt 0.655029 0.057858
vt 0.654900 0.071095
vt 0.642048 0.071735
vt 0.633969 0.710293
vt 0.647202 0.710293
vt 0.647688 0.723178
vt 0.634335 0.722728
vt 0.959902 0.156558
vt 0.960117 0.169671
vt 0.947828 0.169671
vt 0.949256 0.156493
vt 0.784600 0.265494
vt 0.784600 0.278367
vt 0.771516 0.278775
vt 0.771555 0.265851
vt 0.732744 0.723329
vt 0.732823 0.710350
vt 0.745820 0.709897
vt 0.745820 0.722836
vt 0.315049 0.803022
vt 0.327982 0.802699
vt 0.327861 0.815681
vt 0.315049 0.816044
vt 0.851523 0.422300
vt 0.838735 0.422379
vt 0.838735 0.409365
vt 0.851800 0.409289
vt 0.811807 0.388122
vt 0.824977 0.388039
vt 0.824811 0.401064
vt 0.811807 0.401109
vt 0.790774 0.265550
vt 0.804069 0.265494
vt 0.803944 0.278513
vt 0.790774 0.278471
vt 0.712510 0.572441
vt 0.725590 0.571938
vt 0.725590 0.584860
vt 0.712486 0.585417
vt 0.784029 0.524068
vt 0.784091 0.511095
vt 0.797299 0.511004
vt 0.797299 0.524034
vt 0.763306 0.664674
vt 0.749938 0.664610
vt 0.749878 0.651661
vt 0.763228 0.651660
vt 0.405495 0.775955
vt 0.392139 0.775855
vt 0.392106 0.762942
vt 0.405399 0.762942
vt 0.823981 0.684039
vt 0.810750 0.683931
vt 0.810716 0.671081
vt 0.823981 0.671060
vt 0.722271 0.429823
vt 0.735564 0.429701
vt 0.735506 0.442852
vt 0.722271 0.442964
vt 0.753892 0.368862
vt 0.767135 0.368654
vt 0.767099 0.381704
vt 0.753892 0.381837
vt 0.149274 0.487637
vt 0.135723 0.487744
vt 0.135430 0.474235
vt 0.149528 0.474235
vt 0.287906 0.454299
vt 0.287886 0.467340
vt 0.274048 0.467340
vt 0.273759 0.453771
vt 0.593949 0.625311
vt 0.594177 0.612224
vt 0.607790 0.612359
vt 0.607790 0.624962
vt 0.446204 0.795440
vt 0.432789 0.796074
vt 0.432977 0.783362
vt 0.446204 0.783143
vt 0.607041 0.901113
vt 0.607041 0.913313
vt 0.593949 0.913892
vt 0.594052 0.901588
vt 0.918757 0.543861
vt 0.918757 0.531469
vt 0.931820 0.531166
vt 0.931789 0.543735
vt 0.425767 0.727654
vt 0.426104 0.740391
vt 0.412987 0.740391
vt 0.412657 0.727303
vt 0.603401 0.192513
vt 0.590032 0.192600
vt 0.590032 0.179396
vt 0.603653 0.179191
vt 0.458704 0.265913
vt 0.471827 0.266601
vt 0.472426 0.279880
vt 0.459380 0.279880
vt 0.536445 0.148857
vt 0.523447 0.148857
vt 0.522825 0.135142
vt 0.535919 0.135333
vt 0.038163 0.697791
vt 0.025235 0.697718
vt 0.025196 0.684175
vt 0.038163 0.684062
vt 0.759586 0.236959
vt 0.759551 0.223466
vt 0.772431 0.223543
vt 0.772474 0.236959
vt 0.435160 0.170452
vt 0.421672 0.170961
vt 0.421672 0.156493
vt 0.434176 0.156682
vt 0.479081 0.216873
vt 0.479081 0.202730
vt 0.492108 0.202807
vt 0.492482 0.216269
vt 0.786433 0.463192
vt 0.786433 0.450219
vt 0.799407 0.449833
vt 0.799228 0.461874
vt 0.652764 0.200833
vt 0.665331 0.201141
vt 0.665279 0.214446
vt 0.652764 0.215100
vt 0.148314 0.741317
vt 0.135430 0.741002
vt 0.135473 0.727830
vt 0.148314 0.727660
vt 0.396495 0.023043
vt 0.395471 0.036139
vt 0.382620 0.037447
vt 0.382620 0.024669
vt 0.205305 0.436315
vt 0.205305 0.423023
vt 0.218693 0.421758
vt 0.217902 0.434959
vt 0.709709 0.592779
vt 0.722263 0.592150
vt 0.722263 0.605311
vt 0.709492 0.605997
vt 0.554230 0.743396
vt 0.554329 0.730146
vt 0.567236 0.729879
vt 0.567236 0.742976
vt 0.446248 0.624488
vt 0.433033 0.624488
vt 0.432789 0.611012
vt 0.445970 0.611221
vt 0.584655 0.485705
vt 0.572062 0.484915
vt 0.572062 0.471481
vt 0.584957 0.472340
vt 0.942381 0.741873
vt 0.942381 0.729200
vt 0.954538 0.728481
vt 0.954469 0.741437
vt 0.958692 0.866305
vt 0.958448 0.878278
vt 0.947084 0.879427
vt 0.947084 0.865485
vt 0.958544 0.400579
vt 0.945587 0.400579
vt 0.946302 0.388039
vt 0.957189 0.388269
vt 0.306408 0.860230
vt 0.305328 0.873402
vt 0.293653 0.873547
vt 0.293653 0.860260
vt 0.016621 0.392825
vt 0.015982 0.406586
vt 0.003087 0.407448
vt 0.003087 0.393630
vt 0.094612 0.419076
vt 0.081055 0.419248
vt 0.081055 0.405846
vt 0.095071 0.405185
vt 0.228913 0.570767
vt 0.242107 0.569988
vt 0.241148 0.583239
vt 0.228913 0.583903
vt 0.630189 0.389110
vt 0.630977 0.402205
vt 0.617157 0.402205
vt 0.617883 0.389348
vt 0.285987 0.671591
vt 0.285359 0.684605
vt 0.272277 0.684605
vt 0.272871 0.671587
vt 0.641053 0.003087
vt 0.640736 0.016248
vt 0.627746 0.016667
vt 0.627749 0.003604
vt 0.616158 0.340655
vt 0.616158 0.327425
vt 0.629356 0.326938
vt 0.629044 0.340191
vt 0.195550 0.838890
vt 0.195556 0.852081
vt 0.182619 0.852081
vt 0.183262 0.838863
vt 0.566761 0.898235
vt 0.553956 0.898235
vt 0.554140 0.885121
vt 0.566411 0.885091
vt 0.182780 0.646012
vt 0.195852 0.645443
vt 0.195852 0.658368
vt 0.182619 0.659047
vt 0.760705 0.213812
vt 0.748024 0.214491
vt 0.748024 0.201473
vt 0.760826 0.200833
vt 0.888953 0.244083
vt 0.888609 0.257101
vt 0.876167 0.257312
vt 0.876167 0.244314
vt 0.875946 0.070845
vt 0.875946 0.057875
vt 0.888950 0.057858
vt 0.888661 0.070869
vt 0.412657 0.835834
vt 0.412657 0.822968
vt 0.425860 0.822833
vt 0.425712 0.835819
vt 0.842291 0.728481
vt 0.842265 0.741403
vt 0.829060 0.741431
vt 0.829060 0.728596
vt 0.406397 0.608423
vt 0.405655 0.621377
vt 0.392413 0.621377
vt 0.393146 0.608397
vt 0.573742 0.788008
vt 0.586939 0.787849
vt 0.586965 0.800823
vt 0.573614 0.800823
vt 0.673539 0.807400
vt 0.686793 0.807400
vt 0.686850 0.820349
vt 0.673557 0.820230
vt 0.821153 0.571938
vt 0.821169 0.584851
vt 0.807904 0.584775
vt 0.807827 0.571938
vt 0.712891 0.837750
vt 0.712904 0.825071
vt 0.726242 0.825038
vt 0.726242 0.837888
vt 0.694547 0.082294
vt 0.694423 0.095434
vt 0.681180 0.095620
vt 0.681180 0.082541
vt 0.791724 0.305275
vt 0.791681 0.318251
vt 0.778484 0.318390
vt 0.778484 0.305524
vt 0.135430 0.494175
vt 0.149328 0.493918
vt 0.149052 0.507428
vt 0.135430 0.507499
vt 0.402660 0.224042
vt 0.417153 0.223979
vt 0.416758 0.237544
vt 0.402660 0.237578
vt 0.408228 0.464543
vt 0.394080 0.465026
vt 0.394080 0.451444
vt 0.408043 0.451456
vt 0.634929 0.585727
vt 0.635177 0.572659
vt 0.648531 0.572468
vt 0.648531 0.585182
vt 0.567527 0.645035
vt 0.554299 0.645035
vt 0.555419 0.632364
vt 0.568524 0.632771
vt 0.875025 0.604171
vt 0.862045 0.604855
vt 0.862109 0.592390
vt 0.875025 0.591779
vt 0.926853 0.256825
vt 0.913787 0.256829
vt 0.913816 0.244263
vt 0.926853 0.244083
vt 0.474726 0.610286
vt 0.487841 0.610563
vt 0.488386 0.623567
vt 0.475303 0.623567
vt 0.575143 0.465010
vt 0.575143 0.451993
vt 0.588769 0.451568
vt 0.588534 0.464770
vt 0.038252 0.523339
vt 0.025196 0.522498
vt 0.025240 0.508964
vt 0.038252 0.509912
vt 0.526361 0.193605
vt 0.513390 0.192642
vt 0.513401 0.179191
vt 0.526361 0.180179
vt 0.651565 0.156924
vt 0.651565 0.170375
vt 0.638585 0.169909
vt 0.638643 0.156493
vt 0.287256 0.374135
vt 0.287998 0.388077
vt 0.274713 0.388077
vt 0.273759 0.373966
vt 0.646750 0.651660
vt 0.647774 0.664661
vt 0.633969 0.664661
vt 0.634432 0.652137
vt 0.617077 0.082632
vt 0.617260 0.095281
vt 0.604287 0.095281
vt 0.603264 0.082294
vt 0.728437 0.605429
vt 0.728823 0.592150
vt 0.741272 0.592552
vt 0.741272 0.605858
vt 0.587665 0.633092
vt 0.587665 0.646265
vt 0.574698 0.645523
vt 0.574816 0.632364
vt 0.562192 0.037328
vt 0.562191 0.024104
vt 0.575066 0.023043
vt 0.574330 0.035796
vt 0.724381 0.360828
vt 0.711778 0.361848
vt 0.711778 0.348687
vt 0.724422 0.347885
vt 0.554416 0.749946
vt 0.567200 0.749570
vt 0.567199 0.762655
vt 0.554230 0.763042
vt 0.667330 0.704771
vt 0.654018 0.704771
vt 0.653948 0.691501
vt 0.666960 0.691654
vt 0.094270 0.541732
vt 0.094929 0.555017
vt 0.081701 0.555017
vt 0.081055 0.541665
vt 0.861848 0.544426
vt 0.861602 0.531473
vt 0.874220 0.531473
vt 0.874343 0.544800
vt 0.294705 0.380196
vt 0.294705 0.368100
vt 0.307122 0.369568
vt 0.307114 0.384253
vt 0.194406 0.023043
vt 0.205296 0.023043
vt 0.202213 0.034614
vt 0.196931 0.044798
vt 0.068039 0.719322
vt 0.066205 0.731296
vt 0.054740 0.730876
vt 0.053354 0.719322
vt 0.979469 0.147902
vt 0.967161 0.147902
vt 0.967579 0.135525
vt 0.978433 0.135142
vt 0.159850 0.698989
vt 0.159255 0.686079
vt 0.172503 0.687105
vt 0.173040 0.698989
vt 0.229499 0.505418
vt 0.228913 0.492451
vt 0.241872 0.492451
vt 0.243317 0.505556
vt 0.700152 0.484509
vt 0.686975 0.484042
vt 0.686873 0.471542
vt 0.700152 0.471107
vt 0.933247 0.409956
vt 0.945481 0.409289
vt 0.945046 0.421915
vt 0.933247 0.422731
vt 0.853456 0.135326
vt 0.865626 0.135142
vt 0.865900 0.148440
vt 0.853103 0.148440
vt 0.330054 0.184495
vt 0.328526 0.197589
vt 0.316418 0.195597
vt 0.316418 0.182246
vt 0.466830 0.568531
vt 0.466830 0.581562
vt 0.453541 0.582364
vt 0.453609 0.569285
vt 0.642112 0.223855
vt 0.655486 0.223466
vt 0.655313 0.236528
vt 0.642112 0.236937
vt 0.693178 0.305275
vt 0.693377 0.318603
vt 0.680152 0.318211
vt 0.680007 0.305275
vt 0.776942 0.471148
vt 0.777069 0.484296
vt 0.763859 0.484296
vt 0.764137 0.471107
vt 0.453541 0.756990
vt 0.453677 0.743842
vt 0.466730 0.743716
vt 0.466730 0.756919
vt 0.560517 0.244083
vt 0.560517 0.257120
vt 0.547368 0.258148
vt 0.547855 0.245045
vt 0.893630 0.591286
vt 0.893337 0.604300
vt 0.881199 0.604855
vt 0.881199 0.591837
vt 0.923814 0.806233
vt 0.936530 0.806233
vt 0.936106 0.819224
vt 0.923938 0.819192
vt 0.870810 0.169367
vt 0.870802 0.156493
vt 0.883857 0.156493
vt 0.883652 0.169460
vt 0.205305 0.858898
vt 0.205305 0.846114
vt 0.218553 0.846092
vt 0.218428 0.858958
vt 0.205305 0.827109
vt 0.218657 0.827083
vt 0.218553 0.839918
vt 0.205305 0.839835
vt 0.475282 0.505913
vt 0.475674 0.492841
vt 0.488835 0.491974
vt 0.488835 0.504974
vt 0.848883 0.749009
vt 0.862153 0.748906
vt 0.862137 0.761721
vt 0.848883 0.761741
vt 0.425960 0.803830
vt 0.426106 0.816659
vt 0.412781 0.816552
vt 0.412657 0.803830
vt 0.831158 0.388039
vt 0.844481 0.388039
vt 0.844487 0.400876
vt 0.831151 0.400722
vt 0.902549 0.721741
vt 0.889295 0.721633
vt 0.889286 0.709246
vt 0.902549 0.709062
vt 0.676415 0.389522
vt 0.689802 0.389110
vt 0.689656 0.402188
vt 0.676415 0.402427
vt 0.829440 0.749167
vt 0.842709 0.748906
vt 0.842709 0.761772
vt 0.829438 0.761814
vt 0.135430 0.415994
vt 0.149896 0.415994
vt 0.149390 0.429521
vt 0.135490 0.429382
vt 0.517491 0.113235
vt 0.531454 0.112899
vt 0.531123 0.126219
vt 0.517491 0.126290
vt 0.205518 0.401967
vt 0.219725 0.402003
vt 0.219798 0.415584
vt 0.205305 0.415584
vt 0.095008 0.496803
vt 0.081055 0.497309
vt 0.081480 0.483734
vt 0.095008 0.483732
vt 0.426363 0.583824
vt 0.413050 0.584890
vt 0.413205 0.571726
vt 0.426363 0.571104
vt 0.285340 0.703244
vt 0.272277 0.704366
vt 0.272277 0.691601
vt 0.285348 0.690778
vt 0.869993 0.256649
vt 0.857077 0.257255
vt 0.857126 0.244629
vt 0.869993 0.244083
vt 0.863564 0.347885
vt 0.876602 0.347969
vt 0.876580 0.360900
vt 0.863613 0.360900
vt 0.038278 0.529584
vt 0.039094 0.542915
vt 0.026019 0.542915
vt 0.025196 0.529513
vt 0.635838 0.298680
vt 0.622514 0.298987
vt 0.622514 0.286233
vt 0.636090 0.285665
vt 0.407579 0.016452
vt 0.406304 0.003087
vt 0.419387 0.003087
vt 0.420745 0.016728
vt 0.500856 0.156493
vt 0.513953 0.156614
vt 0.515067 0.169727
vt 0.502060 0.169727
vt 0.558370 0.084346
vt 0.558741 0.096256
vt 0.545534 0.096256
vt 0.545492 0.082294
vt 0.497820 0.036799
vt 0.485343 0.036799
vt 0.484054 0.023043
vt 0.497338 0.023274
vt 0.686319 0.971981
vt 0.673875 0.971981
vt 0.673368 0.959665
vt 0.685824 0.959791
vt 0.016367 0.737735
vt 0.003502 0.737366
vt 0.003087 0.724466
vt 0.015711 0.724466
vt 0.693035 0.953736
vt 0.693035 0.940793
vt 0.705264 0.940413
vt 0.705219 0.952826
vt 0.547234 0.879976
vt 0.547234 0.892741
vt 0.534327 0.893050
vt 0.534590 0.879967
vt 0.786664 0.643060
vt 0.786664 0.629938
vt 0.799636 0.630199
vt 0.799868 0.643033
vt 0.242224 0.531914
vt 0.242901 0.545014
vt 0.229297 0.545014
vt 0.228913 0.531718
vt 0.328277 0.588594
vt 0.328769 0.601844
vt 0.315405 0.601844
vt 0.315049 0.588521
vt 0.693923 0.845932
vt 0.706420 0.845625
vt 0.706420 0.859100
vt 0.693770 0.858434
vt 0.190353 0.082294
vt 0.197085 0.091867
vt 0.201158 0.103105
vt 0.190353 0.104196
vt 0.791495 0.788477
vt 0.804148 0.787860
vt 0.804148 0.801530
vt 0.792491 0.800549
vt 0.954968 0.563217
vt 0.955483 0.550425
vt 0.966843 0.550035
vt 0.967139 0.563217
vt 0.553021 0.485808
vt 0.553700 0.472636
vt 0.565888 0.471481
vt 0.565888 0.484087
vt 0.558468 0.326938
vt 0.570626 0.328140
vt 0.570626 0.341230
vt 0.557741 0.339856
vt 0.712891 0.950630
vt 0.713133 0.938873
vt 0.725744 0.938131
vt 0.725980 0.950630
vt 0.990459 0.629938
vt 0.990248 0.642060
vt 0.978715 0.642351
vt 0.978632 0.629938
vt 0.685796 0.665060
vt 0.672717 0.665298
vt 0.673068 0.652002
vt 0.685796 0.651660
vt 0.786213 0.388039
vt 0.786252 0.401350
vt 0.773199 0.401350
vt 0.773417 0.388169
vt 0.228913 0.525544
vt 0.228913 0.512495
vt 0.242477 0.511730
vt 0.242272 0.524807
vt 0.633969 0.632438
vt 0.647751 0.632401
vt 0.647299 0.645475
vt 0.633969 0.645486
vt 0.674825 0.223466
vt 0.674825 0.237068
vt 0.661659 0.236700
vt 0.661714 0.223490
vt 0.709832 0.200915
vt 0.723021 0.200833
vt 0.723021 0.214044
vt 0.709654 0.214062
vt 0.594637 0.023043
vt 0.594637 0.036454
vt 0.581240 0.036707
vt 0.581331 0.023503
vt 0.003087 0.288468
vt 0.005459 0.274987
vt 0.017508 0.273411
vt 0.017508 0.286523
vt 0.964825 0.670277
vt 0.976994 0.670277
vt 0.976210 0.683271
vt 0.965034 0.683234
vt 0.914520 0.223711
vt 0.927433 0.223466
vt 0.927433 0.236308
vt 0.914473 0.236249
vt 0.432789 0.878331
vt 0.445912 0.878331
vt 0.445853 0.891205
vt 0.432801 0.891170
vt 0.867808 0.807704
vt 0.881000 0.807739
vt 0.881056 0.820483
vt 0.867808 0.820488
vt 0.894110 0.564618
vt 0.881384 0.564618
vt 0.881487 0.551370
vt 0.894065 0.551363
vt 0.252236 0.340243
vt 0.253531 0.327218
vt 0.268082 0.327249
vt 0.266608 0.340243
vt 0.882288 0.671060
vt 0.882362 0.683791
vt 0.869062 0.683523
vt 0.869067 0.671060
vt 0.432789 0.821245
vt 0.446045 0.821245
vt 0.446291 0.833965
vt 0.432968 0.833949
vt 0.094319 0.886581
vt 0.094319 0.899264
vt 0.081055 0.899154
vt 0.081141 0.886764
vt 0.926587 0.787628
vt 0.939908 0.787787
vt 0.939874 0.799602
vt 0.926587 0.800015
vt 0.293653 0.662910
vt 0.294262 0.650341
vt 0.307590 0.650341
vt 0.306921 0.663229
vt 0.784881 0.901991
vt 0.784881 0.914637
vt 0.771661 0.914528
vt 0.771661 0.902271
vt 0.402565 0.306929
vt 0.416858 0.306460
vt 0.416858 0.320079
vt 0.402392 0.320099
vt 0.480563 0.169916
vt 0.480563 0.157147
vt 0.494682 0.156493
vt 0.494530 0.169879
vt 0.196509 0.567325
vt 0.196206 0.580376
vt 0.182619 0.580563
vt 0.182619 0.567884
vt 0.025865 0.430010
vt 0.039402 0.430064
vt 0.039402 0.443645
vt 0.025196 0.443692
vt 0.475470 0.532824
vt 0.488797 0.532368
vt 0.488797 0.545533
vt 0.475282 0.546124
vt 0.596689 0.382521
vt 0.596843 0.369455
vt 0.609815 0.368654
vt 0.609815 0.381418
vt 0.392229 0.640294
vt 0.393352 0.627551
vt 0.406397 0.627713
vt 0.405326 0.640294
vt 0.817627 0.604710
vt 0.804756 0.605149
vt 0.804756 0.592245
vt 0.817657 0.591779
vt 0.733692 0.285569
vt 0.733931 0.298862
vt 0.720996 0.298862
vt 0.720726 0.285509
vt 0.419317 0.368654
vt 0.432336 0.369862
vt 0.432282 0.383645
vt 0.419317 0.382362
vt 0.315049 0.700254
vt 0.315049 0.687812
vt 0.328640 0.687159
vt 0.328420 0.699912
vt 0.066589 0.387820
vt 0.068165 0.401015
vt 0.054996 0.401015
vt 0.053354 0.387603
vt 0.515436 0.484646
vt 0.514330 0.471481
vt 0.527202 0.471809
vt 0.528533 0.484646
vt 0.473670 0.953690
vt 0.486811 0.953690
vt 0.487161 0.965600
vt 0.474723 0.965236
vt 0.452812 0.382146
vt 0.439564 0.382146
vt 0.438510 0.368654
vt 0.451694 0.369432
vt 0.978622 0.156556
vt 0.979157 0.168744
vt 0.966533 0.168744
vt 0.966291 0.156493
vt 0.791756 0.939340
vt 0.803965 0.939804
vt 0.803965 0.952055
vt 0.791156 0.952091
vt 0.182619 0.794905
vt 0.182760 0.782070
vt 0.195671 0.782114
vt 0.196137 0.794905
vt 0.112496 0.593952
vt 0.125696 0.594275
vt 0.126385 0.607069
vt 0.112602 0.607069
vt 0.516712 0.347885
vt 0.530314 0.348123
vt 0.530812 0.361144
vt 0.516919 0.361144
vt 0.635746 0.071369
vt 0.622509 0.071391
vt 0.622509 0.057917
vt 0.635874 0.057858
vt 0.984982 0.016252
vt 0.973802 0.015200
vt 0.973292 0.003507
vt 0.984982 0.003087
vt 0.988698 0.340155
vt 0.977362 0.339322
vt 0.977478 0.327369
vt 0.988698 0.326938
vt 0.370218 0.492650
vt 0.369408 0.506581
vt 0.356995 0.506923
vt 0.356995 0.493253
vt 0.763437 0.585371
vt 0.750708 0.585659
vt 0.751253 0.572485
vt 0.763437 0.571938
vt 0.218243 0.649835
vt 0.205305 0.649835
vt 0.206845 0.637324
vt 0.219694 0.637405
vt 0.942468 0.147360
vt 0.929358 0.147709
vt 0.929926 0.135212
vt 0.942468 0.135142
vt 0.823674 0.988236
vt 0.811132 0.988236
vt 0.811543 0.976225
vt 0.823665 0.976477
vt 0.573614 0.987925
vt 0.574077 0.975683
vt 0.585612 0.975901
vt 0.586001 0.987925
vt 0.597091 0.095744
vt 0.583781 0.096038
vt 0.584016 0.082730
vt 0.597091 0.082294
vt 0.558210 0.382713
vt 0.558472 0.369315
vt 0.571309 0.368654
vt 0.571309 0.382294
vt 0.182619 0.480946
vt 0.182907 0.467922
vt 0.197280 0.467926
vt 0.196401 0.480946
vt 0.495009 0.591464
vt 0.508104 0.591285
vt 0.508104 0.605197
vt 0.495057 0.605066
vt 0.514579 0.683848
vt 0.514660 0.670737
vt 0.528027 0.670712
vt 0.528171 0.683848
vt 0.263196 0.638474
vt 0.249755 0.638680
vt 0.249799 0.625469
vt 0.263196 0.625226
vt 0.561957 0.135528
vt 0.575206 0.135142
vt 0.575206 0.148535
vt 0.561862 0.148940
vt 0.712375 0.612286
vt 0.725573 0.612286
vt 0.727127 0.623353
vt 0.713651 0.620946
vt 0.952595 0.339897
vt 0.940056 0.339897
vt 0.940007 0.326938
vt 0.952026 0.326967
vt 0.863143 0.643077
vt 0.863181 0.630081
vt 0.876057 0.629938
vt 0.876057 0.642990
vt 0.869046 0.278333
vt 0.869091 0.265494
vt 0.882237 0.265494
vt 0.882237 0.278314
vt 0.527651 0.861629
vt 0.527757 0.874373
vt 0.514521 0.874373
vt 0.514434 0.861629
vt 0.493931 0.911052
vt 0.493931 0.898474
vt 0.507166 0.898653
vt 0.507253 0.910972
vt 0.653737 0.864772
vt 0.666860 0.864797
vt 0.667315 0.877252
vt 0.654059 0.877252
vt 0.908200 0.285509
vt 0.908333 0.298214
vt 0.895155 0.298151
vt 0.895121 0.285509
vt 0.263047 0.914098
vt 0.262953 0.925915
vt 0.249755 0.926625
vt 0.249755 0.914235
vt 0.168454 0.042523
vt 0.155028 0.034857
vt 0.155028 0.023043
vt 0.168468 0.024321
vt 0.849472 0.317858
vt 0.836251 0.318086
vt 0.836251 0.305952
vt 0.849609 0.305275
vt 0.370100 0.954394
vt 0.370100 0.966652
vt 0.356995 0.965971
vt 0.357049 0.954778
vt 0.415316 0.182590
vt 0.429086 0.182246
vt 0.429424 0.195941
vt 0.415123 0.195941
vt 0.003087 0.544454
vt 0.003087 0.531283
vt 0.017218 0.531609
vt 0.017094 0.544103
vt 0.205305 0.675186
vt 0.219202 0.675526
vt 0.219265 0.687847
vt 0.205305 0.687956
vt 0.693347 0.135142
vt 0.693160 0.147819
vt 0.679554 0.147958
vt 0.679451 0.135142
vt 0.596389 0.265537
vt 0.609642 0.265494
vt 0.609642 0.278795
vt 0.596105 0.278946
vt 0.515189 0.566271
vt 0.515499 0.553015
vt 0.528501 0.552414
vt 0.528501 0.565481
vt 0.644567 0.564978
vt 0.631621 0.566124
vt 0.631697 0.553202
vt 0.644567 0.552186
vt 0.494643 0.664539
vt 0.494720 0.651581
vt 0.507658 0.650737
vt 0.507658 0.663641
vt 0.756587 0.036561
vt 0.756632 0.023403
vt 0.769495 0.023043
vt 0.769495 0.036338
vt 0.589573 0.265731
vt 0.589931 0.279271
vt 0.577030 0.279271
vt 0.576639 0.265494
vt 0.349547 0.392582
vt 0.350821 0.406034
vt 0.337793 0.406034
vt 0.336354 0.392328
vt 0.659806 0.136107
vt 0.673277 0.135142
vt 0.673012 0.147581
vt 0.659806 0.148444
vt 0.341784 0.135142
vt 0.355021 0.135142
vt 0.356784 0.148809
vt 0.343369 0.148258
vt 0.849881 0.285509
vt 0.850282 0.298397
vt 0.837513 0.297752
vt 0.837005 0.285509
vt 0.065691 0.577711
vt 0.053354 0.578995
vt 0.053354 0.565320
vt 0.066096 0.564576
vt 0.975413 0.591423
vt 0.987006 0.591286
vt 0.987006 0.603617
vt 0.975344 0.604298
vt 0.771226 0.671287
vt 0.784034 0.671323
vt 0.784801 0.683932
vt 0.771226 0.684087
vt 0.561909 0.305275
vt 0.575426 0.305403
vt 0.576266 0.318084
vt 0.562183 0.318084
vt 0.336354 0.550641
vt 0.350127 0.551159
vt 0.350516 0.563671
vt 0.336357 0.563671
vt 0.053354 0.479051
vt 0.053614 0.465541
vt 0.067506 0.465671
vt 0.067506 0.478811
vt 0.743837 0.193333
vt 0.743837 0.180168
vt 0.756215 0.179191
vt 0.755667 0.192879
vt 0.858473 0.663479
vt 0.846284 0.663889
vt 0.846658 0.650677
vt 0.858473 0.649921
vt 0.270728 0.083827
vt 0.284798 0.082294
vt 0.284354 0.095998
vt 0.270728 0.097781
vt 0.612601 0.566288
vt 0.613119 0.552865
vt 0.625447 0.552186
vt 0.625447 0.565829
vt 0.635530 0.326938
vt 0.648045 0.326938
vt 0.648808 0.340518
vt 0.636044 0.340043
vt 0.784859 0.952226
vt 0.771991 0.952322
vt 0.771991 0.939644
vt 0.784534 0.939721
vt 0.969963 0.256578
vt 0.969963 0.244083
vt 0.981993 0.244182
vt 0.982501 0.256189
vt 0.933712 0.070478
vt 0.934271 0.057858
vt 0.946656 0.057993
vt 0.946746 0.070478
vt 0.544698 0.071831
vt 0.544850 0.058382
vt 0.557945 0.057858
vt 0.557945 0.071396
vt 0.543701 0.443930
vt 0.530400 0.444445
vt 0.530918 0.430815
vt 0.543701 0.430445
vt 0.127167 0.472951
vt 0.112496 0.472951
vt 0.112884 0.459930
vt 0.126797 0.459913
vt 0.514545 0.631217
vt 0.528138 0.631228
vt 0.528328 0.644313
vt 0.514610 0.644313
vt 0.370467 0.688224
vt 0.370534 0.701361
vt 0.356995 0.701361
vt 0.357024 0.688225
vt 0.610983 0.402388
vt 0.597528 0.402637
vt 0.597636 0.389390
vt 0.610983 0.389110
vt 0.537386 0.223466
vt 0.537364 0.236862
vt 0.524001 0.237415
vt 0.524001 0.224021
vt 0.981274 0.095334
vt 0.969254 0.095334
vt 0.971287 0.082294
vt 0.980041 0.082355
vt 0.782463 0.016023
vt 0.782047 0.003087
vt 0.795061 0.003124
vt 0.795460 0.016023
vt 0.765030 0.864320
vt 0.765057 0.877170
vt 0.751910 0.877170
vt 0.751888 0.864293
vt 0.446006 0.872110
vt 0.432789 0.872157
vt 0.432804 0.859337
vt 0.446006 0.859300
vt 0.753569 0.691198
vt 0.766860 0.691198
vt 0.767166 0.704039
vt 0.753786 0.703940
vt 0.182619 0.626322
vt 0.195999 0.626322
vt 0.196579 0.639269
vt 0.183093 0.638632
vt 0.675763 0.504056
vt 0.675416 0.491576
vt 0.688495 0.491576
vt 0.688916 0.504780
vt 0.195834 0.870897
vt 0.182619 0.871123
vt 0.182802 0.858515
vt 0.195834 0.858255
vt 0.043397 0.199349
vt 0.025196 0.199349
vt 0.026832 0.185827
vt 0.042390 0.186298
vt 0.765189 0.722308
vt 0.752189 0.721089
vt 0.753304 0.710249
vt 0.766538 0.710249
vt 0.112496 0.195475
vt 0.112496 0.182303
vt 0.128818 0.180228
vt 0.123612 0.194165
vt 0.016412 0.550628
vt 0.016862 0.564032
vt 0.003087 0.564032
vt 0.003170 0.550868
vt 0.518131 0.340290
vt 0.518131 0.326938
vt 0.532128 0.327577
vt 0.531736 0.340192
vt 0.432789 0.776969
vt 0.432789 0.764475
vt 0.446716 0.765434
vt 0.446461 0.776769
vt 0.054226 0.439448
vt 0.053354 0.427158
vt 0.067251 0.427158
vt 0.068146 0.440311
vt 0.674123 0.278459
vt 0.674002 0.265494
vt 0.687756 0.265494
vt 0.687627 0.278310
vt 0.135430 0.721486
vt 0.135744 0.708354
vt 0.148682 0.708135
vt 0.148682 0.721394
vt 0.626980 0.684608
vt 0.613963 0.684600
vt 0.614962 0.671711
vt 0.627794 0.671711
vt 0.514545 0.651467
vt 0.527436 0.650487
vt 0.527419 0.663444
vt 0.514545 0.664418
vt 0.674158 0.071015
vt 0.661203 0.071548
vt 0.661203 0.058616
vt 0.674287 0.057858
vt 0.633969 0.729554
vt 0.646954 0.729352
vt 0.646837 0.742897
vt 0.633969 0.742814
vt 0.506029 0.410264
vt 0.505864 0.424044
vt 0.492979 0.423388
vt 0.492979 0.409584
vt 0.025196 0.286364
vt 0.038391 0.286364
vt 0.040265 0.300587
vt 0.026659 0.300067
vt 0.242613 0.350417
vt 0.242424 0.362752
vt 0.229249 0.365665
vt 0.229249 0.351545
vt 0.336354 0.452592
vt 0.349780 0.452592
vt 0.350820 0.465866
vt 0.337645 0.465421
vt 0.526706 0.967618
vt 0.513878 0.967106
vt 0.513925 0.955423
vt 0.526706 0.955106
vt 0.883937 0.380966
vt 0.870465 0.380806
vt 0.870488 0.368403
vt 0.883363 0.368403
vt 0.450236 0.389818
vt 0.451397 0.402914
vt 0.437122 0.402518
vt 0.436659 0.389818
vt 0.127900 0.434370
vt 0.113402 0.434213
vt 0.112496 0.421728
vt 0.126579 0.421728
vt 0.205305 0.455629
vt 0.205305 0.442489
vt 0.219463 0.442667
vt 0.219969 0.454390
vt 0.300186 0.071998
vt 0.287992 0.073606
vt 0.287992 0.059907
vt 0.301581 0.057858
vt 0.445091 0.570214
vt 0.445091 0.584033
vt 0.432789 0.585095
vt 0.432862 0.571536
vt 0.182649 0.218410
vt 0.185563 0.205013
vt 0.200255 0.205860
vt 0.200255 0.218286
vt 0.642624 0.096377
vt 0.642999 0.082738
vt 0.655404 0.082294
vt 0.655404 0.095909
vt 0.506799 0.823476
vt 0.507243 0.836242
vt 0.493931 0.836358
vt 0.493931 0.823466
vt 0.890346 0.503844
vt 0.889820 0.491177
vt 0.902464 0.491177
vt 0.902758 0.504174
vt 0.932605 0.361015
vt 0.920135 0.360380
vt 0.919987 0.347885
vt 0.932404 0.347885
vt 0.227234 0.668265
vt 0.240268 0.668337
vt 0.240832 0.681406
vt 0.227614 0.681406
vt 0.481202 0.082294
vt 0.481202 0.095818
vt 0.467828 0.096584
vt 0.467912 0.083047
vt 0.657738 0.170160
vt 0.658005 0.156678
vt 0.670848 0.156493
vt 0.670848 0.169623
vt 0.508727 0.531395
vt 0.509272 0.544421
vt 0.495229 0.544421
vt 0.495009 0.531380
vt 0.094820 0.651771
vt 0.081141 0.651767
vt 0.081055 0.638681
vt 0.094593 0.638681
vt 0.125953 0.709474
vt 0.125953 0.722620
vt 0.112522 0.722612
vt 0.112496 0.709475
vt 0.608157 0.016619
vt 0.608201 0.003341
vt 0.621572 0.003087
vt 0.621572 0.016346
vt 0.159255 0.549623
vt 0.172509 0.549079
vt 0.172439 0.562430
vt 0.159255 0.563020
vt 0.273365 0.585904
vt 0.272277 0.572912
vt 0.285776 0.572988
vt 0.286379 0.585904
vt 0.370369 0.816636
vt 0.357228 0.816636
vt 0.356995 0.803733
vt 0.370230 0.803792
vt 0.850439 0.846461
vt 0.863690 0.846461
vt 0.863642 0.859285
vt 0.850439 0.859312
vt 0.356995 0.835620
vt 0.357046 0.822810
vt 0.370223 0.822810
vt 0.370285 0.835726
vt 0.172477 0.666878
vt 0.172990 0.679905
vt 0.159527 0.679720
vt 0.159255 0.666878
vt 0.054023 0.420132
vt 0.053354 0.407189
vt 0.066818 0.407189
vt 0.067617 0.420984
vt 0.807340 0.326938
vt 0.820090 0.326951
vt 0.820317 0.340160
vt 0.807282 0.340160
vt 0.280229 0.128968
vt 0.280647 0.113810
vt 0.293631 0.112899
vt 0.293631 0.125509
vt 0.336183 0.016455
vt 0.320618 0.016455
vt 0.321013 0.003087
vt 0.334846 0.003208
vt 0.242325 0.343633
vt 0.229249 0.344243
vt 0.229559 0.329977
vt 0.242325 0.328469
vt 0.307984 0.059446
vt 0.320481 0.057858
vt 0.320481 0.074311
vt 0.307755 0.073531
vt 0.453541 0.665630
vt 0.467146 0.665630
vt 0.467143 0.678409
vt 0.454017 0.678786
vt 0.553956 0.769215
vt 0.567200 0.769387
vt 0.567109 0.782345
vt 0.554362 0.782345
vt 0.272277 0.818122
vt 0.272277 0.805501
vt 0.285936 0.806110
vt 0.285682 0.817851
vt 0.733888 0.623608
vt 0.733301 0.612286
vt 0.747105 0.614268
vt 0.747667 0.623608
vt 0.016841 0.372848
vt 0.017643 0.386651
vt 0.003846 0.386009
vt 0.003087 0.372848
vt 0.446199 0.681675
vt 0.432789 0.681853
vt 0.432789 0.668809
vt 0.446383 0.668711
vt 0.890961 0.148132
vt 0.891244 0.135204
vt 0.903901 0.135142
vt 0.903901 0.148069
vt 0.777855 0.511004
vt 0.777855 0.523955
vt 0.765039 0.524588
vt 0.765078 0.511749
vt 0.743741 0.016619
vt 0.743741 0.003841
vt 0.756677 0.003087
vt 0.756655 0.016019
vt 0.607116 0.651167
vt 0.607050 0.664427
vt 0.593949 0.664804
vt 0.593949 0.651902
vt 0.655561 0.382240
vt 0.655648 0.369038
vt 0.668546 0.368654
vt 0.668546 0.382458
vt 0.294705 0.327538
vt 0.307772 0.327581
vt 0.309152 0.341866
vt 0.295431 0.341866
vt 0.355973 0.003087
vt 0.357391 0.016710
vt 0.343619 0.016342
vt 0.342357 0.003087
vt 0.562461 0.430445
vt 0.562461 0.444566
vt 0.549875 0.445112
vt 0.550180 0.431379
vt 0.614412 0.838446
vt 0.613963 0.825942
vt 0.627146 0.825942
vt 0.627302 0.838796
vt 0.240237 0.896688
vt 0.240237 0.909464
vt 0.227234 0.909587
vt 0.227402 0.897013
vt 0.312990 0.003087
vt 0.314445 0.016498
vt 0.299966 0.015736
vt 0.298709 0.003087
vt 0.772712 0.722308
vt 0.772712 0.710574
vt 0.787040 0.712798
vt 0.787417 0.721653
vt 0.734083 0.768786
vt 0.745151 0.768551
vt 0.745151 0.782421
vt 0.732738 0.782540
vt 0.453541 0.588538
vt 0.468260 0.588538
vt 0.468242 0.597402
vt 0.454433 0.600932
vt 0.058521 0.046986
vt 0.058521 0.031296
vt 0.074199 0.039308
vt 0.069474 0.051684
vt 0.763033 0.340227
vt 0.750192 0.340544
vt 0.750668 0.326938
vt 0.763033 0.326984
vt 0.928965 0.126133
vt 0.916497 0.125898
vt 0.916422 0.112899
vt 0.928667 0.112899
vt 0.412657 0.720725
vt 0.412960 0.707597
vt 0.425431 0.707597
vt 0.425731 0.721129
vt 0.335271 0.307690
vt 0.348489 0.307690
vt 0.350175 0.321503
vt 0.336229 0.321146
vt 0.393671 0.549914
vt 0.406785 0.549487
vt 0.406785 0.562662
vt 0.393543 0.563437
vt 0.711395 0.651660
vt 0.724576 0.651710
vt 0.724576 0.664252
vt 0.711112 0.664787
vt 0.094733 0.580377
vt 0.095101 0.593342
vt 0.081478 0.593342
vt 0.081055 0.580312
vt 0.082237 0.477558
vt 0.081055 0.464542
vt 0.095098 0.464594
vt 0.095736 0.477558
vt 0.066960 0.694324
vt 0.053512 0.694324
vt 0.053354 0.681234
vt 0.066785 0.681321
vt 0.719509 0.305275
vt 0.732927 0.305275
vt 0.732884 0.318349
vt 0.719575 0.318421
vt 0.718983 0.179191
vt 0.718983 0.192497
vt 0.705720 0.192548
vt 0.705787 0.179288
vt 0.249755 0.619052
vt 0.249755 0.605701
vt 0.262834 0.605156
vt 0.262553 0.618205
vt 0.307138 0.707489
vt 0.307345 0.720359
vt 0.294110 0.720359
vt 0.293653 0.707437
vt 0.838210 0.442545
vt 0.838172 0.429701
vt 0.851486 0.429755
vt 0.851461 0.442545
vt 0.392106 0.833371
vt 0.392106 0.820547
vt 0.405387 0.820434
vt 0.405282 0.833265
vt 0.814332 0.179191
vt 0.814460 0.192186
vt 0.801239 0.192108
vt 0.801171 0.179191
vt 0.293655 0.803445
vt 0.306339 0.803445
vt 0.306765 0.816608
vt 0.293653 0.816482
vt 0.525820 0.082294
vt 0.538928 0.082657
vt 0.539318 0.096112
vt 0.525944 0.096112
vt 0.684511 0.200833
vt 0.684511 0.214056
vt 0.671505 0.214554
vt 0.671910 0.201381
vt 0.490789 0.361491
vt 0.476957 0.361359
vt 0.476832 0.347885
vt 0.490179 0.347885
vt 0.372941 0.127169
vt 0.359663 0.128158
vt 0.360036 0.114492
vt 0.372941 0.112899
vt 0.592626 0.532693
vt 0.605107 0.531687
vt 0.605107 0.544866
vt 0.592294 0.545905
vt 0.702113 0.551363
vt 0.702239 0.565450
vt 0.689626 0.565450
vt 0.690529 0.552211
vt 0.553956 0.827756
vt 0.567364 0.827756
vt 0.567282 0.840156
vt 0.554220 0.840533
vt 0.486755 0.872062
vt 0.474289 0.872134
vt 0.473670 0.859191
vt 0.486801 0.859191
vt 0.646714 0.919599
vt 0.646808 0.932304
vt 0.634650 0.932304
vt 0.633969 0.919391
vt 0.227234 0.953373
vt 0.240924 0.954937
vt 0.240439 0.964281
vt 0.227234 0.965117
vt 0.497263 0.237291
vt 0.483718 0.237291
vt 0.483564 0.223466
vt 0.497155 0.223746
vt 0.648843 0.361295
vt 0.635393 0.360929
vt 0.635429 0.347885
vt 0.647745 0.347885
vt 0.921704 0.955176
vt 0.909043 0.955249
vt 0.909043 0.942410
vt 0.921696 0.942721
vt 0.901206 0.278272
vt 0.888411 0.278609
vt 0.888411 0.265968
vt 0.901237 0.265494
vt 0.818177 0.058416
vt 0.831179 0.057858
vt 0.831131 0.070760
vt 0.818177 0.071089
vt 0.306841 0.778388
vt 0.293653 0.778388
vt 0.293798 0.765666
vt 0.306816 0.765186
vt 0.450798 0.127239
vt 0.437905 0.126745
vt 0.437905 0.113747
vt 0.451373 0.112899
vt 0.353893 0.244352
vt 0.368072 0.244352
vt 0.368770 0.258031
vt 0.355050 0.257841
vt 0.538718 0.215816
vt 0.537971 0.202983
vt 0.551745 0.202730
vt 0.551745 0.216198
vt 0.968692 0.543830
vt 0.957077 0.543830
vt 0.959214 0.530558
vt 0.968498 0.530095
vt 0.870369 0.442656
vt 0.857660 0.442898
vt 0.857660 0.430122
vt 0.870547 0.429701
vt 0.837048 0.214464
vt 0.824686 0.214696
vt 0.825131 0.200833
vt 0.837048 0.200938
vt 0.474579 0.194573
vt 0.474579 0.181325
vt 0.488831 0.181219
vt 0.487427 0.194213
vt 0.759078 0.071093
vt 0.759516 0.057858
vt 0.772257 0.058196
vt 0.772257 0.070885
vt 0.315049 0.859919
vt 0.327775 0.859825
vt 0.327076 0.873043
vt 0.315049 0.873173
vt 0.356349 0.307690
vt 0.370973 0.307690
vt 0.370126 0.321579
vt 0.356641 0.320413
vt 0.609984 0.326938
vt 0.609581 0.339681
vt 0.596513 0.340455
vt 0.596513 0.327280
vt 0.791495 0.820245
vt 0.791495 0.807704
vt 0.804819 0.807731
vt 0.805225 0.820028
vt 0.487401 0.687884
vt 0.487673 0.700750
vt 0.474248 0.700750
vt 0.473954 0.687784
vt 0.628755 0.585727
vt 0.615270 0.585727
vt 0.614800 0.572756
vt 0.628423 0.572845
vt 0.720189 0.236469
vt 0.720031 0.223466
vt 0.733339 0.223619
vt 0.733591 0.236469
vt 0.349188 0.723402
vt 0.349409 0.736434
vt 0.336099 0.736434
vt 0.335925 0.723360
vt 0.553956 0.808277
vt 0.566782 0.808286
vt 0.566903 0.821570
vt 0.553956 0.821582
vt 0.425649 0.563828
vt 0.413050 0.564930
vt 0.413050 0.551879
vt 0.426595 0.551305
vt 0.573614 0.806997
vt 0.587002 0.807068
vt 0.587007 0.819867
vt 0.573693 0.819867
vt 0.780307 0.429839
vt 0.793734 0.429701
vt 0.793589 0.442536
vt 0.780307 0.442628
vt 0.094466 0.716138
vt 0.094214 0.729088
vt 0.081055 0.729294
vt 0.081055 0.716463
vt 0.917350 0.511092
vt 0.929961 0.511004
vt 0.929983 0.524087
vt 0.917298 0.524087
vt 0.844248 0.348222
vt 0.857390 0.347885
vt 0.857390 0.360844
vt 0.844221 0.360764
vt 0.494690 0.611886
vt 0.507945 0.611371
vt 0.508104 0.624844
vt 0.494643 0.624844
vt 0.600810 0.036392
vt 0.600902 0.023046
vt 0.614260 0.023043
vt 0.614260 0.036572
vt 0.409875 0.403410
vt 0.396204 0.403410
vt 0.395328 0.389818
vt 0.408558 0.390497
vt 0.549942 0.347885
vt 0.549942 0.361102
vt 0.536986 0.362201
vt 0.537472 0.348877
vt 0.025196 0.718144
vt 0.025712 0.705035
vt 0.037683 0.703965
vt 0.037683 0.717235
vt 0.916429 0.015638
vt 0.916429 0.003238
vt 0.929659 0.003087
vt 0.929319 0.015536
vt 0.890305 0.169361
vt 0.890031 0.156493
vt 0.903097 0.156710
vt 0.902933 0.169361
vt 0.951102 0.200833
vt 0.951469 0.213571
vt 0.939963 0.213469
vt 0.938636 0.200833
vt 0.626103 0.921065
vt 0.627271 0.932821
vt 0.614620 0.932821
vt 0.613963 0.920382
vt 0.421597 0.083307
vt 0.421390 0.096843
vt 0.408241 0.096843
vt 0.408090 0.082294
vt 0.483468 0.318809
vt 0.482913 0.305275
vt 0.496363 0.305597
vt 0.496917 0.318809
vt 0.142812 0.016154
vt 0.130349 0.011085
vt 0.135086 0.003087
vt 0.150774 0.003087
vt 0.946334 0.277815
vt 0.946149 0.265494
vt 0.958894 0.265494
vt 0.958991 0.278135
vt 0.573614 0.938258
vt 0.586533 0.938087
vt 0.586533 0.950760
vt 0.573699 0.950750
vt 0.914482 0.070608
vt 0.914482 0.057999
vt 0.927538 0.057858
vt 0.927496 0.070581
vt 0.851603 0.169297
vt 0.851530 0.156559
vt 0.864628 0.156493
vt 0.864628 0.169491
vt 0.315049 0.528830
vt 0.328821 0.528135
vt 0.328821 0.541673
vt 0.315344 0.540966
vt 0.288180 0.447597
vt 0.275118 0.447577
vt 0.273759 0.434178
vt 0.287939 0.434178
vt 0.817995 0.214067
vt 0.805479 0.213937
vt 0.805479 0.200980
vt 0.818512 0.200833
vt 0.760999 0.449833
vt 0.760999 0.463276
vt 0.749034 0.464403
vt 0.749863 0.451402
vt 0.891055 0.112899
vt 0.890933 0.125868
vt 0.878352 0.126201
vt 0.878352 0.113367
vt 0.768305 0.361417
vt 0.768305 0.347891
vt 0.781158 0.347885
vt 0.781041 0.360911
vt 0.067497 0.367153
vt 0.066009 0.379848
vt 0.053354 0.381429
vt 0.053354 0.368359
vt 0.182619 0.889987
vt 0.182619 0.877297
vt 0.195124 0.877412
vt 0.195941 0.889787
vt 0.093676 0.274948
vt 0.081055 0.275234
vt 0.081055 0.262589
vt 0.096041 0.260516
vt 0.112496 0.613698
vt 0.126219 0.613243
vt 0.126027 0.625592
vt 0.112496 0.626447
vt 0.294788 0.533209
vt 0.307815 0.533209
vt 0.308598 0.546583
vt 0.294705 0.545513
vt 0.514434 0.728534
vt 0.527835 0.728724
vt 0.528107 0.741401
vt 0.514620 0.741401
vt 0.739989 0.236350
vt 0.739765 0.223466
vt 0.753190 0.223574
vt 0.753377 0.236350
vt 0.038761 0.774981
vt 0.025486 0.774981
vt 0.025196 0.762132
vt 0.038499 0.762547
vt 0.700937 0.285509
vt 0.713883 0.285520
vt 0.714552 0.298532
vt 0.701465 0.298532
vt 0.752029 0.800684
vt 0.751888 0.787400
vt 0.764530 0.787751
vt 0.764930 0.800684
vt 0.901749 0.642497
vt 0.901638 0.629938
vt 0.914887 0.629938
vt 0.914327 0.642554
vt 0.135430 0.766844
vt 0.148939 0.766765
vt 0.148857 0.779459
vt 0.135430 0.779644
vt 0.683452 0.552186
vt 0.683400 0.565071
vt 0.669990 0.565450
vt 0.669990 0.552613
vt 0.872074 0.135498
vt 0.884787 0.135142
vt 0.884681 0.148148
vt 0.872074 0.148450
vt 0.903233 0.690064
vt 0.903419 0.702605
vt 0.890336 0.702605
vt 0.890068 0.690021
vt 0.922146 0.570946
vt 0.934468 0.570795
vt 0.934468 0.583970
vt 0.922035 0.584092
vt 0.628422 0.368654
vt 0.629466 0.382090
vt 0.616110 0.381919
vt 0.615988 0.368654
vt 0.432789 0.510412
vt 0.446296 0.510766
vt 0.446199 0.524295
vt 0.433250 0.524295
vt 0.053354 0.505816
vt 0.066784 0.505068
vt 0.066266 0.518422
vt 0.053354 0.519063
vt 0.543065 0.299000
vt 0.542118 0.286054
vt 0.555585 0.286748
vt 0.556397 0.299000
vt 0.756056 0.422409
vt 0.743580 0.423326
vt 0.743900 0.410307
vt 0.756056 0.409289
vt 0.705814 0.896874
vt 0.693035 0.896559
vt 0.693035 0.884105
vt 0.706229 0.884105
vt 0.784752 0.933456
vt 0.772100 0.933456
vt 0.771661 0.920811
vt 0.784537 0.921428
vt 0.941765 0.702818
vt 0.929958 0.702718
vt 0.928885 0.690021
vt 0.941512 0.690021
vt 0.805097 0.710574
vt 0.804536 0.721904
vt 0.796740 0.721959
vt 0.793591 0.710574
vt 0.159255 0.876377
vt 0.172758 0.876377
vt 0.172974 0.888697
vt 0.160369 0.887626
vt 0.081055 0.444872
vt 0.094497 0.445298
vt 0.095334 0.458368
vt 0.082126 0.458368
vt 0.067367 0.713148
vt 0.055143 0.713148
vt 0.053354 0.700498
vt 0.066503 0.700577
vt 0.135430 0.337241
vt 0.150729 0.337586
vt 0.151098 0.350374
vt 0.136972 0.350374
vt 0.686315 0.940999
vt 0.686413 0.953491
vt 0.673673 0.953122
vt 0.673368 0.940999
vt 0.205513 0.933469
vt 0.205305 0.921010
vt 0.218328 0.921010
vt 0.218432 0.933618
vt 0.392106 0.928077
vt 0.392288 0.916025
vt 0.405149 0.915926
vt 0.405149 0.928664
vt 0.425937 0.935962
vt 0.426168 0.948099
vt 0.413072 0.947843
vt 0.412657 0.935962
vt 0.328830 0.471069
vt 0.329315 0.483976
vt 0.316067 0.483976
vt 0.315049 0.470594
vt 0.589750 0.382700
vt 0.577483 0.381898
vt 0.577483 0.368654
vt 0.590515 0.369553
vt 0.724753 0.326938
vt 0.724422 0.339961
vt 0.712275 0.341077
vt 0.712275 0.328396
vt 0.065831 0.769830
vt 0.053354 0.770687
vt 0.053354 0.757661
vt 0.066090 0.756990
vt 0.908923 0.112899
vt 0.910248 0.125776
vt 0.897229 0.125299
vt 0.897480 0.112899
vt 0.488097 0.565537
vt 0.474865 0.564850
vt 0.474865 0.552500
vt 0.488797 0.552298
vt 0.516032 0.505668
vt 0.514716 0.491974
vt 0.527386 0.492307
vt 0.528376 0.505668
vt 0.811639 0.058317
vt 0.812003 0.070437
vt 0.798372 0.070538
vt 0.798372 0.057858
vt 0.795027 0.035820
vt 0.795002 0.023043
vt 0.808488 0.023229
vt 0.808536 0.035820
vt 0.183185 0.832689
vt 0.182619 0.820265
vt 0.195702 0.820574
vt 0.196442 0.832689
vt 0.135430 0.513673
vt 0.148330 0.513792
vt 0.149827 0.526666
vt 0.136396 0.526666
vt 0.807365 0.650963
vt 0.819939 0.651268
vt 0.820680 0.663529
vt 0.807365 0.663902
vt 0.918757 0.551453
vt 0.930073 0.550035
vt 0.930073 0.564617
vt 0.922512 0.563510
vt 0.587083 0.684540
vt 0.573614 0.684540
vt 0.573993 0.671851
vt 0.587665 0.671891
vt 0.732738 0.789413
vt 0.745478 0.788714
vt 0.745441 0.801669
vt 0.732738 0.802299
vt 0.740218 0.244083
vt 0.753214 0.244385
vt 0.753836 0.256956
vt 0.740829 0.256956
vt 0.773855 0.170208
vt 0.773855 0.157043
vt 0.786514 0.156493
vt 0.786152 0.169405
vt 0.686162 0.896519
vt 0.674315 0.896980
vt 0.674315 0.883932
vt 0.686657 0.883353
vt 0.757405 0.135142
vt 0.770355 0.135142
vt 0.770134 0.148617
vt 0.757780 0.148458
vt 0.594891 0.135142
vt 0.594262 0.148689
vt 0.582244 0.148478
vt 0.581380 0.135142
vt 0.613048 0.156493
vt 0.613048 0.170383
vt 0.600023 0.170085
vt 0.599948 0.157513
vt 0.426559 0.662742
vt 0.413074 0.662742
vt 0.412657 0.649820
vt 0.425843 0.650846
vt 0.951512 0.257248
vt 0.951889 0.244309
vt 0.963789 0.244083
vt 0.963789 0.257106
vt 0.824782 0.952116
vt 0.812679 0.952116
vt 0.811132 0.940186
vt 0.823914 0.940254
vt 0.932439 0.095090
vt 0.932129 0.082294
vt 0.944765 0.082910
vt 0.945001 0.095090
vt 0.586775 0.112899
vt 0.587299 0.127713
vt 0.575136 0.124242
vt 0.574968 0.112899
vt 0.414402 0.490232
vt 0.414402 0.473737
vt 0.425706 0.473668
vt 0.423046 0.480997
vt 0.791436 0.913950
vt 0.791156 0.902262
vt 0.804559 0.902262
vt 0.804932 0.914383
vt 0.392629 0.320612
vt 0.379278 0.320612
vt 0.377147 0.307690
vt 0.391271 0.307903
vt 0.502913 0.298464
vt 0.500727 0.286054
vt 0.513935 0.286054
vt 0.515240 0.299011
vt 0.252944 0.070647
vt 0.248824 0.059489
vt 0.260938 0.057858
vt 0.260938 0.076043
vt 0.094273 0.177884
vt 0.099580 0.191323
vt 0.082814 0.190556
vt 0.081055 0.177884
vt 0.149053 0.855322
vt 0.136106 0.855322
vt 0.135430 0.842794
vt 0.148604 0.842869
vt 0.172274 0.980420
vt 0.159255 0.980095
vt 0.159275 0.968369
vt 0.172007 0.968369
vt 0.493931 0.954238
vt 0.506808 0.954717
vt 0.506934 0.966605
vt 0.494073 0.966605
vt 0.039152 0.657880
vt 0.025931 0.657880
vt 0.025196 0.644984
vt 0.038453 0.645771
vt 0.413236 0.623807
vt 0.412657 0.610820
vt 0.425302 0.610820
vt 0.426483 0.623937
vt 0.986769 0.542853
vt 0.974866 0.542870
vt 0.975354 0.530095
vt 0.986769 0.530173
vt 0.577561 0.204105
vt 0.590708 0.202730
vt 0.590094 0.215783
vt 0.577561 0.216656
vt 0.263433 0.969573
vt 0.263433 0.981017
vt 0.250849 0.978448
vt 0.249755 0.970474
vt 0.961815 0.035986
vt 0.950685 0.036148
vt 0.949700 0.023043
vt 0.962044 0.023043
vt 0.587552 0.894615
vt 0.573614 0.894707
vt 0.573614 0.882801
vt 0.587756 0.883080
vt 0.807311 0.643378
vt 0.806042 0.630181
vt 0.818714 0.629938
vt 0.818714 0.643542
vt 0.465717 0.431491
vt 0.466248 0.444173
vt 0.453145 0.444173
vt 0.452252 0.430445
vt 0.432789 0.953352
vt 0.446020 0.954184
vt 0.446063 0.964323
vt 0.432789 0.965478
vt 0.081055 0.823902
vt 0.081055 0.811311
vt 0.094686 0.811332
vt 0.094724 0.823627
vt 0.135430 0.257479
vt 0.148860 0.257479
vt 0.150691 0.271966
vt 0.136776 0.269541
vt 0.475282 0.513233
vt 0.488553 0.512087
vt 0.487795 0.525907
vt 0.475282 0.526194
vt 0.367330 0.042940
vt 0.358893 0.051684
vt 0.346409 0.043156
vt 0.346560 0.042940
vt 0.900302 0.768439
vt 0.899252 0.782688
vt 0.891610 0.782694
vt 0.888537 0.768439
vt 0.680999 0.237065
vt 0.680999 0.224402
vt 0.694098 0.223466
vt 0.693732 0.236242
vt 0.564184 0.410992
vt 0.564184 0.423880
vt 0.551273 0.422817
vt 0.551292 0.409584
vt 0.683627 0.430567
vt 0.696467 0.429701
vt 0.696254 0.442500
vt 0.683627 0.443566
vt 0.898999 0.806233
vt 0.898839 0.819151
vt 0.887230 0.820488
vt 0.887230 0.807670
vt 0.648652 0.180263
vt 0.661465 0.179191
vt 0.660922 0.192228
vt 0.648652 0.193227
vt 0.654745 0.451785
vt 0.667725 0.450666
vt 0.667593 0.463987
vt 0.654745 0.464484
vt 0.690208 0.592150
vt 0.703318 0.593025
vt 0.703100 0.605708
vt 0.690553 0.605708
vt 0.961109 0.728869
vt 0.972385 0.728481
vt 0.972732 0.741703
vt 0.960712 0.741703
vt 0.812860 0.503935
vt 0.812991 0.492383
vt 0.826347 0.491177
vt 0.826347 0.503750
vt 0.485587 0.984728
vt 0.473670 0.984761
vt 0.473820 0.971774
vt 0.485587 0.971783
vt 0.217201 0.385841
vt 0.221581 0.394434
vt 0.205305 0.395794
vt 0.205305 0.383611
vt 0.423032 0.305275
vt 0.435572 0.306010
vt 0.436172 0.318472
vt 0.423032 0.320099
vt 0.272433 0.196771
vt 0.275172 0.183609
vt 0.288904 0.184194
vt 0.288904 0.195886
vt 0.811760 0.702381
vt 0.811439 0.690345
vt 0.824869 0.690345
vt 0.825153 0.702888
vt 0.128293 0.376193
vt 0.115017 0.376193
vt 0.112496 0.363417
vt 0.125843 0.363719
vt 0.208713 0.278430
vt 0.205305 0.266111
vt 0.222089 0.266111
vt 0.222922 0.278450
vt 0.025196 0.161468
vt 0.037522 0.162033
vt 0.039286 0.173039
vt 0.025196 0.179653
vt 0.844202 0.971829
vt 0.831027 0.971829
vt 0.830864 0.959909
vt 0.843751 0.960112
vt 0.593949 0.970129
vt 0.593949 0.957585
vt 0.606598 0.957706
vt 0.606681 0.970073
vt 0.906633 0.094831
vt 0.893548 0.094419
vt 0.893236 0.082294
vt 0.906122 0.082294
vt 0.082051 0.573943
vt 0.081055 0.561191
vt 0.094101 0.561191
vt 0.095270 0.574138
vt 0.960238 0.368667
vt 0.960335 0.381451
vt 0.948568 0.381451
vt 0.947935 0.368403
vt 0.564933 0.979573
vt 0.565372 0.992116
vt 0.553956 0.992116
vt 0.554139 0.979479
vt 0.988673 0.649921
vt 0.985871 0.663339
vt 0.977858 0.662581
vt 0.977541 0.649921
vt 0.172757 0.717986
vt 0.159255 0.718283
vt 0.160020 0.705163
vt 0.172757 0.705695
vt 0.728090 0.369455
vt 0.727845 0.381329
vt 0.714932 0.381329
vt 0.714175 0.368654
vt 0.386546 0.259903
vt 0.374944 0.257957
vt 0.374944 0.244352
vt 0.387837 0.246686
vt 0.782155 0.650963
vt 0.781277 0.664166
vt 0.769480 0.664674
vt 0.769480 0.651641
vt 0.315049 0.841356
vt 0.328362 0.840820
vt 0.328111 0.852297
vt 0.315049 0.853651
vt 0.378626 0.203813
vt 0.391120 0.204546
vt 0.391503 0.218391
vt 0.377771 0.218391
vt 0.805509 0.095576
vt 0.798394 0.097852
vt 0.798394 0.082414
vt 0.809403 0.082294
vt 0.004195 0.225052
vt 0.003087 0.209113
vt 0.017907 0.209113
vt 0.017904 0.209372
vt 0.405202 0.137086
vt 0.418579 0.135142
vt 0.418333 0.148219
vt 0.405202 0.149867
vt 0.589686 0.423795
vt 0.589686 0.410827
vt 0.602529 0.409584
vt 0.602488 0.422492
vt 0.979882 0.023043
vt 0.979511 0.035838
vt 0.968218 0.036479
vt 0.968218 0.023754
vt 0.781746 0.423418
vt 0.781746 0.410337
vt 0.794011 0.409289
vt 0.793697 0.422104
vt 0.656825 0.390496
vt 0.670241 0.389110
vt 0.669708 0.401797
vt 0.656825 0.402470
vt 0.772198 0.800534
vt 0.771661 0.787860
vt 0.785048 0.788633
vt 0.785321 0.800534
vt 0.952469 0.623634
vt 0.940744 0.623571
vt 0.939786 0.610766
vt 0.952333 0.610766
vt 0.771775 0.976868
vt 0.783140 0.976868
vt 0.783147 0.989856
vt 0.771867 0.989620
vt 0.128828 0.317746
vt 0.112496 0.317746
vt 0.115044 0.304883
vt 0.128514 0.305274
vt 0.294705 0.494220
vt 0.307945 0.494409
vt 0.308750 0.507657
vt 0.295133 0.507657
vt 0.094800 0.754507
vt 0.095582 0.766384
vt 0.082131 0.766385
vt 0.081055 0.754392
vt 0.125926 0.968690
vt 0.112496 0.968690
vt 0.112709 0.957275
vt 0.125413 0.956779
vt 0.320505 0.301516
vt 0.316437 0.289473
vt 0.330624 0.290248
vt 0.333526 0.301516
vt 0.179477 0.139010
vt 0.193301 0.139010
vt 0.197368 0.152813
vt 0.181795 0.151158
vt 0.308716 0.299133
vt 0.294705 0.301516
vt 0.294705 0.288404
vt 0.310263 0.287894
vt 0.627000 0.951527
vt 0.614111 0.951504
vt 0.613963 0.938994
vt 0.626470 0.938994
vt 0.928644 0.859006
vt 0.928414 0.846461
vt 0.941063 0.846461
vt 0.941414 0.859147
vt 0.957805 0.604289
vt 0.956922 0.591286
vt 0.969078 0.591286
vt 0.969170 0.604349
vt 0.969344 0.201186
vt 0.969948 0.213810
vt 0.957643 0.213810
vt 0.958158 0.200833
vt 0.950742 0.543746
vt 0.937994 0.543830
vt 0.937994 0.531166
vt 0.950903 0.531459
vt 0.944014 0.780730
vt 0.944014 0.768439
vt 0.956962 0.768442
vt 0.957240 0.780314
vt 0.466719 0.982028
vt 0.453541 0.982028
vt 0.453776 0.970314
vt 0.466614 0.970151
vt 0.688181 0.511889
vt 0.701432 0.511004
vt 0.700859 0.524023
vt 0.688181 0.524426
vt 0.013591 0.153973
vt 0.003087 0.149340
vt 0.003087 0.134393
vt 0.016748 0.140830
vt 0.582783 0.223466
vt 0.596002 0.223466
vt 0.595423 0.237304
vt 0.584414 0.237131
vt 0.053354 0.278925
vt 0.053354 0.263824
vt 0.067057 0.262921
vt 0.066570 0.276830
vt 0.452019 0.259470
vt 0.451156 0.244083
vt 0.463612 0.244083
vt 0.459471 0.258955
vt 0.399001 0.341828
vt 0.399001 0.328748
vt 0.412259 0.326938
vt 0.411819 0.340346
vt 0.983030 0.057858
vt 0.983030 0.070766
vt 0.971564 0.071401
vt 0.971736 0.058489
vt 0.852204 0.504696
vt 0.852771 0.491381
vt 0.864793 0.491177
vt 0.864793 0.503902
vt 0.404660 0.839545
vt 0.405408 0.852391
vt 0.392288 0.852117
vt 0.392106 0.839545
vt 0.978546 0.827195
vt 0.978084 0.839938
vt 0.966360 0.840126
vt 0.966360 0.827343
vt 0.460556 0.083017
vt 0.461654 0.095516
vt 0.448263 0.095516
vt 0.447099 0.082294
vt 0.230111 0.227291
vt 0.243729 0.227291
vt 0.246187 0.241380
vt 0.231936 0.239054
vt 0.286690 0.238110
vt 0.273617 0.234946
vt 0.273742 0.226700
vt 0.286291 0.226700
vt 0.554424 0.960796
vt 0.566553 0.960796
vt 0.566660 0.973305
vt 0.553956 0.972805
vt 0.042527 0.238050
vt 0.029215 0.235805
vt 0.025196 0.224886
vt 0.040857 0.224886
vt 0.003087 0.661195
vt 0.005720 0.648354
vt 0.016911 0.648184
vt 0.016911 0.661094
vt 0.488165 0.629876
vt 0.488385 0.642235
vt 0.475099 0.642235
vt 0.473954 0.629741
vt 0.959592 0.721911
vt 0.947334 0.721748
vt 0.946965 0.709062
vt 0.959472 0.709062
vt 0.940372 0.955010
vt 0.928186 0.954931
vt 0.927878 0.942291
vt 0.940372 0.941977
vt 0.965235 0.192370
vt 0.953080 0.192370
vt 0.953011 0.179191
vt 0.964545 0.179401
vt 0.960037 0.935223
vt 0.947103 0.935803
vt 0.947201 0.923515
vt 0.960037 0.923279
vt 0.503994 0.037264
vt 0.504633 0.023254
vt 0.517209 0.023043
vt 0.517209 0.036960
vt 0.406785 0.569611
vt 0.406081 0.583354
vt 0.393630 0.583035
vt 0.393423 0.569611
vt 0.649788 0.545995
vt 0.650880 0.532521
vt 0.662333 0.531687
vt 0.662333 0.545102
vt 0.752438 0.671323
vt 0.765052 0.671287
vt 0.765052 0.684200
vt 0.752279 0.684956
vt 0.911947 0.544255
vt 0.899398 0.544632
vt 0.899398 0.531990
vt 0.912126 0.531473
vt 0.473479 0.409584
vt 0.486806 0.410907
vt 0.486251 0.423876
vt 0.473992 0.423876
vt 0.147478 0.974091
vt 0.148159 0.986091
vt 0.135619 0.985635
vt 0.135430 0.974091
vt 0.970897 0.326998
vt 0.971188 0.339786
vt 0.958931 0.339786
vt 0.958769 0.326938
vt 0.342029 0.035987
vt 0.339110 0.023043
vt 0.354624 0.023387
vt 0.354916 0.035987
vt 0.986970 0.200929
vt 0.987775 0.213815
vt 0.976239 0.213815
vt 0.976122 0.200833
vt 0.412657 0.842008
vt 0.426353 0.842092
vt 0.426521 0.854316
vt 0.413795 0.854316
vt 0.172542 0.409873
vt 0.174061 0.423124
vt 0.160943 0.422743
vt 0.159255 0.409873
vt 0.908299 0.223466
vt 0.908130 0.236109
vt 0.895397 0.236471
vt 0.895397 0.224109
vt 0.945559 0.318445
vt 0.933540 0.318445
vt 0.933060 0.305275
vt 0.945546 0.305826
vt 0.159255 0.468919
vt 0.172617 0.469058
vt 0.172889 0.482933
vt 0.159796 0.482933
vt 0.679841 0.016730
vt 0.666748 0.016748
vt 0.667047 0.003087
vt 0.679841 0.003212
vt 0.686613 0.903154
vt 0.686657 0.915731
vt 0.674403 0.915385
vt 0.673368 0.903154
vt 0.974353 0.807251
vt 0.974399 0.818796
vt 0.961782 0.818811
vt 0.961782 0.806233
vt 0.936157 0.511004
vt 0.948202 0.511265
vt 0.948989 0.523785
vt 0.936682 0.523785
vt 0.396486 0.224755
vt 0.392836 0.237578
vt 0.380969 0.237241
vt 0.380969 0.224892
vt 0.970973 0.442166
vt 0.971109 0.429715
vt 0.982980 0.429701
vt 0.982980 0.442683
vt 0.662334 0.094472
vt 0.661578 0.082383
vt 0.675006 0.082294
vt 0.675006 0.095632
vt 0.671667 0.023043
vt 0.671518 0.035316
vt 0.658458 0.036609
vt 0.658458 0.023532
vt 0.081092 0.954660
vt 0.081055 0.942040
vt 0.093962 0.942569
vt 0.093734 0.954660
vt 0.666104 0.957445
vt 0.666376 0.969029
vt 0.653427 0.969201
vt 0.653427 0.956853
vt 0.965165 0.265494
vt 0.977793 0.266086
vt 0.977856 0.277776
vt 0.965165 0.277945
vt 0.368989 0.740042
vt 0.356995 0.740157
vt 0.356995 0.727656
vt 0.370034 0.726655
vt 0.376240 0.669912
vt 0.385717 0.668381
vt 0.385717 0.681681
vt 0.112515 0.027917
vt 0.112769 0.038667
vt 0.112268 0.049559
vt 0.099169 0.046518
vt 0.099169 0.030382
vt 0.902808 0.978351
vt 0.892884 0.988587
vt 0.888620 0.978351
vt 0.452501 0.296218
vt 0.444596 0.298469
vt 0.444596 0.286613
vt 0.029063 0.033364
vt 0.041924 0.033364
vt 0.052347 0.040915
vt 0.041864 0.051684
vt 0.033644 0.043884
vt 0.332041 0.045250
vt 0.333360 0.051622
vt 0.319929 0.051622
vt 0.725613 0.051684
vt 0.719929 0.042304
vt 0.734961 0.042304
vt 0.100596 0.061984
vt 0.113584 0.057858
vt 0.113862 0.068419
vt 0.113732 0.079633
vt 0.100596 0.078175
vt 0.313335 0.041561
vt 0.303306 0.050622
vt 0.296730 0.041561
vt 0.140060 0.086469
vt 0.140407 0.095159
vt 0.140041 0.105867
vt 0.126415 0.103160
vt 0.126415 0.088369
vt 0.683774 0.978155
vt 0.686319 0.988844
vt 0.672714 0.988844
vt 0.387190 0.430859
vt 0.377943 0.421741
vt 0.387190 0.413640
vt 0.844202 0.978003
vt 0.834585 0.988912
vt 0.830739 0.978003
vt 0.996815 0.398008
vt 0.983388 0.398008
vt 0.986883 0.388039
vt 0.099833 0.151105
vt 0.105835 0.163624
vt 0.099833 0.164923
vt 0.233853 0.051644
vt 0.211470 0.051644
vt 0.224117 0.044674
vt 0.386076 0.584688
vt 0.376379 0.575134
vt 0.386076 0.570829
vt 0.983818 0.964632
vt 0.996913 0.960745
vt 0.996913 0.970992
vt 0.504253 0.043843
vt 0.517393 0.048918
vt 0.504253 0.050124
vt 0.523567 0.050159
vt 0.525435 0.043843
vt 0.536250 0.050159
vt 0.081127 0.027917
vt 0.092995 0.032727
vt 0.092995 0.048494
vt 0.081791 0.051684
vt 0.080373 0.039871
vt 0.093659 0.151105
vt 0.093659 0.161407
vt 0.093659 0.171710
vt 0.081242 0.169702
vt 0.081055 0.154275
vt 0.097750 0.197851
vt 0.099553 0.210489
vt 0.090304 0.210424
vt 0.081055 0.210489
vt 0.084929 0.197497
vt 0.377525 0.590861
vt 0.386076 0.590861
vt 0.382676 0.606137
vt 0.377525 0.649132
vt 0.383859 0.649132
vt 0.381240 0.661769
vt 0.376957 0.043648
vt 0.387486 0.051684
vt 0.373504 0.051684
vt 0.981112 0.407485
vt 0.981112 0.422077
vt 0.970468 0.411522
vt 0.122081 0.070149
vt 0.120036 0.057858
vt 0.129819 0.057887
vt 0.139602 0.057858
vt 0.137651 0.071722
vt 0.377831 0.475021
vt 0.387830 0.469766
vt 0.387830 0.484621
vt 0.986874 0.610766
vt 0.989185 0.623457
vt 0.977517 0.623457
vt 0.850375 0.978006
vt 0.863557 0.986472
vt 0.850375 0.989127
vt 0.377816 0.518947
vt 0.387114 0.513033
vt 0.387114 0.528555
vt 0.003087 0.160147
vt 0.016882 0.163246
vt 0.016392 0.177265
vt 0.003087 0.178721
vt 0.003126 0.169434
vt 0.352594 0.101707
vt 0.352594 0.082294
vt 0.362777 0.093176
vt 0.148854 0.025621
vt 0.148854 0.040551
vt 0.135534 0.042807
vt 0.135297 0.032852
vt 0.135842 0.023043
vt 0.779056 0.042415
vt 0.789724 0.051515
vt 0.775669 0.051515
vt 0.560887 0.045014
vt 0.573853 0.048453
vt 0.560887 0.051391
vt 0.958944 0.989948
vt 0.948248 0.992509
vt 0.948248 0.979730
vt 0.332843 0.112899
vt 0.332782 0.120881
vt 0.332843 0.128863
vt 0.319924 0.127558
vt 0.319768 0.114101
vt 0.074234 0.142118
vt 0.069991 0.154685
vt 0.055251 0.152301
vt 0.053354 0.142118
vt 0.063794 0.142247
vt 0.916274 0.041870
vt 0.925289 0.051653
vt 0.910946 0.051653
vt 0.429352 0.051662
vt 0.424751 0.042976
vt 0.439206 0.042976
vt 0.159255 0.143359
vt 0.173303 0.139010
vt 0.172998 0.147989
vt 0.172698 0.156967
vt 0.159255 0.157398
vt 0.003110 0.091349
vt 0.003087 0.080991
vt 0.017487 0.084297
vt 0.017409 0.098688
vt 0.003087 0.101707
vt 0.034510 0.003087
vt 0.047464 0.006215
vt 0.047464 0.021861
vt 0.034495 0.027190
vt 0.029063 0.014964
vt 0.044306 0.094219
vt 0.027061 0.093818
vt 0.025196 0.081253
vt 0.037054 0.081143
vt 0.048051 0.081143
vt 0.016906 0.124404
vt 0.003130 0.128220
vt 0.003087 0.119100
vt 0.003468 0.107881
vt 0.016906 0.109639
vt 0.551070 0.042943
vt 0.554713 0.051391
vt 0.542529 0.051391
vt 0.983307 0.748906
vt 0.996860 0.748906
vt 0.994375 0.758829
vt 0.043004 0.218712
vt 0.034100 0.218604
vt 0.025196 0.218712
vt 0.028795 0.205523
vt 0.042478 0.205838
vt 0.936239 0.041791
vt 0.942568 0.051653
vt 0.931463 0.051653
vt 0.459298 0.042976
vt 0.457043 0.050951
vt 0.445380 0.042976
vt 0.498079 0.051571
vt 0.484520 0.051571
vt 0.487857 0.043843
vt 0.478346 0.042976
vt 0.478346 0.051571
vt 0.465472 0.046651
vt 0.929040 0.983875
vt 0.941464 0.981170
vt 0.941464 0.992563
vt 0.379238 0.745907
vt 0.385746 0.758344
vt 0.376208 0.758344
vt 0.418577 0.043086
vt 0.408738 0.051662
vt 0.402669 0.043086
vt 0.206208 0.003087
vt 0.215379 0.003087
vt 0.224549 0.003087
vt 0.221959 0.015683
vt 0.207882 0.015622
vt 0.290530 0.051531
vt 0.275864 0.051531
vt 0.288109 0.043928
vt 0.114052 0.201649
vt 0.128624 0.201723
vt 0.131312 0.214319
vt 0.121904 0.214274
vt 0.112496 0.214319
vt 0.377943 0.442900
vt 0.387861 0.437033
vt 0.387861 0.452451
vt 0.996268 0.768439
vt 0.986660 0.778726
vt 0.982677 0.768439
vt 0.379236 0.726655
vt 0.385797 0.739733
vt 0.376208 0.739733
vt 0.385717 0.687855
vt 0.385717 0.701698
vt 0.379168 0.690182
vt 0.377816 0.549910
vt 0.377816 0.534729
vt 0.386960 0.544456
vt 0.377525 0.631052
vt 0.385714 0.631052
vt 0.380362 0.642958
vt 0.206429 0.240301
vt 0.207878 0.227291
vt 0.222549 0.227305
vt 0.223937 0.240301
vt 0.215183 0.240301
vt 0.966810 0.690021
vt 0.980090 0.697938
vt 0.966810 0.701839
vt 0.732275 0.980948
vt 0.745266 0.988198
vt 0.732275 0.991845
vt 0.376392 0.492650
vt 0.387114 0.504104
vt 0.376392 0.506859
vt 0.138718 0.163668
vt 0.152273 0.166321
vt 0.151825 0.180864
vt 0.138718 0.182382
vt 0.138719 0.173025
vt 0.169898 0.086469
vt 0.184179 0.088974
vt 0.184001 0.102591
vt 0.169898 0.104196
vt 0.169899 0.095332
vt 0.011052 0.003087
vt 0.022889 0.010468
vt 0.022889 0.025597
vt 0.011047 0.026828
vt 0.003087 0.014134
vt 0.083011 0.990007
vt 0.081055 0.978932
vt 0.094122 0.978932
vt 0.337479 0.330111
vt 0.352463 0.330139
vt 0.352463 0.342837
vt 0.344419 0.342558
vt 0.336375 0.342845
vt 0.887672 0.799942
vt 0.887672 0.789148
vt 0.900252 0.792834
vt 0.159255 0.986593
vt 0.173380 0.986593
vt 0.162048 0.996341
vt 0.082149 0.057858
vt 0.094422 0.062918
vt 0.094361 0.077050
vt 0.081055 0.080295
vt 0.081055 0.068950
vt 0.986482 0.680607
vt 0.983168 0.670277
vt 0.996500 0.670277
vt 0.385773 0.612311
vt 0.378661 0.624878
vt 0.377525 0.612311
vn -0.2611 0.0140 0.9652
vn -0.2584 0.2505 0.9330
vn -0.2639 0.2077 0.9419
vn -0.2562 -0.0363 0.9659
vn -0.2364 0.0516 0.9703
vn -0.2287 0.2862 0.9305
vn -0.2634 0.5733 0.7758
vn -0.2726 0.5382 0.7975
vn -0.2501 0.1551 0.9557
vn -0.2426 -0.0940 0.9655
vn -0.2547 -0.2876 0.9233
vn -0.2866 -0.1995 0.9370
vn -0.2531 -0.1166 0.9604
vn -0.1754 0.3252 0.9292
vn -0.1988 0.0892 0.9760
vn -0.2257 0.6022 0.7658
vn -0.2567 0.7523 0.6068
vn -0.2666 0.7466 0.6095
vn -0.2645 0.4982 0.8257
vn -0.2054 -0.1611 0.9653
vn -0.2264 0.1014 0.9687
vn -0.1917 -0.3673 0.9101
vn -0.2111 -0.5402 0.8147
vn -0.2321 -0.5184 0.8230
vn -0.1883 -0.4875 0.8526
vn -0.2072 -0.0637 0.9762
vn -0.1567 0.6167 0.7715
vn -0.1943 0.1314 0.9721
vn -0.1253 0.3712 0.9201
vn -0.2168 0.7593 0.6135
vn -0.2714 0.8495 0.4525
vn -0.2727 0.8573 0.4368
vn -0.2629 0.7416 0.6172
vn -0.2521 0.4572 0.8529
vn -0.1637 0.0551 0.9850
vn -0.1367 -0.2495 0.9587
vn -0.1402 -0.4500 0.8820
vn -0.1446 -0.5748 0.8054
vn -0.1038 -0.7386 0.6661
vn -0.1208 -0.7349 0.6673
vn -0.1889 -0.3805 0.9053
vn -0.2431 -0.0312 0.9695
vn -0.0952 0.6167 0.7815
vn -0.1437 0.7697 0.6220
vn -0.0951 0.1667 0.9814
vn -0.0111 0.3780 0.9257
vn -0.2214 0.8524 0.4738
vn -0.2826 0.9374 0.2036
vn -0.2722 0.9407 0.2024
vn -0.2635 0.8629 0.4312
vn -0.2552 0.7353 0.6279
vn -0.2145 0.4412 0.8714
vn -0.1116 -0.1671 0.9796
vn -0.0810 -0.3755 0.9233
vn -0.0970 -0.5423 0.8346
vn -0.1065 -0.6169 0.7798
vn -0.0558 -0.7410 0.6692
vn 0.0012 -0.8510 0.5252
vn -0.0772 -0.8298 0.5527
vn -0.2621 -0.2565 0.9303
vn -0.1584 -0.7538 0.6377
vn -0.2176 -0.6286 0.7467
vn -0.1819 -0.0504 0.9820
vn -0.0713 0.7757 0.6270
vn -0.1186 0.8673 0.4835
vn 0.0926 0.1516 0.9841
vn 0.2246 0.3032 0.9261
vn 0.0737 0.5934 0.8015
vn -0.0477 0.6173 0.7853
vn -0.2351 0.9451 0.2269
vn -0.2516 0.9498 -0.1862
vn -0.2257 0.9606 -0.1620
vn -0.2507 0.9464 0.2038
vn -0.2511 0.8669 0.4306
vn -0.2275 0.7320 0.6422
vn -0.1731 0.4463 0.8780
vn -0.1322 0.1228 0.9836
vn -0.1884 0.0872 0.9782
vn -0.2073 -0.2995 0.9313
vn -0.1024 -0.5062 0.8563
vn -0.0934 -0.6640 0.7419
vn -0.0731 -0.6291 0.7739
vn -0.0251 -0.7536 0.6569
vn 0.0502 -0.8570 0.5129
vn 0.0734 -0.9334 0.3513
vn -0.1135 -0.9209 0.3729
vn -0.2709 -0.4811 0.8338
vn -0.3605 -0.6586 0.6605
vn -0.3081 -0.8153 0.4902
vn -0.0210 0.8836 0.4677
vn 0.0026 0.7765 0.6301
vn -0.1034 0.9591 0.2634
vn 0.4363 0.2042 0.8763
vn 0.2229 0.0505 0.9735
vn 0.3243 0.4798 0.8153
vn 0.1475 0.7559 0.6378
vn -0.2450 0.9544 -0.1703
vn -0.1401 0.8279 -0.5430
vn -0.1871 0.8099 -0.5559
vn -0.1916 0.9728 -0.1304
vn -0.2300 0.9503 0.2099
vn -0.2160 0.8726 0.4381
vn -0.1973 0.7224 0.6627
vn -0.2589 0.3971 0.8805
vn -0.3390 -0.0304 0.9403
vn -0.3231 -0.4109 0.8525
vn -0.1750 -0.5944 0.7849
vn -0.0744 -0.7132 0.6970
vn -0.0186 -0.7755 0.6311
vn -0.0876 -0.6894 0.7191
vn 0.0830 -0.8721 0.4823
vn 0.1583 -0.9255 0.3442
vn -0.3753 -0.9233 0.0816
vn 0.1563 -0.9807 0.1174
vn -0.3073 -0.5451 0.7800
vn -0.1088 -0.2521 0.9616
vn -0.5142 -0.5869 0.6255
vn -0.5594 -0.7361 0.3811
vn 0.0424 0.9605 0.2752
vn 0.0668 0.8925 0.4461
vn -0.1280 0.9861 -0.1063
vn 0.5742 0.2945 0.7639
vn 0.2997 -0.0950 0.9493
vn 0.5279 0.1353 0.8385
vn 0.3688 0.6724 0.6418
vn 0.2091 0.8714 0.4437
vn -0.2220 0.8059 -0.5489
vn -0.1142 0.8461 -0.5206
vn -0.1111 0.7021 -0.7033
vn -0.1535 0.7043 -0.6931
vn -0.1399 0.9637 -0.2274
vn -0.1915 0.9555 0.2245
vn -0.1958 0.8740 0.4447
vn -0.2886 0.6752 0.6788
vn -0.4473 0.2775 0.8503
vn -0.4777 -0.1503 0.8656
vn -0.2007 -0.6376 0.7438
vn -0.3477 -0.4731 0.8095
vn -0.0527 -0.7529 0.6560
vn -0.0193 -0.8098 0.5864
vn -0.1056 -0.7195 0.6864
vn 0.1775 -0.9295 0.3232
vn 0.2819 -0.9397 0.1933
vn 0.2713 -0.9599 -0.0707
vn -0.3610 -0.8747 -0.3235
vn -0.3744 -0.4769 0.7952
vn -0.0609 -0.3862 0.9204
vn -0.7468 -0.5700 0.3427
vn -0.6171 -0.4931 0.6132
vn 0.1355 0.9571 0.2561
vn 0.0564 0.9982 -0.0217
vn -0.1510 0.8385 -0.5236
vn 0.6781 0.2332 0.6970
vn 0.5756 0.5395 0.6145
vn 0.5011 0.1137 0.8579
vn 0.2519 -0.1110 0.9614
vn 0.4119 0.7969 0.4420
vn 0.2625 0.9348 0.2394
vn -0.1468 0.6723 -0.7256
vn -0.0713 0.7088 -0.7018
vn -0.1103 0.7216 -0.6834
vn -0.1464 0.7293 -0.6683
vn -0.1083 0.9784 -0.1758
vn -0.1949 0.9532 0.2310
vn -0.2853 0.8503 0.4423
vn -0.4881 0.5604 0.6691
vn -0.6051 0.1484 0.7822
vn -0.5105 -0.2175 0.8319
vn -0.0348 -0.7721 0.6346
vn 0.0135 -0.8285 0.5598
vn 0.0926 -0.8920 0.4424
vn -0.1989 -0.6832 0.7026
vn -0.1266 -0.7386 0.6621
vn 0.1982 -0.9248 0.3247
vn 0.2670 -0.9383 0.2199
vn 0.4104 -0.9062 0.1018
vn -0.8163 -0.5771 -0.0255
vn -0.4172 -0.8006 -0.4302
vn 0.3285 -0.9383 -0.1080
vn -0.8215 -0.4903 -0.2911
vn -0.4364 -0.3998 0.8060
vn -0.1045 -0.3409 0.9343
vn -0.8778 -0.3213 0.3553
vn -0.7204 -0.2787 0.6351
vn 0.1932 0.9810 0.0186
vn 0.0356 0.8828 -0.4683
vn -0.0738 0.6114 -0.7879
vn 0.6712 0.2796 0.6865
vn 0.8059 0.2931 0.5144
vn 0.7421 0.3731 0.5569
vn 0.6356 0.6513 0.4144
vn 0.1855 -0.0791 0.9795
vn 0.4572 0.0971 0.8840
vn 0.4640 0.8573 0.2231
vn 0.3444 0.9387 -0.0142
vn 0.0383 0.6271 -0.7780
vn -0.0724 0.7147 -0.6957
vn -0.0259 0.7584 -0.6513
vn -0.0974 0.7842 -0.6129
vn 0.0744 0.6596 -0.7479
vn -0.0015 0.8176 -0.5758
vn -0.1550 0.9816 -0.1114
vn -0.2753 0.9348 0.2246
vn -0.4652 0.7679 0.4403
vn -0.6652 0.4112 0.6233
vn -0.6604 0.0879 0.7457
vn -0.4840 -0.2562 0.8367
vn -0.3138 -0.5025 0.8056
vn -0.0396 -0.7615 0.6469
vn 0.0714 -0.7938 0.6040
vn 0.1226 -0.8837 0.4516
vn -0.2306 -0.7397 0.6322
vn -0.1789 -0.7257 0.6643
vn 0.2270 -0.9042 0.3618
vn 0.2735 -0.9273 0.2556
vn 0.3697 -0.9169 0.1502
vn 0.5051 -0.8609 0.0604
vn -0.9455 -0.3253 -0.0125
vn -0.8367 -0.3687 -0.4049
vn 0.3006 -0.9254 -0.2308
vn -0.4832 -0.7499 -0.4519
vn -0.1636 -0.2661 0.9500
vn -0.5048 -0.2370 0.8301
vn -0.9230 0.1361 0.3600
vn -0.7464 0.0827 0.6603
vn 0.2371 0.8846 -0.4017
vn 0.0659 0.5724 -0.8173
vn 0.1089 0.4602 -0.8811
vn 0.6646 0.2513 0.7037
vn 0.7943 0.3503 0.4963
vn 0.8209 0.3554 0.4470
vn 0.7853 0.4720 0.4006
vn 0.6671 0.7146 0.2106
vn 0.1648 -0.0502 0.9851
vn 0.4408 0.0743 0.8945
vn 0.5155 0.8547 -0.0617
vn 0.4053 0.8332 -0.3762
vn 0.2843 0.4787 -0.8306
vn -0.1023 0.8228 -0.5590
vn 0.0152 0.7021 -0.7119
vn 0.2853 0.5117 -0.8104
vn 0.1033 0.6878 -0.7185
vn -0.0634 0.8552 -0.5144
vn 0.0594 0.7096 -0.7021
vn -0.2367 0.9694 -0.0646
vn -0.4283 0.8791 0.2092
vn -0.6625 0.6253 0.4124
vn -0.7517 0.3278 0.5723
vn -0.6696 0.0619 0.7402
vn -0.3110 -0.5648 0.7643
vn -0.5034 -0.3381 0.7952
vn -0.0616 -0.7051 0.7065
vn 0.1974 -0.8276 0.5255
vn -0.3320 -0.6664 0.6675
vn -0.2912 -0.7044 0.6473
vn -0.2381 -0.6427 0.7282
vn 0.3001 -0.9042 0.3040
vn 0.3002 -0.8576 0.4176
vn 0.3584 -0.9124 0.1978
vn 0.4756 -0.8735 0.1039
vn 0.6235 -0.7718 -0.1247
vn -0.9951 0.0929 0.0331
vn -0.8398 -0.2962 -0.4550
vn 0.1787 -0.7100 -0.6812
vn -0.4381 -0.6229 -0.6481
vn -0.1946 -0.1695 0.9661
vn -0.5059 0.0156 0.8624
vn 0.2144 0.5785 -0.7870
vn 0.1155 0.3742 -0.9201
vn 0.2538 0.3657 -0.8954
vn 0.6685 0.2145 0.7121
vn 0.8098 0.3549 0.4672
vn 0.7771 0.4031 0.4834
vn 0.8210 0.3235 0.4704
vn 0.8025 0.4929 0.3362
vn 0.7635 0.5947 0.2517
vn 0.6459 0.7587 -0.0852
vn 0.4981 0.7882 -0.3615
vn 0.3047 0.6366 -0.7084
vn 0.4134 0.3579 -0.8373
vn 0.4288 0.2979 -0.8529
vn -0.0267 0.7986 -0.6013
vn -0.0659 0.7946 -0.6035
vn 0.2583 0.5183 -0.8153
vn 0.3986 0.4095 -0.8206
vn 0.0114 0.7374 -0.6754
vn -0.1718 0.8742 -0.4542
vn 0.0659 0.7639 -0.6420
vn -0.3921 0.9178 -0.0625
vn -0.6381 0.7571 0.1402
vn -0.7900 0.5096 0.3409
vn -0.7892 0.3285 0.5188
vn -0.7242 -0.0011 0.6896
vn -0.5502 -0.4584 0.6979
vn -0.0862 -0.6232 0.7773
vn 0.1049 -0.7122 0.6941
vn 0.2817 -0.7409 0.6097
vn -0.3390 -0.7381 0.5833
vn -0.2554 -0.5299 0.8087
vn -0.3365 -0.5428 0.7695
vn 0.3416 -0.8710 0.3530
vn 0.3728 -0.8914 0.2575
vn 0.4143 -0.7712 0.4834
vn 0.4482 -0.8808 0.1529
vn 0.6729 -0.7337 -0.0940
vn 0.6626 -0.4737 -0.5802
vn -0.9178 -0.2726 -0.2887
vn -0.9705 0.1091 -0.2148
vn -0.8373 0.5429 0.0643
vn -0.7937 0.5228 0.3110
vn -0.7056 -0.2488 -0.6635
vn -0.8937 -0.1940 -0.4046
vn -0.1655 -0.0005 0.9862
vn -0.5961 0.2074 0.7756
vn -0.4003 0.1281 0.9074
vn 0.1322 0.3999 -0.9070
vn 0.1049 0.3515 -0.9303
vn 0.2892 0.2709 -0.9182
vn 0.4304 0.0679 0.9001
vn 0.6643 0.1937 0.7220
vn 0.8303 0.3172 0.4582
vn 0.8319 0.3687 0.4149
vn 0.8686 0.3614 0.3389
vn 0.8689 0.3443 0.3555
vn 0.7858 0.6147 -0.0682
vn 0.7093 0.7014 -0.0706
vn 0.5727 0.7450 -0.3420
vn 0.1931 0.0224 0.9809
vn 0.3553 0.7098 -0.6083
vn 0.1142 0.4892 -0.8647
vn 0.5008 0.2708 -0.8221
vn 0.4928 0.3270 -0.8064
vn -0.0882 0.8084 -0.5820
vn 0.0306 0.6211 -0.7831
vn 0.0399 0.7568 -0.6525
vn -0.1097 0.7686 -0.6302
vn -0.3474 0.8605 -0.3726
vn 0.0289 0.7827 -0.6218
vn -0.5916 0.7804 -0.2023
vn -0.7694 0.6359 0.0601
vn -0.8345 0.4972 0.2374
vn -0.8458 0.3155 0.4303
vn -0.7970 -0.1244 0.5911
vn -0.5415 -0.5779 0.6106
vn 0.1177 -0.6388 0.7603
vn -0.0892 -0.5707 0.8163
vn 0.3259 -0.6510 0.6856
vn -0.4398 -0.5722 0.6922
vn -0.3698 -0.7035 0.6069
vn -0.2057 -0.3458 0.9155
vn -0.3360 -0.3311 0.8817
vn 0.3901 -0.8626 0.3221
vn 0.4313 -0.7861 0.4428
vn 0.4518 -0.8694 0.2001
vn 0.5031 -0.6259 0.5960
vn 0.6564 -0.7529 -0.0473
vn 0.8036 -0.3046 -0.5113
vn 0.0888 -0.1857 -0.9786
vn 0.4799 -0.0496 -0.8759
vn -0.9303 0.1699 -0.3251
vn -0.8249 0.5556 -0.1041
vn -0.5845 0.7459 0.3194
vn -0.5944 0.7992 0.0895
vn -0.6975 0.4868 0.5260
vn -0.7730 0.3377 0.5370
vn -0.7550 -0.0919 -0.6492
vn -0.2956 -0.2869 -0.9112
vn -0.3838 -0.1894 -0.9038
vn -0.0476 0.0672 0.9966
vn -0.6425 0.3025 0.7040
vn 0.0597 0.3905 -0.9186
vn 0.0720 0.2771 -0.9581
vn 0.3294 0.1815 -0.9266
vn 0.4483 0.0640 0.8916
vn 0.6816 0.1407 0.7181
vn 0.8403 0.3029 0.4497
vn 0.8970 0.3376 0.2854
vn 0.9198 0.3185 0.2292
vn 0.9021 0.2987 0.3114
vn 0.8966 0.4366 -0.0743
vn 0.6451 0.6716 -0.3644
vn 0.7074 0.5546 -0.4382
vn 0.4663 0.6437 -0.6068
vn 0.2667 0.0314 0.9633
vn 0.1650 0.5731 -0.8027
vn 0.0510 0.4043 -0.9132
vn 0.6224 0.1838 -0.7608
vn 0.5880 0.3440 -0.7320
vn -0.0741 0.7006 -0.7097
vn 0.2626 0.5403 -0.7995
vn 0.1080 0.5628 -0.8195
vn 0.4517 0.4541 -0.7680
vn -0.0636 0.7686 -0.6366
vn 0.0288 0.7610 -0.6481
vn -0.2948 0.7771 -0.5560
vn -0.0105 0.7205 -0.6934
vn -0.7939 0.6053 -0.0580
vn -0.8540 0.5094 0.1060
vn -0.9206 0.2365 0.3106
vn -0.8211 -0.2731 0.5012
vn -0.5337 -0.6326 0.5612
vn -0.0372 -0.4291 0.9025
vn 0.3332 -0.4699 0.8174
vn 0.1363 -0.4894 0.8614
vn -0.4987 -0.3640 0.7866
vn -0.7201 -0.4771 0.5039
vn -0.3289 0.0150 0.9443
vn -0.0965 0.0859 0.9916
vn 0.4798 -0.8440 0.2397
vn 0.4525 -0.7821 0.4285
vn 0.5489 -0.6003 0.5817
vn 0.6214 -0.7832 0.0224
vn 0.5240 -0.3984 0.7527
vn 0.8349 -0.2999 -0.4615
vn -0.1607 -0.1046 -0.9814
vn 0.0696 0.1185 -0.9905
vn -0.7784 0.3218 -0.5390
vn -0.7784 0.5917 -0.2096
vn -0.5968 0.8014 -0.0399
vn -0.5385 0.6499 0.5364
vn -0.3685 0.9224 0.1152
vn -0.3936 0.8534 0.3417
vn -0.5669 0.3788 0.7316
vn -0.3771 -0.0172 -0.9260
vn 0.0214 -0.1479 -0.9888
vn 0.0092 -0.0817 -0.9966
vn 0.1222 -0.0288 0.9921
vn -0.1932 0.0655 0.9790
vn -0.4450 0.1801 0.8772
vn 0.0085 0.3197 -0.9475
vn 0.4914 0.0405 0.8700
vn 0.7148 0.0905 0.6934
vn 0.8783 0.2270 0.4208
vn 0.9159 0.3254 0.2350
vn 0.9426 0.3023 0.1421
vn 0.9504 0.3086 -0.0389
vn 0.9435 0.3272 -0.0527
vn 0.7688 0.4419 -0.4622
vn 0.5336 0.4640 -0.7071
vn 0.1912 0.4503 -0.8722
vn 0.3667 -0.0782 0.9271
vn 0.0826 0.3638 -0.9278
vn 0.7264 0.0402 -0.6861
vn 0.7023 0.2065 -0.6812
vn -0.0042 0.5958 -0.8031
vn 0.2113 0.4977 -0.8412
vn 0.1167 0.5347 -0.8369
vn 0.4725 0.4677 -0.7470
vn -0.0573 0.7537 -0.6547
vn -0.2480 0.7724 -0.5847
vn -0.0210 0.6969 -0.7169
vn -0.5040 0.7325 -0.4577
vn -0.0427 0.6257 -0.7789
vn -0.7840 0.5922 -0.1861
vn -0.8724 0.4874 -0.0362
vn -0.9736 0.1113 0.1993
vn -0.7844 -0.4157 0.4603
vn 0.0989 0.0717 0.9925
vn 0.1781 0.0726 0.9813
vn 0.2978 0.1563 0.9417
vn -0.7812 -0.3383 0.5247
vn -0.5868 -0.0982 0.8038
vn -0.2177 0.5736 0.7897
vn 0.0728 0.8923 0.4456
vn 0.6083 -0.7897 0.0795
vn 0.5591 -0.7651 0.3194
vn 0.5730 -0.6133 0.5436
vn 0.6253 -0.3534 0.6958
vn 0.8297 -0.3725 -0.4157
vn 0.4913 0.3001 0.8177
vn -0.0640 0.1633 -0.9845
vn 0.0459 0.1397 -0.9891
vn -0.3699 0.2284 -0.9006
vn -0.7051 0.6456 -0.2933
vn -0.5811 0.8040 -0.1263
vn -0.3746 0.9271 -0.0158
vn -0.3922 0.7511 0.5310
vn -0.4465 0.5346 0.7175
vn 0.0520 0.0027 -0.9986
vn 0.3082 0.0947 -0.9466
vn 0.3192 -0.0965 -0.9428
vn 0.0427 -0.1493 0.9879
vn 0.2788 -0.1888 0.9416
vn -0.2001 -0.0971 0.9750
vn 0.5601 -0.0756 0.8250
vn 0.7646 -0.0261 0.6440
vn 0.9067 0.1702 0.3860
vn 0.9516 0.2519 0.1761
vn 0.9542 0.2941 0.0552
vn 0.9640 0.2440 -0.1059
vn 0.8906 0.3406 -0.3012
vn 0.8317 0.4035 -0.3814
vn 0.2494 0.3616 -0.8984
vn 0.4552 -0.2157 0.8639
vn 0.0721 0.3121 -0.9473
vn 0.4370 0.3737 -0.8182
vn 0.1645 0.4030 -0.9003
vn 0.0954 0.4367 -0.8946
vn 0.6986 0.1219 -0.7051
vn -0.1081 0.6555 -0.7475
vn -0.2574 0.7392 -0.6223
vn -0.4959 0.7020 -0.5112
vn -0.1032 0.6003 -0.7931
vn 0.0096 0.4867 -0.8735
vn -0.0764 0.5200 -0.8508
vn -0.7617 0.5782 -0.2924
vn -0.6900 0.6678 -0.2792
vn -0.6762 0.6330 -0.3769
vn -0.8957 0.4203 -0.1451
vn -0.9879 -0.0128 0.1549
vn 0.1375 0.8874 0.4401
vn 0.0941 0.9125 0.3981
vn 0.1049 0.9432 0.3153
vn -0.9854 -0.1200 0.1207
vn -0.9872 -0.1448 0.0674
vn -0.8897 -0.1236 0.4395
vn -0.5734 0.3972 0.7165
vn 0.1493 0.9838 0.0993
vn 0.1718 0.9851 -0.0080
vn 0.6657 -0.7341 0.1343
vn 0.7988 -0.4591 -0.3888
vn 0.6605 -0.6305 0.4078
vn 0.7014 -0.3820 0.6018
vn 0.6965 0.1769 0.6954
vn 0.1154 0.9926 0.0384
vn 0.3089 0.3243 -0.8941
vn 0.0625 0.2430 -0.9680
vn -0.2429 0.5575 -0.7938
vn -0.5412 0.6138 -0.5748
vn -0.5395 0.8200 -0.1911
vn -0.5913 0.7196 -0.3642
vn -0.3776 0.9217 -0.0891
vn -0.1883 0.9821 0.0058
vn -0.2284 0.9377 0.2619
vn -0.2698 0.8073 0.5248
vn -0.3366 0.6453 0.6858
vn -0.2768 0.2111 0.9375
vn -0.3053 0.0220 0.9520
vn 0.3427 -0.0153 -0.9393
vn 0.5283 -0.0323 -0.8484
vn 0.4935 0.2451 -0.8345
vn 0.1742 -0.3335 0.9265
vn 0.3657 -0.3276 0.8712
vn -0.0292 -0.3094 0.9505
vn 0.6220 -0.2162 0.7526
vn 0.8015 -0.1716 0.5728
vn 0.9302 0.0723 0.3598
vn 0.9671 0.2121 0.1403
vn 0.9665 0.2568 0.0020
vn 0.9475 0.2258 -0.2263
vn 0.9329 0.1725 -0.3161
vn 0.7479 0.3507 -0.5636
vn 0.6818 0.4545 -0.5732
vn 0.6757 0.4258 -0.6017
vn 0.2949 0.3878 -0.8733
vn 0.5086 0.4103 -0.7569
vn 0.5089 -0.3243 0.7974
vn 0.3569 0.2885 -0.8885
vn 0.6362 0.0434 -0.7703
vn -0.2928 0.6175 -0.7301
vn -0.1943 0.5390 -0.8196
vn -0.1667 0.5221 -0.8364
vn 0.0248 0.4514 -0.8920
vn -0.0656 0.4932 -0.8674
vn -0.7447 0.5479 -0.3810
vn -0.6542 0.5939 -0.4684
vn -0.9137 0.3502 -0.2061
vn 0.0592 0.9336 -0.3534
vn 0.0778 0.9008 -0.4272
vn 0.0074 0.9578 -0.2872
vn -0.0244 0.9706 -0.2396
vn -0.9336 0.2463 -0.2604
vn -0.9567 0.1283 -0.2613
vn -0.9973 -0.0447 0.0582
vn -0.8512 0.3282 0.4096
vn -0.0202 0.9409 0.3381
vn 0.4884 0.7680 -0.4143
vn 0.3480 0.7799 -0.5203
vn 0.2104 0.8342 -0.5097
vn 0.7696 -0.5967 0.2272
vn 0.8086 -0.4704 -0.3534
vn 0.7706 -0.4304 0.4700
vn 0.8084 0.0292 0.5879
vn 0.3700 0.8907 0.2643
vn -0.0515 0.9746 -0.2179
vn 0.4725 0.4239 -0.7727
vn 0.1365 0.4544 -0.8803
vn 0.3520 0.2341 -0.9062
vn -0.0495 0.8069 -0.5886
vn -0.3493 0.8073 -0.4757
vn -0.4838 0.8410 -0.2423
vn -0.3644 0.9217 -0.1329
vn -0.4802 0.8064 -0.3451
vn -0.1875 0.9790 -0.0804
vn -0.0472 0.9983 0.0340
vn -0.1173 0.9359 0.3323
vn -0.2551 0.7042 0.6626
vn -0.1701 0.8195 0.5473
vn -0.2200 0.3377 0.9152
vn -0.0649 -0.1232 0.9903
vn -0.0538 -0.2574 0.9648
vn 0.5617 -0.0378 -0.8265
vn 0.8143 0.0845 -0.5743
vn 0.4002 -0.3899 0.8293
vn 0.2250 -0.3983 0.8892
vn 0.0422 -0.3639 0.9305
vn 0.6587 -0.3040 0.6883
vn 0.8094 -0.2348 0.5383
vn 0.9384 -0.0613 0.3400
vn 0.9770 0.1614 0.1390
vn 0.9714 0.2374 0.0026
vn 0.9116 0.2727 -0.3076
vn 0.8948 0.1209 -0.4299
vn 0.5351 -0.3722 0.7584
vn 0.3043 0.3279 -0.8944
vn 0.1163 0.4184 -0.9008
vn 0.6248 0.0397 -0.7798
vn -0.3190 0.4992 -0.8056
vn -0.5074 0.6003 -0.6182
vn -0.2439 0.5097 -0.8251
vn -0.1469 0.5412 -0.8280
vn 0.0976 0.5314 -0.8415
vn 0.0203 0.6016 -0.7985
vn -0.6062 0.5627 -0.5621
vn -0.7378 0.5130 -0.4388
vn 0.1410 0.8746 -0.4639
vn 0.1246 0.9135 -0.3872
vn 0.1386 0.9888 -0.0552
vn 0.0519 0.9985 0.0166
vn -0.7568 0.4576 -0.4668
vn -0.8194 0.4015 -0.4091
vn -0.9888 0.1164 -0.0933
vn -0.9224 0.2827 0.2632
vn -0.1674 0.9034 0.3948
vn 0.6197 0.7671 -0.1659
vn 0.5886 0.7107 -0.3852
vn 0.3757 0.8524 -0.3637
vn 0.2182 0.8579 -0.4653
vn 0.8966 -0.3791 -0.2289
vn 0.8456 -0.4400 0.3022
vn 0.8757 -0.0914 0.4742
vn 0.5346 0.7984 0.2771
vn -0.0721 0.9622 -0.2627
vn -0.0371 0.9888 -0.1446
vn 0.0150 0.9953 0.0955
vn -0.0520 0.9842 -0.1695
vn 0.4033 0.3671 -0.8382
vn 0.2462 0.7176 -0.6515
vn 0.5707 0.2104 -0.7938
vn -0.2397 0.9166 -0.3201
vn 0.0701 0.9310 -0.3583
vn -0.4309 0.8652 -0.2565
vn -0.3263 0.9300 -0.1691
vn -0.1825 0.9795 -0.0850
vn -0.4096 0.8820 -0.2331
vn -0.0414 0.9950 -0.0914
vn -0.0001 0.9924 0.1232
vn -0.0600 0.9135 0.4024
vn -0.1859 0.7291 0.6586
vn -0.1875 0.3996 0.8973
vn -0.1031 0.8126 0.5737
vn -0.0645 -0.0049 0.9979
vn 0.0696 -0.0968 0.9929
vn 0.0820 -0.2362 0.9682
vn 0.8121 0.0239 -0.5830
vn 0.2554 -0.3686 0.8938
vn 0.4103 -0.3616 0.8372
vn 0.1277 -0.3328 0.9343
vn 0.7915 -0.2637 0.5514
vn 0.6685 -0.3372 0.6629
vn 0.9311 -0.0724 0.3576
vn 0.9820 0.0715 0.1747
vn 0.9748 0.2206 0.0333
vn 0.9078 0.3014 -0.2916
vn 0.7650 0.2398 -0.5978
vn 0.5458 -0.3412 0.7653
vn 0.1626 0.4665 -0.8694
vn 0.3076 0.3730 -0.8754
vn 0.6643 0.0946 -0.7415
vn -0.3023 0.5153 -0.8019
vn -0.4674 0.5207 -0.7144
vn -0.2079 0.5890 -0.7810
vn -0.0644 0.6612 -0.7474
vn 0.2924 0.6628 -0.6894
vn 0.1529 0.7980 -0.5830
vn -0.5499 0.5704 -0.6101
vn 0.3040 0.9525 0.0199
vn 0.2700 0.9622 0.0358
vn 0.1473 0.8988 0.4129
vn 0.2434 0.8808 0.4062
vn -0.5771 0.6283 -0.5217
vn -0.5356 0.5874 -0.6068
vn -0.8961 0.4121 -0.1650
vn -0.9019 0.3023 0.3084
vn -0.2692 0.7848 0.5582
vn 0.6601 0.7469 0.0799
vn 0.7452 0.6082 -0.2734
vn 0.2469 0.9690 0.0018
vn 0.4045 0.9135 -0.0428
vn 0.2411 0.9635 -0.1165
vn 0.2821 0.8936 -0.3492
vn 0.3193 0.9465 0.0474
vn 0.9336 -0.2913 -0.2086
vn 0.9245 -0.1945 0.3278
vn 0.6979 0.6770 0.2338
vn 0.0797 0.9938 -0.0779
vn -0.0430 0.9692 -0.2426
vn -0.1057 0.9790 -0.1746
vn -0.0066 0.9861 0.1660
vn 0.0885 0.8985 0.4300
vn -0.0049 0.9939 -0.1103
vn 0.5706 0.3285 -0.7526
vn 0.4516 0.5832 -0.6753
vn 0.3153 0.8307 -0.4588
vn 0.0678 0.9749 -0.2120
vn -0.1639 0.9686 -0.1867
vn -0.4093 0.8952 -0.1766
vn -0.2770 0.9421 -0.1891
vn -0.1398 0.9860 -0.0910
vn -0.0729 0.9956 -0.0582
vn -0.3374 0.9359 -0.1010
vn -0.0245 0.8947 0.4459
vn -0.0093 0.9824 0.1866
vn -0.1536 0.4370 0.8863
vn -0.1185 0.7366 0.6659
vn -0.0855 0.0670 0.9941
vn -0.0374 0.8080 0.5881
vn 0.0354 0.0307 0.9989
vn 0.1855 -0.1280 0.9743
vn 0.2222 0.1060 0.9692
vn 0.2826 -0.2869 0.9153
vn 0.4141 -0.2955 0.8610
vn 0.2071 -0.2272 0.9516
vn 0.8894 -0.1487 0.4322
vn 0.6675 -0.3099 0.6770
vn 0.7728 -0.2628 0.5777
vn 0.9796 0.1680 0.1106
vn 0.9228 0.3107 -0.2278
vn 0.7320 0.3310 -0.5955
vn 0.5473 -0.2787 0.7892
vn 0.3466 0.2930 -0.8911
vn 0.3135 0.4758 -0.8218
vn 0.6280 0.0574 -0.7761
vn -0.3918 0.5527 -0.7356
vn -0.2474 0.6263 -0.7393
vn -0.1231 0.7045 -0.6990
vn -0.0167 0.8289 -0.5591
vn 0.5193 0.7656 -0.3798
vn 0.1882 0.9160 -0.3543
vn 0.3556 0.8098 0.4667
vn 0.3324 0.8398 0.4293
vn 0.1654 0.7811 0.6021
vn 0.2398 0.7559 0.6091
vn -0.6003 0.7431 -0.2958
vn -0.3401 0.6359 -0.6928
vn -0.3289 0.7313 -0.5975
vn -0.7965 0.5226 0.3040
vn -0.3098 0.6265 0.7152
vn 0.6116 0.7144 0.3400
vn 0.8213 0.5628 -0.0932
vn 0.5041 0.8628 -0.0379
vn 0.1346 0.9797 0.1485
vn 0.0629 0.9549 0.2900
vn 0.1271 0.9607 0.2467
vn 0.2084 0.9378 0.2776
vn 0.2801 0.9478 0.1527
vn 0.3131 0.7900 0.5271
vn 0.9908 -0.0873 -0.1034
vn 0.8214 0.5023 0.2702
vn -0.1051 0.9849 -0.1378
vn 0.0043 0.9882 -0.1530
vn -0.0852 0.9911 -0.1023
vn 0.0294 0.8935 0.4480
vn 0.1009 0.7957 0.5972
vn 0.0299 0.9969 -0.0732
vn 0.5724 0.4528 -0.6836
vn 0.3604 0.8628 -0.3545
vn 0.3097 0.9054 -0.2904
vn 0.2715 0.9417 -0.1989
vn 0.0668 0.9881 -0.1387
vn -0.0956 0.9908 -0.0963
vn -0.3920 0.9197 -0.0228
vn -0.2486 0.9591 -0.1356
vn -0.0856 0.9897 -0.1150
vn -0.0704 0.9966 -0.0427
vn -0.2356 0.9719 -0.0018
vn -0.0923 0.1018 0.9905
vn -0.1068 0.4589 0.8821
vn -0.0426 0.7401 0.6711
vn -0.0377 0.1193 0.9921
vn 0.0350 0.8044 0.5931
vn 0.1282 0.2764 0.9525
vn 0.3126 -0.2006 0.9285
vn 0.4094 -0.2104 0.8878
vn 0.3005 -0.1404 0.9434
vn 0.8586 -0.2000 0.4721
vn 0.9476 -0.0117 0.3193
vn 0.9658 0.1195 0.2302
vn 0.6629 -0.2502 0.7057
vn 0.7613 -0.2097 0.6136
vn 0.9359 0.3355 -0.1072
vn 0.7399 0.3872 -0.5502
vn 0.5454 -0.2022 0.8134
vn 0.6290 0.5121 -0.5848
vn 0.6469 0.5614 -0.5160
vn 0.6888 0.2778 -0.6696
vn -0.1826 0.7372 -0.6506
vn -0.0668 0.8142 -0.5767
vn -0.0608 0.9142 -0.4007
vn 0.4996 0.8371 -0.2228
vn 0.0950 0.9200 -0.3803
vn 0.3050 0.7183 0.6253
vn 0.3265 0.6846 0.6517
vn 0.2109 0.6681 0.7136
vn 0.1440 0.7049 0.6945
vn -0.2824 0.8540 -0.4370
vn -0.4950 0.8676 0.0484
vn -0.3074 0.6412 0.7032
vn 0.4813 0.6730 0.5617
vn 0.8015 0.5923 0.0825
vn 0.5406 0.8406 0.0341
vn 0.1550 0.9663 0.2053
vn 0.1311 0.9057 0.4030
vn -0.0036 0.9252 0.3796
vn -0.1661 0.8652 0.4730
vn -0.2259 0.8153 0.5332
vn 0.2295 0.7712 0.5938
vn 0.2902 0.6698 0.6835
vn -0.0456 0.9863 -0.1588
vn 0.0631 0.9970 -0.0458
vn -0.1765 0.9791 -0.1011
vn 0.0878 0.7291 0.6788
vn 0.5540 0.6555 -0.5132
vn 0.4422 0.7744 -0.4525
vn 0.4421 0.8754 -0.1958
vn 0.4715 0.8450 -0.2524
vn 0.2564 0.9561 -0.1416
vn 0.0820 0.9932 -0.0823
vn -0.0313 0.9985 -0.0449
vn -0.3354 0.9368 0.0992
vn -0.2545 0.9670 0.0151
vn -0.0606 0.9938 -0.0927
vn -0.0743 0.9907 -0.1138
vn -0.1262 0.9915 0.0319
vn -0.0767 0.1081 0.9912
vn -0.0991 0.1353 0.9858
vn -0.0358 0.4810 0.8760
vn 0.0300 0.7393 0.6727
vn -0.0127 0.3700 0.9289
vn 0.2196 0.6667 0.7123
vn 0.4270 0.5154 0.7430
vn 0.3412 -0.0149 0.9399
vn 0.3402 0.0299 0.9399
vn 0.3670 0.0002 0.9302
vn 0.4378 0.1566 0.8853
vn 0.8427 -0.1602 0.5140
vn 0.9230 -0.1266 0.3633
vn 0.9467 0.3168 0.0586
vn 0.9750 0.1372 0.1749
vn 0.6596 -0.1925 0.7266
vn 0.7488 -0.1698 0.6407
vn 0.7525 0.5122 -0.4140
vn 0.5178 0.0181 0.8553
vn 0.7238 0.6900 0.0011
vn 0.6881 0.6997 0.1921
vn 0.7015 0.6948 0.1586
vn 0.5984 0.7553 -0.2672
vn -0.1133 0.8282 -0.5489
vn -0.0573 0.8885 -0.4552
vn -0.0962 0.9124 -0.3978
vn 0.2585 0.9031 -0.3429
vn 0.0099 0.8816 -0.4719
vn 0.2688 0.6282 0.7301
vn 0.2942 0.5953 0.7477
vn 0.1581 0.3596 0.9196
vn 0.0992 0.4292 0.8977
vn -0.2056 0.8762 0.4359
vn 0.2733 0.6971 0.6628
vn 0.6732 0.6937 0.2563
vn 0.5034 0.8564 0.1147
vn 0.1515 0.9694 0.1932
vn -0.1144 0.9214 0.3713
vn -0.0054 0.8241 0.5664
vn 0.1715 0.7539 0.6342
vn -0.2476 0.7467 0.6173
vn -0.5526 0.5578 0.6192
vn -0.5292 0.5316 0.6613
vn 0.2259 0.6589 0.7175
vn 0.2467 0.5669 0.7859
vn 0.8710 0.4127 0.2667
vn -0.2477 0.9469 -0.2050
vn -0.3049 0.9324 -0.1942
vn 0.1837 0.9491 0.2559
vn 0.8739 0.3546 0.3325
vn 0.0628 0.4808 0.8746
vn 0.6260 0.7031 -0.3373
vn 0.5225 0.7954 -0.3072
vn 0.4371 0.8888 -0.1377
vn 0.6769 0.7026 -0.2197
vn 0.6405 0.7457 -0.1837
vn 0.2415 0.9669 -0.0827
vn 0.0926 0.9949 -0.0388
vn 0.0167 0.9996 -0.0211
vn -0.2492 0.9610 0.1200
vn -0.2670 0.9520 0.1498
vn -0.0743 0.9969 0.0252
vn -0.1239 0.9840 -0.1278
vn -0.0471 0.9987 0.0213
vn -0.1118 0.0975 0.9889
vn -0.0485 0.0854 0.9952
vn -0.1462 0.3940 0.9074
vn 0.0263 0.4983 0.8666
vn 0.0074 0.7551 0.6556
vn 0.2676 0.9066 0.3263
vn 0.4295 0.8565 0.2861
vn 0.5162 0.3298 0.7904
vn 0.2714 0.6571 0.7032
vn 0.1866 0.5724 0.7985
vn 0.4605 0.7233 0.5146
vn 0.8276 -0.1291 0.5463
vn 0.9114 -0.1131 0.3956
vn 0.9706 -0.0417 0.2369
vn 0.9439 0.3274 -0.0426
vn 0.8144 0.5387 -0.2157
vn 0.6621 0.0036 0.7494
vn 0.7535 -0.0329 0.6567
vn 0.3327 0.5458 0.7690
vn 0.5197 0.7753 0.3589
vn 0.4548 0.8119 0.3660
vn 0.4644 0.8856 0.0113
vn 0.4245 0.7497 0.5076
vn -0.0430 0.8934 -0.4471
vn -0.0422 0.9234 -0.3814
vn -0.0512 0.8943 -0.4445
vn 0.0648 0.8655 -0.4966
vn 0.0092 0.8605 -0.5094
vn 0.2170 0.2044 0.9545
vn 0.2065 0.2849 0.9360
vn 0.0596 -0.1141 0.9917
vn 0.0252 -0.0329 0.9991
vn -0.1566 0.9290 -0.3354
vn -0.1763 0.9748 -0.1370
vn -0.0567 0.9978 0.0350
vn 0.1121 0.8575 0.5022
vn 0.4450 0.7925 0.4169
vn 0.3819 0.9010 0.2058
vn 0.1094 0.9756 0.1905
vn -0.1067 0.9514 0.2888
vn -0.5258 0.6613 0.5350
vn -0.2146 0.6222 0.7529
vn 0.0414 0.6829 0.7294
vn 0.1179 0.6332 0.7650
vn -0.4729 0.4756 0.7418
vn -0.7615 0.2674 0.5905
vn -0.6997 0.2927 0.6517
vn 0.1491 0.5099 0.8472
vn 0.1306 0.1269 0.9833
vn 0.2893 0.8214 0.4916
vn 0.2386 0.8579 0.4551
vn -0.3213 0.9459 0.0449
vn 0.0111 0.0422 0.9990
vn 0.7370 0.6306 -0.2434
vn 0.8351 0.5120 -0.2011
vn 0.4326 0.8990 -0.0679
vn 0.6244 0.7689 -0.1377
vn 0.8304 0.5388 -0.1420
vn 0.8688 0.4706 -0.1540
vn 0.2220 0.9746 -0.0283
vn 0.0926 0.9956 -0.0106
vn 0.0455 0.9990 -0.0028
vn -0.2596 0.9491 0.1785
vn -0.1642 0.9834 0.0778
vn -0.0983 0.9823 0.1594
vn -0.1717 0.9851 0.0094
vn -0.0038 0.9998 0.0205
vn -0.1289 0.0298 0.9912
vn -0.2079 0.3759 0.9030
vn 0.0044 0.1020 0.9948
vn -0.1748 0.7758 0.6063
vn 0.0191 0.9206 0.3900
vn 0.3071 0.9493 0.0665
vn 0.3818 0.9216 0.0694
vn 0.5311 0.7736 0.3457
vn -0.0997 0.9781 0.1827
vn -0.0134 0.9992 0.0365
vn 0.2077 0.9782 0.0064
vn 0.8982 -0.0773 0.4328
vn 0.8304 -0.0626 0.5536
vn 0.9571 -0.0773 0.2793
vn 0.9937 0.0732 0.0853
vn 0.5426 0.5115 0.6663
vn 0.7106 0.4077 0.5734
vn 0.0031 0.9622 0.2723
vn 0.3839 0.7866 0.4836
vn 0.2346 0.9657 -0.1118
vn 0.1446 0.9214 -0.3606
vn 0.3488 0.7752 0.5267
vn 0.2881 0.7718 0.5668
vn 0.0025 0.9308 -0.3656
vn -0.0041 0.9184 -0.3955
vn 0.0074 0.8814 -0.4723
vn 0.0289 0.9328 -0.3591
vn 0.0495 0.9316 -0.3602
vn 0.0757 -0.2010 0.9767
vn 0.0562 -0.2937 0.9542
vn -0.0391 -0.2698 0.9621
vn -0.0141 -0.3159 0.9487
vn -0.0214 0.9436 -0.3303
vn -0.0273 0.9623 -0.2705
vn -0.0117 0.9679 -0.2511
vn 0.0208 0.9974 0.0684
vn 0.1647 0.9210 0.3531
vn 0.2133 0.9357 0.2811
vn -0.1558 0.9619 0.2247
vn -0.5284 0.7312 0.4314
vn -0.3854 0.3709 0.8449
vn -0.1629 0.4979 0.8518
vn 0.0239 0.4271 0.9039
vn -0.5999 0.2562 0.7579
vn -0.8461 0.0302 0.5321
vn -0.7943 0.0160 0.6073
vn -0.0015 0.0562 0.9984
vn -0.0059 -0.3535 0.9354
vn -0.2330 0.9254 0.2990
vn -0.0639 0.9086 0.4128
vn -0.0544 -0.2046 0.9773
vn 0.9740 0.2194 -0.0556
vn 0.9221 0.3604 -0.1406
vn 0.6280 0.7751 -0.0697
vn 0.4230 0.9060 -0.0117
vn 0.8061 0.5793 -0.1206
vn 0.9553 0.2891 -0.0622
vn 0.9315 0.3537 -0.0847
vn 0.2045 0.9789 -0.0001
vn 0.0725 0.9973 0.0090
vn 0.0956 0.9954 -0.0097
vn -0.2164 0.9662 0.1402
vn -0.1046 0.9724 0.2084
vn -0.0911 0.9939 0.0620
vn -0.1513 0.9713 0.1837
vn 0.0361 0.9982 0.0469
vn -0.0533 -0.1131 0.9922
vn -0.1556 -0.0662 0.9856
vn -0.2407 0.3466 0.9066
vn -0.2763 0.7616 0.5862
vn -0.1689 0.9254 0.3394
vn 0.4493 0.8895 0.0830
vn -0.1634 0.9470 -0.2766
vn -0.2065 0.9637 -0.1695
vn -0.1058 0.9465 -0.3048
vn 0.8922 -0.0828 0.4439
vn 0.9432 -0.0241 0.3314
vn 0.9619 -0.0138 0.2729
vn 0.8530 0.2588 0.4532
vn 0.9855 0.0045 0.1694
vn 0.3880 0.8948 0.2208
vn 0.1842 0.9402 0.2866
vn -0.1276 0.9914 -0.0285
vn 0.0188 0.9816 -0.1899
vn -0.0159 0.9510 -0.3087
vn 0.3328 0.7841 0.5238
vn 0.1381 0.8722 0.4692
vn 0.0161 0.9273 -0.3740
vn 0.0233 0.8954 -0.4446
vn 0.0394 0.9339 -0.3552
vn 0.0006 0.9988 0.0497
vn 0.0270 0.9987 -0.0427
vn -0.0314 -0.3990 0.9164
vn -0.0129 -0.3592 0.9332
vn -0.0337 -0.2462 0.9686
vn -0.0789 -0.2239 0.9714
vn 0.0080 0.9277 -0.3733
vn -0.0034 0.9260 -0.3776
vn -0.0309 0.9198 -0.3912
vn -0.0562 0.9565 -0.2864
vn -0.0725 0.9974 -0.0051
vn -0.0204 0.9846 0.1737
vn -0.1353 0.9668 0.2168
vn -0.0187 0.9741 0.2252
vn -0.2423 0.9536 0.1786
vn 0.0535 0.9820 0.1809
vn -0.5840 0.7511 0.3079
vn -0.8044 0.3461 0.4829
vn -0.7602 0.3317 0.5586
vn -0.3202 0.2600 0.9110
vn -0.5017 0.0863 0.8607
vn -0.1131 0.4115 0.9044
vn -0.1066 0.0160 0.9942
vn -0.6783 -0.0006 0.7348
vn -0.8168 0.2171 0.5344
vn -0.8741 0.0160 0.4855
vn -0.8499 -0.2312 0.4735
vn -0.7977 -0.2532 0.5474
vn -0.0754 -0.3521 0.9329
vn -0.0505 -0.4264 0.9031
vn -0.0664 0.9613 0.2673
vn -0.1381 -0.1658 0.9764
vn 0.9931 0.0886 0.0772
vn 0.9808 0.1945 -0.0119
vn 0.7964 0.6001 -0.0744
vn 0.6373 0.7705 -0.0133
vn 0.4212 0.9069 0.0068
vn 0.9141 0.3967 -0.0836
vn 0.9764 0.2156 0.0132
vn 0.9658 0.2563 -0.0405
vn 0.1942 0.9809 -0.0075
vn 0.1137 0.9934 -0.0160
vn 0.1175 0.9928 0.0252
vn -0.0886 0.9768 0.1951
vn -0.1454 0.9811 0.1277
vn -0.0224 0.9946 0.1010
vn 0.0955 0.9918 0.0852
vn -0.2903 0.2846 0.9136
vn -0.3021 0.7522 0.5856
vn -0.2777 0.9007 0.3342
vn 0.9288 -0.0819 0.3614
vn 0.9240 0.0978 0.3696
vn 0.9677 0.0349 0.2498
vn 0.9817 0.0724 0.1759
vn 0.5933 0.7992 0.0962
vn -0.0821 0.9956 -0.0444
vn -0.0555 0.9947 -0.0871
vn 0.2903 0.9516 0.1008
vn 0.1204 0.9921 -0.0356
vn -0.0833 0.9793 0.1842
vn -0.0736 0.9895 0.1244
vn 0.3488 0.9130 0.2117
vn 0.3354 0.8537 0.3983
vn 0.0600 0.9551 0.2900
vn 0.0165 0.9010 -0.4335
vn 0.0317 0.9312 -0.3631
vn 0.0123 0.9916 -0.1288
vn -0.0788 0.9649 0.2504
vn -0.0700 0.9849 0.1580
vn -0.0443 -0.2633 0.9637
vn -0.0259 -0.2552 0.9665
vn -0.0070 0.1474 0.9891
vn -0.1031 0.1787 0.9785
vn 0.0010 0.9014 -0.4331
vn -0.0193 0.8977 -0.4402
vn -0.0516 0.8903 -0.4524
vn -0.1021 0.9096 -0.4028
vn -0.1833 0.9302 -0.3181
vn -0.2243 0.9694 -0.0999
vn -0.2747 0.9594 0.0645
vn -0.4358 0.8850 0.1637
vn -0.3323 0.9221 0.1982
vn -0.6466 0.7371 0.1967
vn -0.8573 0.3752 0.3525
vn -0.8620 0.1732 0.4764
vn -0.3818 0.0470 0.9230
vn -0.2329 0.0780 0.9694
vn -0.1251 -0.3040 0.9444
vn -0.7043 -0.2592 0.6609
vn -0.9005 -0.0170 0.4345
vn -0.8775 -0.2303 0.4206
vn -0.8141 -0.3845 0.4352
vn -0.7603 -0.4158 0.4990
vn -0.0701 -0.4344 0.8980
vn -0.0622 -0.2865 0.9560
vn -0.2363 0.2303 0.9440
vn 0.9847 0.1492 0.0895
vn 0.7954 0.6057 -0.0215
vn 0.9028 0.4259 -0.0601
vn 0.6429 0.7659 0.0020
vn 0.4210 0.9071 0.0032
vn 0.9596 0.2759 -0.0561
vn 0.9837 0.1639 0.0735
vn 0.9807 0.1946 -0.0198
vn 0.1845 0.9826 -0.0206
vn 0.1542 0.9880 0.0128
vn 0.1781 0.9814 0.0719
vn -0.0551 0.9800 0.1914
vn -0.0658 0.9833 0.1697
vn 0.0487 0.9874 0.1504
vn 0.1604 0.9781 0.1329
vn -0.3358 0.7344 0.5898
vn -0.2894 0.9307 0.2235
vn 0.9404 -0.0042 0.3400
vn 0.9533 -0.0572 0.2965
vn 0.8322 0.5242 0.1808
vn 0.9805 0.1015 0.1680
vn 0.0336 0.9603 -0.2771
vn 0.0136 0.9878 -0.1549
vn -0.1891 0.9603 -0.2053
vn -0.1985 0.9572 -0.2108
vn 0.2488 0.9636 0.0980
vn -0.0006 0.9686 0.2486
vn -0.1041 0.9449 0.3103
vn -0.1072 0.9473 0.3018
vn 0.4263 0.8733 0.2358
vn 0.1769 0.9470 0.2682
vn 0.0094 0.9254 -0.3790
vn 0.0034 0.9807 -0.1954
vn -0.0722 0.9959 0.0548
vn -0.1301 0.9672 0.2182
vn -0.1417 0.9704 0.1957
vn -0.0296 0.1197 0.9924
vn 0.0088 0.1386 0.9903
vn 0.0436 0.6866 0.7257
vn -0.0900 0.7140 0.6943
vn -0.0174 0.9149 -0.4033
vn -0.0453 0.9004 -0.4327
vn -0.0794 0.8830 -0.4626
vn -0.1148 0.8817 -0.4577
vn -0.2040 0.8943 -0.3982
vn -0.2924 0.9026 -0.3158
vn -0.3710 0.9176 -0.1425
vn -0.5386 0.8424 0.0156
vn -0.6983 0.6925 0.1808
vn -0.7593 0.6375 0.1303
vn -0.8962 0.3879 0.2153
vn -0.9174 0.1720 0.3588
vn -0.5815 -0.2177 0.7838
vn -0.4165 -0.1957 0.8878
vn -0.2384 -0.2351 0.9423
vn -0.1234 -0.4463 0.8863
vn -0.6919 -0.4380 0.5740
vn -0.9404 -0.0442 0.3371
vn -0.8971 -0.2455 0.3674
vn -0.8537 -0.3638 0.3725
vn -0.7626 -0.4636 0.4510
vn -0.6804 -0.5498 0.4845
vn -0.0710 -0.3142 0.9467
vn -0.0536 0.0912 0.9944
vn -0.2568 0.7215 0.6431
vn 0.8969 0.4418 -0.0203
vn 0.7910 0.6118 0.0049
vn 0.9567 0.2876 -0.0438
vn 0.6407 0.7677 0.0123
vn 0.4003 0.9163 0.0121
vn 0.9804 0.1876 -0.0607
vn 0.9919 0.0190 0.1258
vn 0.9991 0.0416 -0.0067
vn 0.1755 0.9844 -0.0113
vn 0.2191 0.9739 0.0586
vn 0.2398 0.9624 0.1279
vn -0.0152 0.9729 0.2309
vn 0.0122 0.9760 0.2176
vn 0.1165 0.9746 0.1911
vn 0.2130 0.9604 0.1795
vn -0.3601 0.7113 0.6036
vn -0.3026 0.9385 0.1661
vn 0.8869 0.4016 0.2283
vn 0.9509 -0.0501 0.3053
vn 0.9739 -0.0204 0.2262
vn -0.0660 0.9486 -0.3095
vn 0.4261 0.8946 -0.1349
vn -0.1726 0.9494 -0.2622
vn -0.1999 0.9143 -0.3523
vn 0.3748 0.9079 0.1879
vn 0.1570 0.9414 0.2986
vn -0.0362 0.9515 0.3054
vn -0.0924 0.9744 0.2047
vn -0.1195 0.9681 0.2202
vn 0.2149 0.9428 0.2548
vn 0.4332 0.8713 0.2308
vn -0.0220 0.9687 -0.2471
vn -0.0705 0.9965 -0.0443
vn -0.1494 0.9772 0.1507
vn -0.1315 0.9814 0.1402
vn -0.1583 0.9755 0.1527
vn 0.0598 0.6739 0.7364
vn 0.0010 0.6593 0.7519
vn 0.0830 0.9696 0.2302
vn -0.0329 0.9775 0.2081
vn -0.0576 0.9540 -0.2942
vn -0.0877 0.9362 -0.3403
vn -0.1199 0.9164 -0.3818
vn -0.1240 0.8665 -0.4835
vn -0.1920 0.8760 -0.4425
vn -0.2866 0.8807 -0.3770
vn -0.4027 0.8705 -0.2830
vn -0.6053 0.7835 -0.1404
vn -0.8150 0.5795 -0.0017
vn -0.9351 0.3375 0.1077
vn -0.9136 0.3717 0.1646
vn -0.9575 0.1802 0.2252
vn -0.4300 -0.4595 0.7771
vn -0.5977 -0.4448 0.6670
vn -0.2394 -0.4585 0.8558
vn -0.1918 -0.3768 0.9062
vn -0.6186 -0.6088 0.4967
vn -0.9721 -0.0504 0.2289
vn -0.9184 -0.2618 0.2966
vn -0.8738 -0.3568 0.3306
vn -0.8402 -0.3937 0.3728
vn -0.6905 -0.4988 0.5238
vn -0.6152 -0.5805 0.5334
vn -0.0485 0.0679 0.9965
vn -0.0100 0.6391 0.7690
vn -0.1811 0.9657 0.1862
vn 0.8923 0.4512 0.0136
vn 0.9550 0.2961 -0.0161
vn 0.7783 0.6273 0.0282
vn 0.9838 0.1742 -0.0424
vn 0.6222 0.7809 0.0545
vn 0.3505 0.9361 0.0292
vn 0.9961 0.0374 -0.0801
vn 0.9941 -0.1084 -0.0026
vn 0.9859 -0.0907 0.1407
vn 0.1876 0.9822 0.0049
vn 0.3028 0.9502 0.0737
vn 0.3015 0.9414 0.1515
vn 0.0366 0.9587 0.2820
vn 0.0850 0.9640 0.2521
vn 0.1720 0.9594 0.2236
vn 0.2581 0.9442 0.2046
vn -0.2933 0.9403 0.1729
vn -0.2626 0.9641 -0.0393
vn -0.2548 0.9665 -0.0308
vn 0.4339 0.9009 -0.0079
vn 0.9125 0.3177 0.2575
vn 0.9678 -0.0711 0.2414
vn -0.1894 0.9612 -0.2004
vn -0.3092 0.8870 -0.3430
vn 0.3788 0.8875 0.2623
vn 0.3070 0.8950 0.3235
vn 0.1250 0.9438 0.3060
vn -0.0210 0.9842 0.1761
vn -0.0617 0.9950 0.0786
vn -0.1021 0.9880 0.1156
vn 0.2004 0.9297 0.3090
vn -0.0835 0.9880 -0.1302
vn -0.1551 0.9844 0.0829
vn -0.1825 0.9712 0.1534
vn -0.1105 0.9915 0.0685
vn -0.1516 0.9843 0.0901
vn 0.0325 0.9371 0.3475
vn 0.0899 0.9645 0.2482
vn 0.0064 0.9983 -0.0578
vn 0.0951 0.9945 -0.0445
vn -0.1082 0.9753 -0.1923
vn -0.1324 0.9626 -0.2364
vn -0.1612 0.9483 -0.2734
vn -0.1492 0.8971 -0.4158
vn -0.1700 0.8634 -0.4751
vn -0.2711 0.8670 -0.4182
vn -0.5177 0.7868 -0.3361
vn -0.6215 0.7440 -0.2453
vn -0.8398 0.5291 -0.1216
vn -0.9496 0.3135 0.0086
vn -0.9815 0.1634 0.0993
vn -0.9719 0.1772 0.1550
vn -0.5464 -0.6365 0.5443
vn -0.4084 -0.6635 0.6268
vn -0.4166 -0.5007 0.7588
vn -0.2707 0.0215 0.9624
vn -0.6006 -0.6155 0.5103
vn -0.9855 -0.0448 0.1639
vn -0.9377 -0.2636 0.2264
vn -0.8907 -0.3539 0.2853
vn -0.8141 -0.3943 0.4264
vn -0.7026 -0.1347 0.6987
vn -0.7066 -0.1363 0.6944
vn 0.0227 0.6099 0.7922
vn 0.0173 0.8488 0.5284
vn -0.1235 0.9906 -0.0593
vn 0.9545 0.2979 0.0127
vn 0.8862 0.4613 0.0429
vn 0.9846 0.1741 -0.0140
vn 0.7620 0.6426 0.0801
vn 0.9979 0.0186 -0.0624
vn 0.5787 0.8091 0.1017
vn 0.2914 0.9562 0.0268
vn 0.9833 -0.1425 -0.1137
vn 0.9671 0.2281 0.1130
vn 0.9816 0.1798 -0.0645
vn 0.2313 0.9729 -0.0049
vn 0.3941 0.9141 0.0952
vn 0.3567 0.9186 0.1703
vn 0.1049 0.9421 0.3185
vn 0.1496 0.9503 0.2730
vn 0.2164 0.9449 0.2457
vn 0.2980 0.9310 0.2110
vn -0.2355 0.9704 -0.0542
vn 0.4465 0.8909 0.0837
vn 0.9396 0.2670 0.2144
vn -0.4182 0.8741 -0.2472
vn -0.2121 0.9694 -0.1233
vn 0.3173 0.8795 0.3546
vn 0.2708 0.9084 0.3184
vn 0.1085 0.9805 0.1639
vn 0.0103 0.9991 0.0412
vn -0.0171 0.9998 -0.0142
vn -0.0656 0.9973 0.0316
vn 0.2056 0.9083 0.3643
vn -0.1594 0.9872 0.0028
vn -0.2023 0.9692 0.1406
vn -0.1875 0.9772 0.0995
vn -0.0851 0.9963 -0.0099
vn -0.1459 0.9893 0.0068
vn 0.0572 0.9984 0.0015
vn 0.0940 0.9955 -0.0154
vn -0.1606 0.9847 -0.0670
vn -0.1942 0.9696 -0.1491
vn -0.1691 0.9788 -0.1158
vn -0.1882 0.9323 -0.3089
vn -0.1725 0.8817 -0.4392
vn -0.2593 0.8490 -0.4604
vn -0.5230 0.7578 -0.3901
vn -0.8316 0.5207 -0.1934
vn -0.9471 0.3104 -0.0821
vn -0.9872 0.1558 0.0333
vn -0.9929 -0.0405 0.1120
vn -0.5865 -0.6111 0.5316
vn -0.6508 -0.0603 0.7569
vn -0.2177 0.6157 0.7573
vn -0.7399 -0.1313 0.6598
vn -0.9514 -0.2486 0.1817
vn -0.9099 -0.3430 0.2332
vn -0.8204 -0.0781 0.5664
vn -0.8921 -0.3341 0.3042
vn -0.8791 -0.3717 0.2983
vn -0.5729 0.5239 0.6303
vn -0.5774 0.5597 0.5944
vn 0.0587 0.8187 0.5711
vn 0.9851 0.1722 0.0045
vn 0.9562 0.2906 0.0355
vn 0.8818 0.4645 0.0819
vn 0.9992 -0.0146 -0.0382
vn 0.7426 0.6535 0.1469
vn 0.9682 -0.2126 -0.1323
vn 0.5141 0.8502 0.1135
vn 0.2511 0.9678 -0.0174
vn 0.9610 0.0716 -0.2672
vn 0.5287 0.8288 -0.1833
vn 0.5086 0.8607 0.0211
vn 0.3108 0.9504 -0.0129
vn 0.4696 0.8707 0.1463
vn 0.3871 0.9026 0.1883
vn 0.1705 0.9301 0.3254
vn 0.1964 0.9393 0.2813
vn 0.2497 0.9386 0.2381
vn 0.3112 0.9316 0.1877
vn 0.4872 0.8689 0.0879
vn -0.4307 0.8807 -0.1969
vn -0.1130 0.9900 -0.0844
vn 0.2838 0.8939 0.3470
vn 0.2157 0.9546 0.2054
vn 0.0932 0.9952 0.0284
vn 0.0410 0.9977 -0.0542
vn 0.0268 0.9962 -0.0832
vn -0.0246 0.9988 -0.0433
vn 0.2277 0.9061 0.3566
vn -0.2088 0.9711 0.1158
vn -0.2111 0.9716 0.1065
vn -0.1886 0.9820 0.0123
vn -0.0650 0.9925 -0.1033
vn -0.1409 0.9861 -0.0876
vn -0.1970 0.9767 0.0848
vn -0.2217 0.9588 -0.1777
vn -0.1890 0.9802 0.0581
vn -0.2105 0.9768 0.0387
vn -0.2044 0.9167 -0.3433
vn -0.2611 0.8551 -0.4480
vn -0.5215 0.7383 -0.4277
vn -0.7906 0.5260 -0.3135
vn -0.8090 0.5310 -0.2522
vn -0.9383 0.3234 -0.1229
vn -0.9862 0.1622 -0.0321
vn -0.9971 -0.0357 0.0667
vn -0.9655 -0.2253 0.1309
vn -0.7709 -0.1200 0.6255
vn -0.5904 0.5889 0.5519
vn -0.1499 0.8272 0.5416
vn -0.6078 0.5785 0.5441
vn -0.9235 -0.3271 0.2004
vn -0.8992 -0.3670 0.2381
vn -0.9270 0.0017 0.3751
vn -0.6328 0.5316 0.5630
vn -0.9134 -0.3284 0.2405
vn -0.3281 0.8845 0.3315
vn -0.3023 0.8729 0.3829
vn 0.9975 -0.0632 -0.0302
vn 0.9866 0.1625 0.0111
vn 0.9606 0.2719 0.0575
vn 0.8826 0.4490 0.1390
vn 0.9409 -0.3135 -0.1280
vn 0.7156 0.6731 0.1867
vn 0.4510 0.8912 0.0480
vn 0.2569 0.9626 -0.0864
vn 0.5142 0.7522 -0.4120
vn 0.0840 0.9944 -0.0639
vn 0.1006 0.9738 -0.2038
vn 0.4163 0.9083 0.0404
vn 0.3786 0.9149 0.1401
vn 0.5084 0.8461 0.1603
vn 0.2080 0.9292 0.3056
vn 0.2187 0.9427 0.2520
vn 0.2557 0.9514 0.1717
vn 0.2807 0.9563 0.0815
vn -0.4081 0.8904 -0.2014
vn 0.0613 0.9981 -0.0079
vn 0.2416 0.9316 0.2717
vn 0.1440 0.9876 0.0627
vn 0.0878 0.9936 -0.0715
vn 0.0682 0.9910 -0.1148
vn 0.0086 0.9919 -0.1267
vn 0.0578 0.9868 -0.1512
vn 0.2313 0.9232 0.3070
vn -0.2155 0.9693 0.1186
vn -0.2082 0.9779 0.0188
vn -0.1893 0.9787 -0.0797
vn -0.1274 0.9761 -0.1759
vn -0.0464 0.9792 -0.1974
vn -0.1954 0.9710 0.1379
vn -0.2381 0.9711 0.0174
vn -0.2359 0.9501 -0.2042
vn -0.1793 0.9707 0.1602
vn -0.2023 0.9629 0.1788
vn -0.2805 0.8875 -0.3656
vn -0.5160 0.7509 -0.4120
vn -0.7715 0.5404 -0.3360
vn -0.9106 0.3475 -0.2238
vn -0.9266 0.3358 -0.1693
vn -0.9822 0.1739 -0.0707
vn -0.9993 -0.0270 0.0245
vn -0.9380 -0.3072 0.1605
vn -0.6672 0.5681 0.4818
vn -0.4408 0.8135 0.3794
vn -0.3617 0.8722 0.3292
vn -0.9076 -0.3622 0.2125
vn -0.7041 0.5944 0.3885
vn -0.9744 0.0215 0.2238
vn -0.2646 0.8845 0.3842
vn -0.9159 -0.3514 0.1942
vn -0.1542 0.9531 0.2606
vn -0.2208 0.9508 0.2171
vn 0.8991 -0.4216 -0.1178
vn 0.9948 -0.0973 -0.0291
vn 0.9908 0.1347 0.0165
vn 0.9684 0.2336 0.0873
vn 0.8900 0.4152 0.1882
vn 0.9266 -0.3162 -0.2033
vn 0.8614 -0.4401 -0.2534
vn 0.6878 0.7137 0.1326
vn 0.4090 0.9091 -0.0793
vn 0.3247 0.9421 -0.0838
vn -0.1364 0.9437 -0.3014
vn 0.6745 0.5517 -0.4906
vn 0.9236 -0.0609 -0.3785
vn 0.5097 0.8542 0.1026
vn 0.5265 0.8480 0.0602
vn 0.3378 0.9411 0.0109
vn 0.2061 0.9480 0.2425
vn 0.2064 0.9680 0.1425
vn 0.2227 0.9747 0.0191
vn 0.2070 0.9753 -0.0773
vn 0.1736 0.9760 0.1311
vn 0.0996 0.9931 -0.0624
vn 0.0932 0.9869 -0.1314
vn 0.0865 0.9819 -0.1688
vn 0.0737 0.9716 -0.2250
vn 0.0290 0.9764 -0.2142
vn 0.1963 0.9600 0.1997
vn -0.2032 0.9786 0.0326
vn -0.2084 0.9749 -0.0780
vn -0.1881 0.9688 -0.1613
vn -0.0294 0.9528 -0.3023
vn -0.1073 0.9523 -0.2856
vn -0.1695 0.9838 0.0589
vn -0.2458 0.9530 0.1770
vn -0.2600 0.9655 -0.0135
vn -0.3109 0.9229 -0.2274
vn -0.1457 0.9841 0.1019
vn -0.1686 0.9730 0.1578
vn -0.5097 0.7870 -0.3476
vn -0.7509 0.5766 -0.3222
vn -0.9015 0.3628 -0.2361
vn -0.9768 0.1697 -0.1307
vn -0.9776 0.1852 -0.1004
vn -0.9997 -0.0165 -0.0179
vn -0.9770 -0.1970 0.0814
vn -0.9163 -0.3579 0.1799
vn -0.9505 -0.2847 0.1242
vn -0.4805 0.8168 0.3192
vn -0.2306 0.9473 0.2225
vn -0.7614 0.6332 0.1390
vn -0.3314 0.8881 0.3187
vn -0.9968 -0.0564 0.0574
vn -0.0729 0.9567 0.2818
vn -0.9033 -0.4005 0.1539
vn 0.8265 -0.5208 -0.2136
vn 0.8667 -0.4906 -0.0898
vn 0.9936 -0.1103 -0.0259
vn 0.9959 0.0877 0.0223
vn 0.9795 0.1648 0.1158
vn 0.9042 0.3932 0.1665
vn 0.9110 -0.1052 -0.3988
vn 0.6565 0.7541 -0.0156
vn 0.4048 0.9024 -0.1480
vn 0.4314 0.9020 -0.0183
vn 0.1096 0.9218 -0.3719
vn -0.3007 0.9294 -0.2142
vn 0.6813 0.5935 -0.4286
vn 0.5753 0.8167 0.0441
vn 0.5176 0.8338 -0.1919
vn 0.3069 0.9221 -0.2358
vn 0.1658 0.9817 0.0932
vn 0.1600 0.9864 -0.0388
vn 0.1645 0.9742 -0.1544
vn 0.1501 0.9563 -0.2511
vn 0.1079 0.9938 -0.0282
vn 0.0901 0.9862 -0.1392
vn 0.1034 0.9780 -0.1811
vn 0.0955 0.9680 -0.2322
vn 0.0783 0.9467 -0.3125
vn 0.0392 0.9497 -0.3107
vn 0.1304 0.9910 0.0298
vn -0.1953 0.9778 -0.0762
vn -0.2149 0.9632 -0.1618
vn -0.1774 0.9480 -0.2641
vn -0.0167 0.9075 -0.4197
vn -0.0856 0.9098 -0.4060
vn -0.1469 0.9870 -0.0655
vn -0.2360 0.9490 0.2089
vn -0.2890 0.9462 0.1453
vn -0.3495 0.9354 -0.0540
vn -0.5211 0.8218 -0.2305
vn -0.1053 0.9938 -0.0357
vn -0.1170 0.9929 0.0200
vn -0.7362 0.6161 -0.2801
vn -0.8942 0.3860 -0.2266
vn -0.9862 0.1058 -0.1272
vn -0.9975 -0.0027 -0.0703
vn -0.9989 -0.0141 -0.0440
vn -0.9851 -0.1690 0.0332
vn -0.9231 -0.3523 0.1542
vn -0.9624 -0.2587 0.0829
vn -0.8042 0.5683 -0.1741
vn -0.5203 0.8499 0.0837
vn -0.0465 0.9638 0.2626
vn -0.9838 -0.1788 -0.0086
vn -0.8838 -0.4412 0.1560
vn 0.9548 -0.1089 -0.2764
vn 0.8196 -0.5586 -0.1274
vn 0.8602 -0.5059 -0.0642
vn 0.9918 -0.1233 -0.0342
vn 0.9995 0.0196 0.0266
vn 0.9900 0.0833 0.1136
vn 0.9164 0.3979 0.0441
vn 0.6221 0.7693 -0.1454
vn 0.4542 0.8824 -0.1230
vn 0.5283 0.8485 -0.0296
vn -0.4588 0.8724 -0.1687
vn -0.4862 0.8667 -0.1118
vn -0.3549 0.9305 -0.0906
vn 0.0766 0.9663 -0.2457
vn 0.7235 0.6551 -0.2178
vn 0.5893 0.7953 -0.1427
vn 0.3010 0.8334 -0.4635
vn 0.4534 0.7783 -0.4343
vn 0.1121 0.9897 -0.0895
vn 0.1135 0.9732 -0.1999
vn 0.1184 0.9552 -0.2711
vn 0.1595 0.8886 -0.4299
vn 0.0775 0.9873 -0.1388
vn 0.1006 0.9755 -0.1955
vn 0.1109 0.9651 -0.2371
vn 0.0979 0.9448 -0.3125
vn 0.0792 0.9026 -0.4232
vn 0.0430 0.9050 -0.4233
vn 0.0781 0.9892 -0.1243
vn -0.1944 0.9667 -0.1665
vn -0.2145 0.9447 -0.2481
vn -0.1487 0.9134 -0.3789
vn -0.0544 0.8490 -0.5256
vn -0.0013 0.8375 -0.5464
vn -0.1343 0.9773 -0.1637
vn -0.1867 0.9771 0.1020
vn -0.3204 0.9219 0.2179
vn -0.3968 0.9127 0.0981
vn -0.5489 0.8316 -0.0843
vn -0.7333 0.6498 -0.2001
vn -0.0755 0.9860 -0.1487
vn -0.0707 0.9906 -0.1169
vn -0.8879 0.4135 -0.2016
vn -0.9839 0.1225 -0.1298
vn -0.9920 -0.1207 -0.0367
vn -0.9894 -0.1449 -0.0082
vn -0.9314 -0.3430 0.1217
vn -0.9717 -0.2339 0.0342
vn -0.8117 0.5164 -0.2727
vn -0.3069 0.9149 -0.2622
vn -0.9711 -0.2254 0.0783
vn -0.8825 -0.4442 0.1546
vn 0.9905 -0.1029 -0.0916
vn 0.8223 -0.5656 -0.0624
vn 0.8656 -0.4961 -0.0672
vn 0.9872 -0.1539 -0.0419
vn 0.9978 -0.0606 0.0279
vn 0.9984 0.0290 0.0491
vn 0.9027 0.4172 -0.1054
vn 0.6204 0.7619 -0.1860
vn 0.5205 0.8467 -0.1101
vn 0.5820 0.8010 -0.1401
vn -0.5196 0.8540 -0.0278
vn -0.3416 0.9397 -0.0145
vn 0.0996 0.9919 -0.0794
vn 0.7604 0.6492 0.0173
vn 0.5388 0.7620 -0.3592
vn 0.3009 0.7671 -0.5666
vn 0.3893 0.6999 -0.5988
vn 0.0800 0.9728 -0.2173
vn 0.0887 0.9524 -0.2916
vn 0.1070 0.9110 -0.3982
vn 0.1925 0.8028 -0.5644
vn 0.0799 0.9740 -0.2118
vn 0.1189 0.9617 -0.2470
vn 0.1144 0.9422 -0.3148
vn 0.1011 0.8986 -0.4269
vn 0.0465 0.8316 -0.5535
vn 0.0846 0.8263 -0.5569
vn 0.0656 0.9725 -0.2233
vn -0.1921 0.9512 -0.2414
vn -0.1940 0.9177 -0.3467
vn -0.1056 0.8644 -0.4917
vn 0.0229 0.7333 -0.6795
vn -0.0125 0.7526 -0.6584
vn -0.1263 0.9633 -0.2370
vn -0.1368 0.9878 -0.0742
vn -0.3400 0.9256 0.1662
vn -0.4553 0.8727 0.1763
vn -0.5877 0.8076 0.0502
vn -0.7451 0.6605 -0.0931
vn -0.8869 0.4370 -0.1497
vn -0.0622 0.9709 -0.2314
vn -0.0544 0.9716 -0.2304
vn -0.9835 0.1411 -0.1130
vn -0.9947 -0.0868 -0.0558
vn -0.9937 -0.0986 -0.0530
vn -0.9757 -0.2191 -0.0012
vn -0.9389 -0.3373 0.0690
vn -0.8244 0.5580 -0.0950
vn -0.1441 0.9380 -0.3151
vn -0.9616 -0.2095 0.1770
vn -0.8970 -0.4313 0.0969
vn 0.9965 -0.0756 0.0363
vn 0.8256 -0.5619 -0.0507
vn 0.8710 -0.4856 -0.0742
vn 0.9774 -0.2060 -0.0486
vn 0.9917 -0.1282 0.0090
vn 0.9981 0.0259 -0.0557
vn 0.8728 0.4464 -0.1971
vn 0.6404 0.7455 -0.1848
vn 0.6325 0.7503 -0.1925
vn 0.5975 0.7441 -0.2987
vn -0.5190 0.8548 0.0014
vn 0.1481 0.9865 0.0698
vn -0.3083 0.9499 0.0520
vn 0.7369 0.6497 0.1868
vn 0.4796 0.6934 -0.5377
vn 0.0685 0.9521 -0.2980
vn 0.0811 0.9173 -0.3898
vn 0.1213 0.8284 -0.5468
vn 0.2928 0.6882 -0.6639
vn 0.2084 0.7099 -0.6728
vn 0.0983 0.9586 -0.2671
vn 0.1303 0.9373 -0.3234
vn 0.1182 0.8929 -0.4345
vn 0.1090 0.8191 -0.5632
vn 0.0561 0.7207 -0.6910
vn 0.0888 0.7152 -0.6933
vn 0.0776 0.9544 -0.2881
vn -0.1842 0.9264 -0.3283
vn -0.1603 0.8748 -0.4573
vn -0.0594 0.7729 -0.6318
vn 0.0487 0.6269 -0.7776
vn 0.0221 0.6418 -0.7665
vn -0.1229 0.9374 -0.3259
vn -0.1361 0.9602 -0.2440
vn -0.3533 0.9350 -0.0308
vn -0.5392 0.8287 0.1498
vn -0.6374 0.7614 0.1183
vn -0.7667 0.6418 0.0131
vn -0.8901 0.4487 -0.0805
vn -0.9837 0.1613 -0.0801
vn -0.0693 0.9394 -0.3357
vn -0.0730 0.9293 -0.3620
vn -0.9968 -0.0672 -0.0435
vn -0.9769 -0.2131 -0.0166
vn -0.9754 -0.2197 -0.0191
vn -0.9380 -0.3461 0.0178
vn -0.7968 0.5911 0.1251
vn -0.0973 0.9782 -0.1835
vn 0.1643 0.9539 -0.2512
vn 0.1083 0.9603 -0.2570
vn -0.9784 -0.1602 0.1309
vn -0.9023 -0.4307 0.0194
vn 0.9967 -0.0509 0.0625
vn 0.8280 -0.5568 -0.0664
vn 0.8651 -0.4934 -0.0905
vn 0.9620 -0.2689 -0.0476
vn 0.9872 -0.1560 -0.0335
vn 0.9870 0.0627 -0.1480
vn 0.8505 0.4719 -0.2321
vn 0.6460 0.7001 -0.3042
vn 0.5887 0.6733 -0.4473
vn -0.5138 0.8569 0.0421
vn -0.2791 0.9373 0.2089
vn 0.1781 0.9565 0.2311
vn 0.7075 0.6648 0.2398
vn 0.4615 0.5246 -0.7154
vn 0.3703 0.5459 -0.7516
vn 0.0783 0.9210 -0.3817
vn 0.0903 0.8450 -0.5271
vn 0.1439 0.7331 -0.6647
vn 0.2218 0.5765 -0.7864
vn 0.2922 0.5592 -0.7758
vn 0.1186 0.9325 -0.3411
vn 0.1342 0.8853 -0.4452
vn 0.1219 0.8128 -0.5696
vn 0.1127 0.7148 -0.6902
vn 0.0872 0.6136 -0.7848
vn 0.0666 0.6161 -0.7849
vn 0.0948 0.9269 -0.3631
vn -0.1733 0.8819 -0.4383
vn -0.1209 0.7870 -0.6050
vn -0.0268 0.6523 -0.7575
vn 0.0622 0.5216 -0.8509
vn 0.0355 0.5205 -0.8531
vn -0.1319 0.8854 -0.4456
vn -0.1758 0.8960 -0.4078
vn -0.3705 0.8924 -0.2577
vn -0.6157 0.7879 -0.0118
vn -0.6998 0.7088 0.0888
vn -0.7957 0.6015 0.0713
vn -0.8987 0.4385 -0.0041
vn -0.9832 0.1784 -0.0395
vn -0.9986 -0.0489 -0.0217
vn -0.0967 0.8757 -0.4730
vn -0.1125 0.8496 -0.5152
vn -0.9796 -0.2009 0.0032
vn -0.9175 -0.3976 0.0143
vn -0.9278 -0.3731 -0.0052
vn -0.0530 0.9985 0.0129
vn -0.7542 0.6449 0.1235
vn 0.2489 0.9525 -0.1756
vn -0.9946 -0.1041 0.0040
vn -0.8939 -0.4477 -0.0208
vn 0.9995 -0.0300 -0.0027
vn 0.8253 -0.5552 -0.1035
vn 0.8448 -0.5267 -0.0938
vn 0.9486 -0.3143 -0.0357
vn 0.9834 -0.1498 -0.1025
vn 0.9684 0.0974 -0.2296
vn 0.8299 0.4838 -0.2778
vn 0.7968 0.4576 -0.3947
vn 0.5949 0.4851 -0.6409
vn -0.5098 0.8404 0.1840
vn -0.2475 0.9203 0.3029
vn 0.1661 0.9329 0.3195
vn 0.6692 0.7325 0.1251
vn 0.4826 0.2531 -0.8385
vn 0.3877 0.3325 -0.8597
vn 0.0918 0.8560 -0.5087
vn 0.1096 0.7529 -0.6489
vn 0.1689 0.6022 -0.7803
vn 0.3006 0.3894 -0.8706
vn 0.2372 0.4249 -0.8736
vn 0.1316 0.8751 -0.4657
vn 0.1348 0.8054 -0.5771
vn 0.1214 0.7171 -0.6863
vn 0.1085 0.6160 -0.7802
vn 0.0887 0.5139 -0.8533
vn 0.0737 0.5187 -0.8518
vn 0.1105 0.8657 -0.4883
vn -0.1533 0.7974 -0.5837
vn -0.0834 0.6596 -0.7470
vn -0.0143 0.5149 -0.8571
vn 0.0612 0.3644 -0.9292
vn 0.0330 0.3559 -0.9339
vn -0.1463 0.8001 -0.5818
vn -0.4050 0.7942 -0.4531
vn -0.2325 0.7875 -0.5708
vn -0.6449 0.7246 -0.2428
vn -0.7596 0.6497 -0.0313
vn -0.8321 0.5524 0.0494
vn -0.9152 0.4012 0.0376
vn -0.9840 0.1783 0.0025
vn -0.9993 -0.0380 -0.0002
vn -0.9815 -0.1904 0.0180
vn -0.1330 0.7811 -0.6101
vn -0.1658 0.7356 -0.6569
vn -0.9042 -0.4243 0.0496
vn -0.8798 -0.4753 -0.0047
vn -0.0072 0.9977 0.0678
vn 0.2835 0.9587 -0.0218
vn -0.7054 0.7081 -0.0302
vn -0.9928 -0.0815 -0.0882
vn 0.9930 -0.0095 -0.1177
vn 0.8091 -0.5710 -0.1390
vn 0.8172 -0.5743 -0.0499
vn 0.9381 -0.3364 -0.0830
vn 0.9659 -0.1446 -0.2149
vn 0.9357 0.0910 -0.3408
vn 0.6940 0.4622 -0.5521
vn 0.8634 0.0685 -0.4999
vn 0.6045 0.1590 -0.7806
vn -0.4586 0.8514 0.2547
vn -0.2258 0.9515 0.2091
vn 0.1155 0.9728 0.2008
vn 0.6320 0.7730 -0.0559
vn 0.4296 0.1297 -0.8937
vn 0.5217 0.0378 -0.8523
vn 0.1077 0.7648 -0.6352
vn 0.1322 0.6269 -0.7678
vn 0.1912 0.4531 -0.8707
vn 0.3302 0.2100 -0.9202
vn 0.2595 0.2677 -0.9279
vn 0.1321 0.7813 -0.6100
vn 0.1280 0.7205 -0.6815
vn 0.1186 0.6198 -0.7757
vn 0.1061 0.5106 -0.8533
vn 0.0914 0.3661 -0.9261
vn 0.0767 0.3673 -0.9269
vn 0.1193 0.7712 -0.6253
vn -0.1241 0.6668 -0.7349
vn -0.0639 0.5063 -0.8600
vn -0.0101 0.3473 -0.9377
vn 0.0542 0.2247 -0.9729
vn 0.0298 0.2218 -0.9746
vn -0.1508 0.6603 -0.7357
vn -0.6329 0.6350 -0.4430
vn -0.4303 0.6720 -0.6027
vn -0.2799 0.6588 -0.6983
vn -0.7825 0.5824 -0.2201
vn -0.8619 0.5052 -0.0442
vn -0.9377 0.3466 0.0236
vn -0.9876 0.1553 0.0214
vn -0.9989 -0.0433 0.0166
vn -0.9817 -0.1894 0.0223
vn -0.8930 -0.4456 0.0634
vn -0.1624 0.6348 -0.7555
vn -0.2048 0.5876 -0.7828
vn -0.8648 -0.5008 0.0373
vn -0.9906 -0.0633 -0.1211
vn 0.0758 0.9970 -0.0139
vn 0.3155 0.9474 0.0530
vn -0.6514 0.7419 -0.1589
vn 0.9772 -0.0113 -0.2122
vn 0.7893 -0.6040 -0.1104
vn 0.7858 -0.6153 -0.0624
vn 0.9133 -0.3533 -0.2024
vn 0.9205 -0.1493 -0.3612
vn 0.7444 0.0852 -0.6623
vn 0.8411 -0.1451 -0.5211
vn 0.6208 -0.0515 -0.7823
vn -0.3837 0.9044 0.1868
vn -0.2389 0.9651 0.1069
vn 0.0510 0.9976 0.0475
vn 0.5756 0.8026 -0.1569
vn 0.5473 -0.1045 -0.8304
vn 0.4559 -0.0483 -0.8887
vn 0.1216 0.6410 -0.7578
vn 0.1529 0.4769 -0.8656
vn 0.2109 0.3080 -0.9277
vn 0.3548 0.0130 -0.9349
vn 0.2843 0.0723 -0.9560
vn 0.1284 0.7178 -0.6843
vn 0.1191 0.6232 -0.7729
vn 0.1191 0.5092 -0.8524
vn 0.1039 0.3655 -0.9250
vn 0.0879 0.2314 -0.9689
vn 0.0743 0.2286 -0.9707
vn -0.1066 0.4942 -0.8628
vn -0.0543 0.3409 -0.9385
vn -0.0051 0.2228 -0.9748
vn 0.0058 0.0904 -0.9959
vn 0.0448 0.1047 -0.9935
vn -0.1445 0.4780 -0.8664
vn -0.7523 0.5288 -0.3930
vn -0.5907 0.5684 -0.5727
vn -0.4261 0.5779 -0.6961
vn -0.2888 0.5356 -0.7935
vn -0.8661 0.4619 -0.1909
vn -0.9547 0.2955 -0.0339
vn -0.9925 0.1215 0.0098
vn -0.9982 -0.0567 0.0179
vn -0.9770 -0.2129 0.0094
vn -0.8869 -0.4590 0.0518
vn -0.8563 -0.5125 0.0642
vn -0.2002 0.4408 -0.8750
vn -0.1658 0.4621 -0.8712
vn -0.9955 -0.0208 -0.0923
vn -0.6025 0.7635 -0.2325
vn 0.3856 0.9226 0.0112
vn 0.1568 0.9825 -0.1002
vn 0.9754 -0.0102 -0.2202
vn 0.7765 -0.6239 -0.0886
vn 0.7557 -0.6357 -0.1573
vn 0.8692 -0.3552 -0.3439
vn 0.7348 -0.1164 -0.6683
vn 0.8185 -0.3106 -0.4832
vn 0.6332 -0.1459 -0.7601
vn -0.3482 0.9294 0.1225
vn -0.2418 0.9680 0.0668
vn -0.0220 0.9997 -0.0104
vn 0.5382 0.8237 -0.1785
vn 0.4514 -0.2734 -0.8494
vn 0.5273 -0.3313 -0.7825
vn 0.1241 0.6431 -0.7557
vn 0.1334 0.4930 -0.8597
vn 0.1712 0.3366 -0.9260
vn 0.2329 0.1263 -0.9643
vn 0.3691 -0.2001 -0.9076
vn 0.3084 -0.1265 -0.9428
vn 0.1308 0.6362 -0.7603
vn 0.1296 0.5023 -0.8549
vn 0.1160 0.3692 -0.9221
vn 0.0952 0.2373 -0.9668
vn 0.0856 0.0974 -0.9916
vn 0.0762 0.1056 -0.9915
vn -0.0974 0.3367 -0.9366
vn -0.0400 0.2257 -0.9734
vn 0.0381 -0.2739 -0.9610
vn 0.0153 -0.2440 -0.9697
vn -0.1398 0.3407 -0.9297
vn -0.8394 0.4343 -0.3268
vn -0.6937 0.5139 -0.5046
vn -0.5314 0.5339 -0.6577
vn -0.3968 0.4964 -0.7721
vn -0.2546 0.4274 -0.8675
vn -0.9553 0.2664 -0.1281
vn -0.9954 0.0934 -0.0212
vn -0.9966 -0.0823 0.0066
vn -0.9654 -0.2606 -0.0021
vn -0.8752 -0.4838 0.0050
vn -0.8603 -0.5051 0.0687
vn -0.9986 0.0428 -0.0322
vn -0.1706 0.3502 -0.9210
vn -0.5418 0.8084 -0.2302
vn 0.2179 0.9618 -0.1659
vn 0.4559 0.8886 -0.0501
vn 0.9817 0.0353 -0.1872
vn 0.7693 -0.6174 -0.1642
vn 0.7311 -0.6306 -0.2605
vn 0.7363 -0.1753 -0.6536
vn 0.6937 -0.6310 -0.3474
vn 0.5898 -0.3734 -0.7160
vn -0.3479 0.9317 0.1040
vn -0.2471 0.9688 0.0173
vn -0.0823 0.9960 -0.0348
vn 0.4973 0.8498 -0.1748
vn 0.4559 -0.6176 -0.6409
vn 0.4141 -0.5518 -0.7239
vn 0.1317 0.4961 -0.8582
vn 0.1479 0.3585 -0.9217
vn 0.1948 0.1723 -0.9656
vn 0.2526 -0.0666 -0.9653
vn 0.3778 -0.4604 -0.8033
vn 0.3235 -0.3608 -0.8747
vn 0.1357 0.5000 -0.8553
vn 0.1302 0.3748 -0.9179
vn 0.1051 0.2457 -0.9636
vn 0.0781 0.1026 -0.9917
vn 0.0676 -0.2763 -0.9587
vn 0.0748 -0.2852 -0.9556
vn -0.0760 0.2368 -0.9686
vn -0.0267 0.0800 -0.9964
vn 0.0459 -0.6680 -0.7427
vn 0.0590 -0.6275 -0.7764
vn 0.0045 -0.2068 -0.9784
vn -0.1056 0.2484 -0.9629
vn -0.8028 0.4161 -0.4270
vn -0.9375 0.2585 -0.2331
vn -0.6257 0.4876 -0.6089
vn -0.4692 0.4745 -0.7448
vn -0.3490 0.4061 -0.8445
vn -0.2166 0.3415 -0.9146
vn -0.9946 0.0797 -0.0664
vn -0.9946 -0.1042 -0.0041
vn -0.9477 -0.3191 -0.0090
vn -0.8559 -0.5163 -0.0277
vn -0.8803 -0.4736 0.0273
vn -0.9892 0.1258 0.0749
vn -0.4912 0.8595 -0.1413
vn -0.1351 0.2279 -0.9643
vn 0.2517 0.9458 -0.2050
vn 0.5251 0.8432 -0.1153
vn 0.9534 0.1517 -0.2610
vn 0.7629 -0.5985 -0.2444
vn 0.7024 -0.3980 -0.5901
vn 0.6884 -0.6384 -0.3443
vn 0.5763 -0.6637 -0.4768
vn 0.4772 -0.6590 -0.5813
vn -0.1190 0.9886 -0.0925
vn -0.2870 0.9555 -0.0687
vn 0.4222 0.8848 -0.1972
vn 0.4209 -0.7340 -0.5330
vn 0.3937 -0.7052 -0.5896
vn 0.1391 0.3724 -0.9176
vn 0.1764 0.2158 -0.9604
vn 0.2214 -0.0183 -0.9750
vn 0.2430 -0.3002 -0.9224
vn 0.3892 -0.6473 -0.6554
vn 0.3177 -0.5783 -0.7514
vn 0.1375 0.3771 -0.9159
vn 0.1176 0.2563 -0.9594
vn 0.0872 0.1167 -0.9893
vn 0.0374 -0.2535 -0.9666
vn 0.0184 -0.6464 -0.7628
vn 0.0470 -0.6702 -0.7407
vn -0.0579 0.0697 -0.9959
vn 0.0479 -0.7063 -0.7063
vn 0.1152 -0.6948 -0.7099
vn 0.0686 -0.5600 -0.8256
vn -0.0375 -0.1808 -0.9828
vn -0.0818 0.0583 -0.9949
vn -0.7551 0.3720 -0.5398
vn -0.9081 0.2500 -0.3358
vn -0.9873 0.0838 -0.1353
vn -0.5566 0.4207 -0.7164
vn -0.2976 0.3117 -0.9024
vn -0.1702 0.1729 -0.9701
vn -0.9929 -0.1174 -0.0185
vn -0.9282 -0.3722 0.0011
vn -0.8398 -0.5423 -0.0242
vn -0.9090 -0.4165 -0.0136
vn -0.9681 0.2226 0.1150
vn -0.4336 0.9002 0.0407
vn 0.2550 0.9536 -0.1602
vn -0.1015 0.0487 -0.9936
vn 0.5252 0.8359 -0.1595
vn 0.5191 -0.7011 -0.4888
vn 0.4283 -0.7348 -0.5259
vn -0.0897 0.9883 -0.1230
vn -0.2980 0.9469 -0.1210
vn 0.4950 -0.5902 -0.6376
vn 0.5054 -0.5815 -0.6375
vn 0.1567 0.2521 -0.9549
vn 0.2206 0.0338 -0.9748
vn 0.2042 -0.2866 -0.9361
vn 0.1784 -0.5458 -0.8187
vn 0.4304 -0.4510 -0.7819
vn 0.5439 -0.5231 -0.6561
vn 0.1333 0.2643 -0.9552
vn 0.1025 0.1256 -0.9868
vn 0.0503 -0.2410 -0.9692
vn -0.0108 -0.6264 -0.7794
vn -0.0212 -0.6516 -0.7583
vn 0.0080 -0.6852 -0.7283
vn 0.0157 -0.2706 -0.9626
vn 0.1570 -0.2729 -0.9491
vn 0.1435 -0.6549 -0.7419
vn 0.0172 -0.4995 -0.8661
vn -0.0680 -0.1708 -0.9829
vn -0.6870 0.3202 -0.6523
vn -0.8629 0.2350 -0.4474
vn -0.9693 0.0656 -0.2370
vn -0.9899 -0.1280 -0.0603
vn -0.4101 0.2801 -0.8679
vn -0.4853 0.3523 -0.8002
vn -0.2188 0.1577 -0.9629
vn -0.0860 -0.0880 -0.9924
vn -0.9088 -0.4169 0.0167
vn -0.8274 -0.5615 -0.0101
vn -0.9385 -0.3447 -0.0181
vn -0.9271 0.3699 0.0605
vn -0.3810 0.9129 0.1466
vn 0.2487 0.9681 -0.0287
vn 0.4658 0.8697 -0.1632
vn -0.0597 -0.1538 -0.9863
vn 0.5747 0.8086 -0.1262
vn 0.8421 0.1562 -0.5161
vn 0.5903 -0.2612 -0.7638
vn 0.4961 -0.5098 -0.7029
vn 0.0018 0.9938 -0.1115
vn 0.2333 0.9648 -0.1216
vn 0.5403 0.0888 -0.8367
vn 0.6540 0.1276 -0.7456
vn 0.1905 0.0904 -0.9775
vn 0.2151 -0.2942 -0.9312
vn 0.1143 -0.5695 -0.8140
vn 0.1365 -0.4239 -0.8954
vn 0.7622 0.1918 -0.6182
vn 0.5882 0.4241 -0.6886
vn 0.1303 0.1221 -0.9839
vn 0.0802 -0.2470 -0.9657
vn 0.0066 -0.6241 -0.7813
vn -0.0208 -0.6307 -0.7758
vn -0.0484 -0.1789 -0.9827
vn -0.0502 -0.2493 -0.9671
vn 0.1121 0.6657 -0.7377
vn -0.0532 0.6516 -0.7567
vn 0.2408 -0.2339 -0.9420
vn 0.0873 -0.6058 -0.7908
vn -0.0281 -0.4503 -0.8924
vn -0.6117 0.2765 -0.7412
vn -0.7983 0.2271 -0.5578
vn -0.9467 0.0485 -0.3185
vn -0.9793 -0.1705 -0.1094
vn -0.9064 -0.4220 0.0180
vn -0.3035 0.1588 -0.9395
vn -0.5485 0.2200 -0.8067
vn -0.0848 -0.0603 -0.9946
vn -0.8202 -0.5716 0.0230
vn -0.9631 -0.2686 -0.0188
vn -0.8807 0.4733 0.0155
vn -0.3090 0.9463 0.0949
vn 0.2289 0.9710 0.0689
vn 0.4379 0.8970 -0.0597
vn -0.0078 -0.3965 -0.9180
vn 0.4334 0.1507 -0.8885
vn 0.1278 0.9054 -0.4050
vn 0.2669 0.9203 -0.2861
vn 0.1928 -0.2935 -0.9363
vn 0.1241 -0.6137 -0.7797
vn 0.0383 -0.5110 -0.8587
vn 0.1066 0.4675 -0.8775
vn 0.4329 0.8829 -0.1817
vn 0.3309 0.9140 -0.2349
vn 0.1202 -0.2707 -0.9551
vn 0.0442 -0.6285 -0.7766
vn 0.0088 -0.6241 -0.7813
vn 0.0043 -0.0957 -0.9954
vn -0.0435 0.7127 -0.7001
vn -0.0963 0.6594 -0.7456
vn 0.2315 0.6776 -0.6981
vn -0.0766 0.9961 0.0431
vn -0.0091 0.9985 0.0535
vn 0.1665 -0.1807 -0.9693
vn 0.0383 -0.5472 -0.8362
vn -0.7323 0.2038 -0.6498
vn -0.9095 0.0718 -0.4095
vn -0.9728 -0.2231 -0.0629
vn -0.8570 -0.5034 0.1098
vn -0.1265 0.0245 -0.9917
vn -0.4816 0.1424 -0.8648
vn -0.7801 0.1127 -0.6154
vn 0.0080 -0.3335 -0.9427
vn 0.1470 -0.1512 -0.9775
vn -0.9844 -0.1750 0.0186
vn -0.8294 0.5586 -0.0075
vn -0.2499 0.9676 0.0346
vn 0.1553 0.9856 0.0667
vn 0.4219 0.9065 0.0176
vn 0.0778 -0.4717 -0.8783
vn 0.5012 0.3660 -0.7841
vn 0.0395 0.8874 -0.4594
vn -0.0690 0.9885 0.1344
vn 0.3373 0.9060 -0.2558
vn 0.0308 0.9991 0.0278
vn -0.2670 0.9495 0.1648
vn -0.1926 0.9629 0.1892
vn 0.1325 -0.6405 -0.7564
vn 0.1014 -0.5812 -0.8074
vn -0.0071 0.1025 -0.9947
vn 0.3263 0.9420 -0.0778
vn 0.0372 0.9817 0.1865
vn 0.0899 -0.6380 -0.7648
vn 0.0471 -0.6164 -0.7860
vn 0.0699 -0.0489 -0.9964
vn 0.0230 0.7839 -0.6204
vn -0.0749 0.9962 -0.0454
vn -0.0203 0.9760 -0.2169
vn 0.0569 0.9955 0.0756
vn 0.1446 0.7171 -0.6818
vn -0.0661 0.9328 0.3544
vn -0.0511 0.9334 0.3553
vn 0.0868 -0.0928 -0.9919
vn -0.9792 -0.0432 -0.1982
vn -0.9381 -0.2925 0.1857
vn -0.9860 -0.0754 0.1488
vn -0.3269 0.1260 -0.9366
vn 0.1695 0.1263 -0.9774
vn -0.6258 0.1174 -0.7711
vn -0.7585 0.6517 0.0095
vn -0.1969 0.9804 0.0115
vn 0.0420 0.9986 0.0311
vn 0.4134 0.9099 0.0341
vn 0.1531 0.0228 -0.9879
vn 0.1466 -0.3631 -0.9201
vn 0.1647 0.8780 -0.4495
vn -0.2763 0.9490 0.1517
vn -0.1948 0.9659 0.1705
vn -0.3477 0.8903 0.2941
vn -0.3168 0.9008 0.2969
vn 0.1477 0.0271 -0.9887
vn 0.0956 0.9518 -0.2914
vn -0.1039 0.8535 -0.5106
vn 0.0361 0.9857 -0.1648
vn 0.1018 -0.6035 -0.7908
vn 0.1296 -0.0364 -0.9909
vn 0.0804 0.8231 -0.5621
vn 0.0135 0.9895 -0.1441
vn -0.0571 0.9345 0.3513
vn -0.0136 0.9375 0.3478
vn 0.0020 0.9969 0.0784
vn 0.0286 0.7424 -0.6694
vn -0.8936 0.0527 -0.4457
vn -0.9968 -0.0456 0.0652
vn -0.9633 0.0832 0.2552
vn -0.7128 0.6995 0.0506
vn 0.1592 0.3633 -0.9180
vn 0.3113 0.2868 -0.9060
vn 0.3561 0.7152 -0.6014
vn -0.7447 0.1195 -0.6566
vn -0.1377 0.9905 0.0046
vn 0.0841 0.9963 0.0158
vn 0.0958 0.7959 -0.5978
vn 0.2425 0.1512 -0.9583
vn -0.3384 0.8932 0.2960
vn -0.1630 0.9164 0.3656
vn -0.2473 0.9093 0.3345
vn -0.2847 0.9111 0.2980
vn 0.0919 0.8582 -0.5051
vn 0.1971 -0.0165 -0.9802
vn -0.1464 0.9872 -0.0625
vn 0.1839 0.8357 -0.5174
vn 0.0383 0.9976 -0.0579
vn -0.0502 0.9407 0.3354
vn -0.0941 0.9939 0.0576
vn -0.9530 0.0409 -0.3003
vn -0.8749 0.4833 0.0316
vn -0.7012 0.7106 0.0585
vn -0.0989 0.9949 -0.0218
vn 0.3611 0.8101 -0.4620
vn -0.8646 0.1973 -0.4620
vn 0.1322 0.9912 0.0039
vn -0.0585 0.9967 0.0559
vn 0.1869 0.8386 -0.5117
vn 0.2415 0.8392 -0.4873
vn 0.0155 0.9999 -0.0057
vn 0.1449 0.9894 0.0107
vn -0.1388 0.9405 0.3100
vn -0.8360 0.4703 -0.2827
vn -0.2150 0.9750 -0.0564
vn 0.1957 0.9797 -0.0424
vn 0.2157 0.9763 -0.0154
vn 0.3107 0.9359 -0.1660
vn 0.2469 0.8673 -0.4323
vn -0.6825 0.1802 -0.7083
vn -0.8427 0.3797 -0.3817
vn -0.6970 0.6526 -0.2971
vn -0.1274 0.9509 0.2821
vn 0.0283 0.9976 0.0632
vn 0.1867 0.9821 0.0257
vn -0.5445 0.8306 -0.1169
vn -0.5184 0.8048 -0.2889
vn 0.2277 0.9691 -0.0945
vn 0.1076 0.9925 0.0575
vn -0.5996 0.7948 -0.0938
vn -0.3339 0.9228 -0.1921
vn -0.0444 0.9653 0.2572
vn 0.0148 0.9690 0.2467
vn 0.0442 0.9672 0.2503
vn -0.2293 0.9733 -0.0025
usemtl terrain
s 1
f 1/1/1 2/2/2 3/3/3 4/4/4
f 1/5/1 5/6/5 6/7/6 2/8/2
f 2/9/2 7/10/7 8/11/8 3/12/3
f 4/13/4 3/14/3 9/15/9 10/16/10
f 4/17/4 10/18/10 11/19/11 12/20/12
f 1/21/1 12/22/12 13/23/13 5/24/5
f 14/25/14 6/26/6 5/27/5 15/28/15
f 16/29/16 7/30/7 2/31/2 6/32/6
f 17/33/17 18/34/18 8/35/8 7/36/7
f 8/37/8 19/38/19 9/39/9 3/40/3
f 20/41/20 10/42/10 9/43/9 21/44/21
f 20/45/20 22/46/22 11/47/11 10/48/10
f 11/49/11 23/50/23 24/51/24 12/52/12
f 24/53/24 25/54/25 13/55/13 12/56/12
f 13/57/13 26/58/26 15/59/15 5/60/5
f 14/61/14 27/62/27 16/63/16 6/64/6
f 28/65/28 29/66/29 14/67/14 15/68/15
f 16/69/16 30/70/30 17/71/17 7/72/7
f 31/73/31 32/74/32 18/75/18 17/76/17
f 8/77/8 18/78/18 33/79/33 19/80/19
f 34/81/34 21/82/21 9/83/9 19/84/19
f 35/85/35 36/86/36 20/87/20 21/88/21
f 20/89/20 36/90/36 37/91/37 22/92/22
f 22/93/22 38/94/38 23/95/23 11/96/11
f 39/97/39 40/98/40 24/99/24 23/100/23
f 41/101/41 26/102/26 13/103/13 25/104/25
f 28/105/28 15/106/15 26/107/26 42/108/42
f 14/109/14 29/110/29 43/111/43 27/112/27
f 16/113/16 27/114/27 44/115/44 30/116/30
f 28/117/28 45/118/45 46/119/46 29/120/29
f 47/121/47 31/122/31 17/123/17 30/124/30
f 31/125/31 48/126/48 49/127/49 32/128/32
f 50/129/50 33/130/33 18/131/18 32/132/32
f 51/133/51 34/134/34 19/135/19 33/136/33
f 35/137/35 21/138/21 34/139/34 52/140/52
f 35/141/35 53/142/53 54/143/54 36/144/36
f 55/145/55 37/146/37 36/147/36 54/148/54
f 22/149/22 37/150/37 56/151/56 38/152/38
f 39/153/39 23/154/23 38/155/38 57/156/57
f 58/157/58 59/158/59 40/159/40 39/160/39
f 60/161/60 42/162/42 26/163/26 41/164/41
f 41/165/41 25/166/25 61/167/61 62/168/62
f 28/169/28 42/170/42 63/171/63 45/172/45
f 64/173/64 44/174/44 27/175/27 43/176/43
f 47/177/47 30/178/30 44/179/44 65/180/65
f 45/181/45 66/182/66 67/183/67 46/184/46
f 46/185/46 68/186/68 69/187/69 29/188/29
f 47/189/47 70/190/70 48/191/48 31/192/31
f 71/193/71 72/194/72 49/195/49 48/196/48
f 73/197/73 50/198/50 32/199/32 49/200/49
f 50/201/50 74/202/74 51/203/51 33/204/33
f 51/205/51 75/206/75 52/207/52 34/208/34
f 35/209/35 52/210/52 76/211/76 77/212/77
f 35/213/35 77/214/77 78/215/78 53/216/53
f 53/217/53 79/218/79 80/219/80 54/220/54
f 55/221/55 81/222/81 56/223/56 37/224/37
f 82/225/82 55/226/55 54/227/54 80/228/80
f 83/229/83 57/230/57 38/231/38 56/232/56
f 58/233/58 39/234/39 57/235/57 84/236/84
f 58/237/58 85/238/85 86/239/86 59/240/59
f 60/241/60 41/242/41 62/243/62 87/244/87
f 88/245/88 62/246/62 61/247/61 89/248/89
f 90/249/90 65/250/65 44/251/44 64/252/64
f 64/253/64 43/254/43 69/255/69 91/256/91
f 47/257/47 65/258/65 92/259/92 70/260/70
f 93/261/93 67/262/67 66/263/66 94/264/94
f 46/265/46 67/266/67 95/267/95 68/268/68
f 96/269/96 91/270/91 69/271/69 68/272/68
f 97/273/97 71/274/71 48/275/48 70/276/70
f 98/277/98 72/278/72 71/279/71 99/280/99
f 73/281/73 49/282/49 72/283/72 100/284/100
f 73/285/73 101/286/101 74/287/74 50/288/50
f 51/289/51 74/290/74 102/291/102 75/292/75
f 103/293/103 76/294/76 52/295/52 75/296/75
f 77/297/77 76/298/76 104/299/104 78/300/78
f 53/301/53 78/302/78 105/303/105 79/304/79
f 79/305/79 106/306/106 107/307/107 80/308/80
f 82/309/82 108/310/108 81/311/81 55/312/55
f 109/313/109 83/314/83 56/315/56 81/316/81
f 110/317/110 82/318/82 80/319/80 107/320/107
f 83/321/83 111/322/111 84/323/84 57/324/57
f 58/325/58 84/326/84 112/327/112 85/328/85
f 113/329/113 86/330/86 85/331/85 114/332/114
f 59/333/59 86/334/86 89/335/89 61/336/61
f 88/337/88 115/338/115 87/339/87 62/340/62
f 60/341/60 87/342/87 116/343/116 63/344/63
f 117/345/117 88/346/88 89/347/89 118/348/118
f 90/349/90 119/350/119 92/351/92 65/352/65
f 90/353/90 64/354/64 91/355/91 120/356/120
f 97/357/97 70/358/70 92/359/92 121/360/121
f 93/361/93 122/362/122 95/363/95 67/364/67
f 93/365/93 94/366/94 123/367/123 124/368/124
f 96/369/96 68/370/68 95/371/95 125/372/125
f 96/373/96 126/374/126 120/375/120 91/376/91
f 97/377/97 127/378/127 99/379/99 71/380/71
f 98/381/98 128/382/128 100/383/100 72/384/72
f 129/385/129 98/386/98 99/387/99 130/388/130
f 73/389/73 100/390/100 131/391/131 101/392/101
f 101/393/101 132/394/132 102/395/102 74/396/74
f 103/397/103 75/398/75 102/399/102 133/400/133
f 103/401/103 134/402/134 104/403/104 76/404/76
f 105/405/105 78/406/78 104/407/104 135/408/135
f 105/409/105 136/410/136 106/411/106 79/412/79
f 137/413/137 107/414/107 106/415/106 138/416/138
f 110/417/110 139/418/139 108/419/108 82/420/82
f 109/421/109 81/422/81 108/423/108 140/424/140
f 137/425/137 141/426/141 110/427/110 107/428/107
f 84/429/84 111/430/111 142/431/142 112/432/112
f 143/433/143 114/434/114 85/435/85 112/436/112
f 89/437/89 86/438/86 113/439/113 118/440/118
f 113/441/113 114/442/114 144/443/144 145/444/145
f 117/445/117 146/446/146 115/447/115 88/448/88
f 116/449/116 87/450/87 115/451/115 147/452/147
f 117/453/117 118/454/118 148/455/148 149/456/149
f 90/457/90 120/458/120 150/459/150 119/460/119
f 151/461/151 121/462/121 92/463/92 119/464/119
f 97/465/97 121/466/121 152/467/152 127/468/127
f 93/469/93 124/470/124 153/471/153 122/472/122
f 95/473/95 122/474/122 154/475/154 125/476/125
f 116/477/116 147/478/147 123/479/123 94/480/94
f 155/481/155 124/482/124 123/483/123 156/484/156
f 96/485/96 125/486/125 157/487/157 126/488/126
f 126/489/126 158/490/158 150/491/150 120/492/120
f 127/493/127 159/494/159 130/495/130 99/496/99
f 129/497/129 160/498/160 128/499/128 98/500/98
f 129/501/129 130/502/130 161/503/161 162/504/162
f 131/505/131 163/506/163 132/507/132 101/508/101
f 133/509/133 102/510/102 132/511/132 164/512/164
f 103/513/103 133/514/133 165/515/165 134/516/134
f 166/517/166 135/518/135 104/519/104 134/520/134
f 167/521/167 136/522/136 105/523/105 135/524/135
f 138/525/138 106/526/106 136/527/136 168/528/168
f 110/529/110 141/530/141 169/531/169 139/532/139
f 139/533/139 170/534/170 140/535/140 108/536/108
f 109/537/109 140/538/140 171/539/171 111/540/111
f 137/541/137 172/542/172 173/543/173 141/544/141
f 142/545/142 111/546/111 171/547/171 174/548/174
f 175/549/175 143/550/143 112/551/112 142/552/142
f 143/553/143 176/554/176 144/555/144 114/556/114
f 148/557/148 118/558/118 113/559/113 177/560/177
f 178/561/178 145/562/145 144/563/144 179/564/179
f 113/565/113 145/566/145 180/567/180 177/568/177
f 181/569/181 146/570/146 117/571/117 149/572/149
f 147/573/147 115/574/115 146/575/146 182/576/182
f 183/577/183 184/578/184 149/579/149 148/580/148
f 151/581/151 119/582/119 150/583/150 185/584/185
f 151/585/151 186/586/186 152/587/152 121/588/121
f 152/589/152 187/590/187 159/591/159 127/592/127
f 153/593/153 124/594/124 155/595/155 188/596/188
f 153/597/153 189/598/189 190/599/190 122/600/122
f 154/601/154 191/602/191 157/603/157 125/604/125
f 147/605/147 182/606/182 156/607/156 123/608/123
f 192/609/192 193/610/193 155/611/155 156/612/156
f 126/613/126 157/614/157 194/615/194 158/616/158
f 185/617/185 150/618/150 158/619/158 195/620/195
f 196/621/196 161/622/161 130/623/130 159/624/159
f 129/625/129 162/626/162 197/627/197 160/628/160
f 128/629/128 160/630/160 198/631/198 131/632/131
f 199/633/199 162/634/162 161/635/161 200/636/200
f 201/637/201 163/638/163 131/639/131 198/640/198
f 164/641/164 132/642/132 163/643/163 202/644/202
f 133/645/133 164/646/164 203/647/203 165/648/165
f 165/649/165 204/650/204 166/651/166 134/652/134
f 167/653/167 135/654/135 166/655/166 205/656/205
f 167/657/167 206/658/206 168/659/168 136/660/136
f 138/661/138 168/662/168 207/663/207 208/664/208
f 141/665/141 173/666/173 209/667/209 169/668/169
f 139/669/139 169/670/169 210/671/210 170/672/170
f 170/673/170 211/674/211 171/675/171 140/676/140
f 173/677/173 172/678/172 212/679/212 213/680/213
f 214/681/214 174/682/174 171/683/171 211/684/211
f 175/685/175 142/686/142 174/687/174 215/688/215
f 216/689/216 176/690/176 143/691/143 175/692/175
f 179/693/179 144/694/144 176/695/176 217/696/217
f 183/697/183 148/698/148 177/699/177 218/700/218
f 178/701/178 219/702/219 180/703/180 145/704/145
f 178/705/178 179/706/179 220/707/220 221/708/221
f 181/709/181 222/710/222 182/711/182 146/712/146
f 223/713/223 181/714/181 149/715/149 184/716/184
f 183/717/183 224/718/224 225/719/225 184/720/184
f 151/721/151 185/722/185 226/723/226 186/724/186
f 186/725/186 227/726/227 187/727/187 152/728/152
f 187/729/187 228/730/228 196/731/196 159/732/159
f 155/733/155 193/734/193 229/735/229 188/736/188
f 153/737/153 188/738/188 230/739/230 189/740/189
f 231/741/231 232/742/232 190/743/190 189/744/189
f 154/745/154 190/746/190 232/747/232 191/748/191
f 194/749/194 157/750/157 191/751/191 233/752/233
f 192/753/192 156/754/156 182/755/182 222/756/222
f 234/757/234 235/758/235 193/759/193 192/760/192
f 194/761/194 236/762/236 195/763/195 158/764/158
f 185/765/185 195/766/195 237/767/237 226/768/226
f 200/769/200 161/770/161 196/771/196 238/772/238
f 239/773/239 197/774/197 162/775/162 199/776/199
f 160/777/160 197/778/197 240/779/240 198/780/198
f 199/781/199 200/782/200 241/783/241 242/784/242
f 201/785/201 243/786/243 202/787/202 163/788/163
f 201/789/201 198/790/198 240/791/240 244/792/244
f 164/793/164 202/794/202 245/795/245 203/796/203
f 203/797/203 246/798/246 204/799/204 165/800/165
f 247/801/247 205/802/205 166/803/166 204/804/204
f 167/805/167 205/806/205 248/807/248 206/808/206
f 207/809/207 168/810/168 206/811/206 249/812/249
f 250/813/250 208/814/208 207/815/207 251/816/251
f 173/817/173 213/818/213 252/819/252 209/820/209
f 253/821/253 211/822/211 170/823/170 210/824/210
f 250/825/250 254/826/254 212/827/212 172/828/172
f 212/829/212 255/830/255 256/831/256 213/832/213
f 214/833/214 257/834/257 215/835/215 174/836/174
f 253/837/253 258/838/258 214/839/214 211/840/211
f 216/841/216 175/842/175 215/843/215 259/844/259
f 216/845/216 260/846/260 217/847/217 176/848/176
f 261/849/261 220/850/220 179/851/179 217/852/217
f 183/853/183 218/854/218 262/855/262 224/856/224
f 178/857/178 221/858/221 263/859/263 219/860/219
f 264/861/264 265/862/265 221/863/221 220/864/220
f 223/865/223 266/866/266 222/867/222 181/868/181
f 223/869/223 184/870/184 225/871/225 267/872/267
f 186/873/186 226/874/226 268/875/268 227/876/227
f 269/877/269 228/878/228 187/879/187 227/880/227
f 238/881/238 196/882/196 228/883/228 270/884/270
f 229/885/229 193/886/193 235/887/235 271/888/271
f 188/889/188 229/890/229 272/891/272 273/892/273
f 274/893/274 231/894/231 189/895/189 230/896/230
f 231/897/231 275/898/275 276/899/276 232/900/232
f 232/901/232 276/902/276 233/903/233 191/904/191
f 194/905/194 233/906/233 277/907/277 236/908/236
f 234/909/234 192/910/192 222/911/222 266/912/266
f 195/913/195 236/914/236 278/915/278 237/916/237
f 226/917/226 237/918/237 279/919/279 268/920/268
f 280/921/280 200/922/200 238/923/238 281/924/281
f 239/925/239 282/926/282 240/927/240 197/928/197
f 239/929/239 199/930/199 242/931/242 283/932/283
f 284/933/284 242/934/242 241/935/241 285/936/285
f 201/937/201 244/938/244 286/939/286 243/940/243
f 287/941/287 245/942/245 202/943/202 243/944/243
f 288/945/288 244/946/244 240/947/240 282/948/282
f 203/949/203 245/950/245 289/951/289 246/952/246
f 247/953/247 204/954/204 246/955/246 290/956/290
f 247/957/247 291/958/291 248/959/248 205/960/205
f 206/961/206 248/962/248 292/963/292 249/964/249
f 251/965/251 207/966/207 249/967/249 293/968/293
f 250/969/250 251/970/251 294/971/294 254/972/254
f 295/973/295 252/974/252 213/975/213 256/976/256
f 296/977/296 210/978/210 209/979/209 252/980/252
f 297/981/297 253/982/253 210/983/210 296/984/296
f 212/985/212 254/986/254 298/987/298 255/988/255
f 299/989/299 256/990/256 255/991/255 300/992/300
f 301/993/301 257/994/257 214/995/214 258/996/258
f 259/997/259 215/998/215 257/999/257 302/1000/302
f 297/1001/297 303/1002/303 258/1003/258 253/1004/253
f 216/1005/216 259/1006/259 304/1007/304 260/1008/260
f 305/1009/305 261/1010/261 217/1011/217 260/1012/260
f 306/1013/306 264/1014/264 220/1015/220 261/1016/261
f 218/1017/218 307/1018/307 308/1019/308 262/1020/262
f 224/1021/224 262/1022/262 309/1023/309 310/1024/310
f 311/1025/311 263/1026/263 221/1027/221 265/1028/265
f 307/1029/307 219/1030/219 263/1031/263 312/1032/312
f 313/1033/313 266/1034/266 223/1035/223 267/1036/267
f 267/1037/267 225/1038/225 314/1039/314 315/1040/315
f 269/1041/269 227/1042/227 268/1043/268 316/1044/316
f 269/1045/269 317/1046/317 270/1047/270 228/1048/228
f 318/1049/318 281/1050/281 238/1051/238 270/1052/270
f 319/1053/319 320/1054/320 271/1055/271 235/1056/235
f 321/1057/321 272/1058/272 229/1059/229 271/1060/271
f 322/1061/322 273/1062/273 272/1063/272 323/1064/323
f 274/1065/274 324/1066/324 275/1067/275 231/1068/231
f 274/1069/274 230/1070/230 273/1071/273 322/1072/322
f 276/1073/276 275/1074/275 325/1075/325 326/1076/326
f 276/1077/276 326/1078/326 277/1079/277 233/1080/233
f 278/1081/278 236/1082/236 277/1083/277 327/1084/327
f 234/1085/234 266/1086/266 313/1087/313 328/1088/328
f 237/1089/237 278/1090/278 329/1091/329 279/1092/279
f 279/1093/279 330/1094/330 316/1095/316 268/1096/268
f 280/1097/280 281/1098/281 331/1099/331 332/1100/332
f 239/1101/239 283/1102/283 333/1103/333 282/1104/282
f 334/1105/334 283/1106/283 242/1107/242 284/1108/284
f 280/1109/280 332/1110/332 285/1111/285 241/1112/241
f 335/1113/335 286/1114/286 244/1115/244 288/1116/288
f 336/1117/336 287/1118/287 243/1119/243 286/1120/286
f 337/1121/337 289/1122/289 245/1123/245 287/1124/287
f 288/1125/288 282/1126/282 333/1127/333 338/1128/338
f 290/1129/290 246/1130/246 289/1131/289 339/1132/339
f 247/1133/247 290/1134/290 340/1135/340 291/1136/291
f 291/1137/291 341/1138/341 292/1139/292 248/1140/248
f 292/1141/292 342/1142/342 293/1143/293 249/1144/249
f 251/1145/251 293/1146/293 343/1147/343 294/1148/294
f 294/1149/294 344/1150/344 298/1151/298 254/1152/254
f 295/1153/295 345/1154/345 296/1155/296 252/1156/252
f 346/1157/346 295/1158/295 256/1159/256 299/1160/299
f 345/1161/345 347/1162/347 297/1163/297 296/1164/296
f 348/1165/348 300/1166/300 255/1167/255 349/1168/349
f 350/1169/350 299/1170/299 300/1171/300 351/1172/351
f 352/1173/352 302/1174/302 257/1175/257 301/1176/301
f 353/1177/353 301/1178/301 258/1179/258 303/1180/303
f 354/1181/354 304/1182/304 259/1183/259 302/1184/302
f 347/1185/347 355/1186/355 303/1187/303 297/1188/297
f 356/1189/356 305/1190/305 260/1191/260 304/1192/304
f 357/1193/357 306/1194/306 261/1195/261 305/1196/305
f 358/1197/358 264/1198/264 306/1199/306 359/1200/359
f 307/1201/307 312/1202/312 360/1203/360 308/1204/308
f 309/1205/309 262/1206/262 308/1207/308 361/1208/361
f 362/1209/362 310/1210/310 309/1211/309 363/1212/363
f 364/1213/364 365/1214/365 224/1215/224 310/1216/310
f 312/1217/312 263/1218/263 311/1219/311 366/1220/366
f 367/1221/367 368/1222/368 311/1223/311 265/1224/265
f 313/1225/313 267/1226/267 315/1227/315 369/1228/369
f 225/1229/225 365/1230/365 370/1231/370 314/1232/314
f 269/1233/269 316/1234/316 371/1235/371 317/1236/317
f 318/1237/318 270/1238/270 317/1239/317 372/1240/372
f 373/1241/373 331/1242/331 281/1243/281 318/1244/318
f 319/1245/319 374/1246/374 375/1247/375 320/1248/320
f 376/1249/376 321/1250/321 271/1251/271 320/1252/320
f 321/1253/321 377/1254/377 323/1255/323 272/1256/272
f 322/1257/322 323/1258/323 378/1259/378 379/1260/379
f 274/1261/274 322/1262/322 379/1263/379 324/1264/324
f 275/1265/275 324/1266/324 380/1267/380 325/1268/325
f 381/1269/381 326/1270/326 325/1271/325 382/1272/382
f 381/1273/381 327/1274/327 277/1275/277 326/1276/326
f 383/1277/383 329/1278/329 278/1279/278 327/1280/327
f 313/1281/313 369/1282/369 384/1283/384 328/1284/328
f 234/1285/234 328/1286/328 374/1287/374 319/1288/319
f 279/1289/279 329/1290/329 385/1291/385 330/1292/330
f 371/1293/371 316/1294/316 330/1295/330 386/1296/386
f 332/1297/332 331/1298/331 387/1299/387 388/1300/388
f 334/1301/334 389/1302/389 333/1303/333 283/1304/283
f 390/1305/390 391/1306/391 334/1307/334 284/1308/284
f 392/1309/392 285/1310/285 332/1311/332 388/1312/388
f 336/1313/336 286/1314/286 335/1315/335 393/1316/393
f 335/1317/335 288/1318/288 338/1319/338 394/1320/394
f 337/1321/337 287/1322/287 336/1323/336 395/1324/395
f 396/1325/396 338/1326/338 333/1327/333 389/1328/389
f 291/1329/291 340/1330/340 397/1331/397 341/1332/341
f 341/1333/341 398/1334/398 342/1335/342 292/1336/292
f 342/1337/342 399/1338/399 343/1339/343 293/1340/293
f 294/1341/294 343/1342/343 400/1343/400 344/1344/344
f 344/1345/344 401/1346/401 349/1347/349 298/1348/298
f 350/1349/350 402/1350/402 346/1351/346 299/1352/299
f 403/1353/403 347/1354/347 345/1355/345 404/1356/404
f 351/1357/351 300/1358/300 348/1359/348 405/1360/405
f 348/1361/348 349/1362/349 401/1363/401 406/1364/406
f 350/1365/350 351/1366/351 407/1367/407 408/1368/408
f 409/1369/409 354/1370/354 302/1371/302 352/1372/352
f 353/1373/353 410/1374/410 352/1375/352 301/1376/301
f 411/1377/411 353/1378/353 303/1379/303 355/1380/355
f 412/1381/412 356/1382/356 304/1383/304 354/1384/354
f 403/1385/403 413/1386/413 355/1387/355 347/1388/347
f 414/1389/414 357/1390/357 305/1391/305 356/1392/356
f 367/1393/367 264/1394/264 358/1395/358 415/1396/415
f 373/1397/373 416/1398/416 358/1399/358 359/1400/359
f 312/1401/312 366/1402/366 417/1403/417 360/1404/360
f 308/1405/308 360/1406/360 418/1407/418 361/1408/361
f 363/1409/363 309/1410/309 361/1411/361 419/1412/419
f 362/1413/362 420/1414/420 364/1415/364 310/1416/310
f 362/1417/362 363/1418/363 421/1419/421 422/1420/422
f 364/1421/364 423/1422/423 370/1423/370 365/1424/365
f 424/1425/424 366/1426/366 311/1427/311 368/1428/368
f 425/1429/425 368/1430/368 367/1431/367 426/1432/426
f 427/1433/427 369/1434/369 315/1435/315 428/1436/428
f 314/1437/314 370/1438/370 429/1439/429 428/1440/428
f 371/1441/371 430/1442/430 372/1443/372 317/1444/317
f 373/1445/373 318/1446/318 372/1447/372 416/1448/416
f 373/1449/373 359/1450/359 387/1451/387 331/1452/331
f 431/1453/431 432/1454/432 375/1455/375 374/1456/374
f 433/1457/433 376/1458/376 320/1459/320 375/1460/375
f 376/1461/376 434/1462/434 377/1463/377 321/1464/321
f 323/1465/323 377/1466/377 435/1467/435 378/1468/378
f 436/1469/436 437/1470/437 379/1471/379 378/1472/378
f 379/1473/379 437/1474/437 380/1475/380 324/1476/324
f 382/1477/382 325/1478/325 380/1479/380 438/1480/438
f 381/1481/381 439/1482/439 383/1483/383 327/1484/327
f 383/1485/383 440/1486/440 385/1487/385 329/1488/329
f 427/1489/427 441/1490/441 384/1491/384 369/1492/369
f 384/1493/384 431/1494/431 374/1495/374 328/1496/328
f 440/1497/440 386/1498/386 330/1499/330 385/1500/385
f 371/1501/371 386/1502/386 442/1503/442 430/1504/430
f 388/1505/388 387/1506/387 443/1507/443 444/1508/444
f 334/1509/334 391/1510/391 445/1511/445 389/1512/389
f 390/1513/390 446/1514/446 447/1515/447 391/1516/391
f 390/1517/390 284/1518/284 392/1519/392 448/1520/448
f 392/1521/392 388/1522/388 444/1523/444 448/1524/448
f 335/1525/335 394/1526/394 449/1527/449 393/1528/393
f 336/1529/336 393/1530/393 450/1531/450 395/1532/395
f 396/1533/396 451/1534/451 394/1535/394 338/1536/338
f 337/1537/337 395/1538/395 452/1539/452 339/1540/339
f 453/1541/453 396/1542/396 389/1543/389 445/1544/445
f 454/1545/454 398/1546/398 341/1547/341 397/1548/397
f 455/1549/455 399/1550/399 342/1551/342 398/1552/398
f 400/1553/400 343/1554/343 399/1555/399 456/1556/456
f 344/1557/344 400/1558/400 457/1559/457 401/1560/401
f 350/1561/350 408/1562/408 458/1563/458 402/1564/402
f 459/1565/459 460/1566/460 403/1567/403 404/1568/404
f 405/1569/405 348/1570/348 406/1571/406 461/1572/461
f 351/1573/351 405/1574/405 462/1575/462 407/1576/407
f 408/1577/408 407/1578/407 463/1579/463 464/1580/464
f 412/1581/412 354/1582/354 409/1583/409 465/1584/465
f 409/1585/409 352/1586/352 410/1587/410 466/1588/466
f 411/1589/411 467/1590/467 410/1591/410 353/1592/353
f 413/1593/413 468/1594/468 411/1595/411 355/1596/355
f 414/1597/414 356/1598/356 412/1599/412 469/1600/469
f 460/1601/460 470/1602/470 413/1603/413 403/1604/403
f 444/1605/444 443/1606/443 357/1607/357 414/1608/414
f 416/1609/416 471/1610/471 415/1611/415 358/1612/358
f 426/1613/426 367/1614/367 415/1615/415 472/1616/472
f 424/1617/424 473/1618/473 417/1619/417 366/1620/366
f 474/1621/474 418/1622/418 360/1623/360 417/1624/417
f 418/1625/418 475/1626/475 419/1627/419 361/1628/361
f 363/1629/363 419/1630/419 476/1631/476 421/1632/421
f 362/1633/362 422/1634/422 477/1635/477 420/1636/420
f 364/1637/364 420/1638/420 478/1639/478 423/1640/423
f 424/1641/424 368/1642/368 425/1643/425 479/1644/479
f 425/1645/425 426/1646/426 480/1647/480 481/1648/481
f 427/1649/427 428/1650/428 482/1651/482 483/1652/483
f 429/1653/429 484/1654/484 482/1655/482 428/1656/428
f 416/1657/416 372/1658/372 430/1659/430 471/1660/471
f 431/1661/431 485/1662/485 486/1663/486 432/1664/432
f 433/1665/433 375/1666/375 432/1667/432 487/1668/487
f 433/1669/433 488/1670/488 434/1671/434 376/1672/376
f 489/1673/489 435/1674/435 377/1675/377 434/1676/434
f 435/1677/435 490/1678/490 436/1679/436 378/1680/378
f 436/1681/436 491/1682/491 492/1683/492 437/1684/437
f 437/1685/437 492/1686/492 438/1687/438 380/1688/380
f 383/1689/383 439/1690/439 493/1691/493 440/1692/440
f 427/1693/427 483/1694/483 494/1695/494 441/1696/441
f 384/1697/384 441/1698/441 485/1699/485 431/1700/431
f 442/1701/442 386/1702/386 440/1703/440 493/1704/493
f 495/1705/495 471/1706/471 430/1707/430 442/1708/442
f 390/1709/390 448/1710/448 496/1711/496 446/1712/446
f 447/1713/447 446/1714/446 497/1715/497 498/1716/498
f 448/1717/448 444/1718/444 499/1719/499 496/1720/496
f 500/1721/500 449/1722/449 394/1723/394 451/1724/451
f 449/1725/449 501/1726/501 450/1727/450 393/1728/393
f 452/1729/452 395/1730/395 450/1731/450 502/1732/502
f 453/1733/453 503/1734/503 451/1735/451 396/1736/396
f 453/1737/453 445/1738/445 504/1739/504 505/1740/505
f 506/1741/506 455/1742/455 398/1743/398 454/1744/454
f 454/1745/454 397/1746/397 507/1747/507 508/1748/508
f 509/1749/509 456/1750/456 399/1751/399 455/1752/455
f 457/1753/457 400/1754/400 456/1755/456 510/1756/510
f 408/1757/408 464/1758/464 511/1759/511 458/1760/458
f 459/1761/459 404/1762/404 402/1763/402 458/1764/458
f 512/1765/512 513/1766/513 460/1767/460 459/1768/459
f 514/1769/514 515/1770/515 461/1771/461 406/1772/406
f 462/1773/462 405/1774/405 461/1775/461 516/1776/516
f 517/1777/517 463/1778/463 407/1779/407 462/1780/462
f 464/1781/464 463/1782/463 518/1783/518 519/1784/519
f 409/1785/409 466/1786/466 520/1787/520 465/1788/465
f 469/1789/469 412/1790/412 465/1791/465 521/1792/521
f 522/1793/522 466/1794/466 410/1795/410 467/1796/467
f 468/1797/468 523/1798/523 467/1799/467 411/1800/411
f 470/1801/470 524/1802/524 468/1803/468 413/1804/413
f 499/1805/499 444/1806/444 414/1807/414 469/1808/469
f 460/1809/460 513/1810/513 525/1811/525 470/1812/470
f 495/1813/495 472/1814/472 415/1815/415 471/1816/471
f 426/1817/426 472/1818/472 526/1819/526 480/1820/480
f 527/1821/527 473/1822/473 424/1823/424 479/1824/479
f 528/1825/528 529/1826/529 417/1827/417 473/1828/473
f 474/1829/474 530/1830/530 475/1831/475 418/1832/418
f 531/1833/531 474/1834/474 417/1835/417 529/1836/529
f 475/1837/475 532/1838/532 476/1839/476 419/1840/419
f 421/1841/421 476/1842/476 533/1843/533 534/1844/534
f 535/1845/535 477/1846/477 422/1847/422 534/1848/534
f 536/1849/536 478/1850/478 420/1851/420 477/1852/477
f 478/1853/478 537/1854/537 538/1855/538 423/1856/423
f 479/1857/479 425/1858/425 481/1859/481 539/1860/539
f 540/1861/540 481/1862/481 480/1863/480 541/1864/541
f 482/1865/482 542/1866/542 543/1867/543 483/1868/483
f 423/1869/423 538/1870/538 484/1871/484 429/1872/429
f 484/1873/484 544/1874/544 542/1875/542 482/1876/482
f 486/1877/486 485/1878/485 545/1879/545 546/1880/546
f 487/1881/487 432/1882/432 486/1883/486 547/1884/547
f 433/1885/433 487/1886/487 548/1887/548 488/1888/488
f 489/1889/489 434/1890/434 488/1891/488 549/1892/549
f 489/1893/489 550/1894/550 490/1895/490 435/1896/435
f 551/1897/551 491/1898/491 436/1899/436 490/1900/490
f 491/1901/491 552/1902/552 553/1903/553 492/1904/492
f 554/1905/554 438/1906/438 492/1907/492 553/1908/553
f 555/1909/555 493/1910/493 439/1911/439 556/1912/556
f 557/1913/557 494/1914/494 483/1915/483 543/1916/543
f 485/1917/485 441/1918/441 494/1919/494 545/1920/545
f 555/1921/555 495/1922/495 442/1923/442 493/1924/493
f 446/1925/446 496/1926/496 558/1927/558 497/1928/497
f 447/1929/447 498/1930/498 504/1931/504 445/1932/445
f 499/1933/499 559/1934/559 558/1935/558 496/1936/496
f 500/1937/500 560/1938/560 501/1939/501 449/1940/449
f 500/1941/500 451/1942/451 503/1943/503 561/1944/561
f 452/1945/452 502/1946/502 508/1947/508 507/1948/507
f 453/1949/453 505/1950/505 562/1951/562 503/1952/503
f 505/1953/505 504/1954/504 563/1955/563 564/1956/564
f 506/1957/506 565/1958/565 509/1959/509 455/1960/455
f 506/1961/506 454/1962/454 508/1963/508 566/1964/566
f 509/1965/509 567/1966/567 510/1967/510 456/1968/456
f 514/1969/514 406/1970/406 457/1971/457 510/1972/510
f 568/1973/568 511/1974/511 464/1975/464 569/1976/569
f 512/1977/512 459/1978/459 458/1979/458 511/1980/511
f 512/1981/512 570/1982/570 571/1983/571 513/1984/513
f 572/1985/572 573/1986/573 515/1987/515 514/1988/514
f 574/1989/574 516/1990/516 461/1991/461 515/1992/515
f 517/1993/517 462/1994/462 516/1995/516 575/1996/575
f 517/1997/517 576/1998/576 518/1999/518 463/2000/463
f 519/2001/519 518/2002/518 577/2003/577 578/2004/578
f 464/2005/464 519/2006/519 579/2007/579 569/2008/569
f 580/2009/580 520/2010/520 466/2011/466 522/2012/522
f 581/2013/581 521/2014/521 465/2015/465 520/2016/520
f 499/2017/499 469/2018/469 521/2019/521 559/2020/559
f 582/2021/582 522/2022/522 467/2023/467 523/2024/523
f 468/2025/468 524/2026/524 583/2027/583 523/2028/523
f 584/2029/584 524/2030/524 470/2031/470 525/2032/525
f 513/2033/513 571/2034/571 585/2035/585 525/2036/525
f 555/2037/555 526/2038/526 472/2039/472 495/2040/495
f 586/2041/586 541/2042/541 480/2043/480 526/2044/526
f 527/2045/527 587/2046/587 528/2047/528 473/2048/473
f 527/2049/527 479/2050/479 539/2051/539 588/2052/588
f 528/2053/528 589/2054/589 590/2055/590 529/2056/529
f 531/2057/531 591/2058/591 530/2059/530 474/2060/474
f 592/2061/592 532/2062/532 475/2063/475 530/2064/530
f 531/2065/531 529/2066/529 590/2067/590 593/2068/593
f 533/2069/533 476/2070/476 532/2071/532 594/2072/594
f 533/2073/533 595/2074/595 596/2075/596 534/2076/534
f 536/2077/536 477/2078/477 535/2079/535 597/2080/597
f 598/2081/598 535/2082/535 534/2083/534 596/2084/596
f 536/2085/536 599/2086/599 537/2087/537 478/2088/478
f 537/2089/537 600/2090/600 601/2091/601 538/2092/538
f 602/2093/602 539/2094/539 481/2095/481 540/2096/540
f 603/2097/603 540/2098/540 541/2099/541 552/2100/552
f 604/2101/604 543/2102/543 542/2103/542 605/2104/605
f 606/2105/606 605/2106/605 542/2107/542 544/2108/544
f 546/2109/546 545/2110/545 607/2111/607 608/2112/608
f 609/2113/609 547/2114/547 486/2115/486 546/2116/546
f 610/2117/610 548/2118/548 487/2119/487 547/2120/547
f 548/2121/548 611/2122/611 549/2123/549 488/2124/488
f 489/2125/489 549/2126/549 612/2127/612 550/2128/550
f 550/2129/550 613/2130/613 551/2131/551 490/2132/490
f 551/2133/551 603/2134/603 552/2135/552 491/2136/491
f 586/2137/586 553/2138/553 552/2139/552 541/2140/541
f 586/2141/586 556/2142/556 554/2143/554 553/2144/553
f 586/2145/586 526/2146/526 555/2147/555 556/2148/556
f 607/2149/607 545/2150/545 494/2151/494 557/2152/557
f 557/2153/557 543/2154/543 604/2155/604 614/2156/614
f 497/2157/497 558/2158/558 615/2159/615 616/2160/616
f 563/2161/563 504/2162/504 498/2163/498 616/2164/616
f 559/2165/559 617/2166/617 615/2167/615 558/2168/558
f 500/2169/500 561/2170/561 618/2171/618 560/2172/560
f 560/2173/560 619/2174/619 502/2175/502 501/2176/501
f 503/2177/503 562/2178/562 620/2179/620 561/2180/561
f 502/2181/502 619/2182/619 566/2183/566 508/2184/508
f 505/2185/505 564/2186/564 621/2187/621 562/2188/562
f 563/2189/563 622/2190/622 623/2191/623 564/2192/564
f 506/2193/506 566/2194/566 624/2195/624 565/2196/565
f 565/2197/565 625/2198/625 567/2199/567 509/2200/509
f 567/2201/567 572/2202/572 514/2203/514 510/2204/510
f 512/2205/512 511/2206/511 568/2207/568 570/2208/570
f 568/2209/568 569/2210/569 626/2211/626 627/2212/627
f 570/2213/570 628/2214/628 629/2215/629 571/2216/571
f 572/2217/572 630/2218/630 631/2219/631 573/2220/573
f 574/2221/574 515/2222/515 573/2223/573 632/2224/632
f 633/2225/633 575/2226/575 516/2227/516 574/2228/574
f 517/2229/517 575/2230/575 634/2231/634 576/2232/576
f 576/2233/576 635/2234/635 577/2235/577 518/2236/518
f 578/2237/578 577/2238/577 636/2239/636 637/2240/637
f 569/2241/569 579/2242/579 638/2243/638 626/2244/626
f 580/2245/580 639/2246/639 581/2247/581 520/2248/520
f 582/2249/582 640/2250/640 580/2251/580 522/2252/522
f 559/2253/559 521/2254/521 581/2255/581 617/2256/617
f 582/2257/582 523/2258/523 583/2259/583 641/2260/641
f 642/2261/642 583/2262/583 524/2263/524 584/2264/584
f 584/2265/584 525/2266/525 643/2267/643 644/2268/644
f 645/2269/645 585/2270/585 571/2271/571 629/2272/629
f 646/2273/646 643/2274/643 525/2275/525 585/2276/585
f 527/2277/527 588/2278/588 647/2279/647 587/2280/587
f 587/2281/587 648/2282/648 589/2283/589 528/2284/528
f 602/2285/602 649/2286/649 588/2287/588 539/2288/539
f 650/2289/650 590/2290/590 589/2291/589 651/2292/651
f 531/2293/531 593/2294/593 652/2295/652 591/2296/591
f 592/2297/592 530/2298/530 591/2299/591 653/2300/653
f 592/2301/592 654/2302/654 594/2303/594 532/2304/532
f 650/2305/650 655/2306/655 593/2307/593 590/2308/590
f 533/2309/533 594/2310/594 656/2311/656 595/2312/595
f 657/2313/657 658/2314/658 596/2315/596 595/2316/595
f 659/2317/659 597/2318/597 535/2319/535 598/2320/598
f 536/2321/536 597/2322/597 660/2323/660 599/2324/599
f 598/2325/598 596/2326/596 658/2327/658 661/2328/661
f 662/2329/662 600/2330/600 537/2331/537 599/2332/599
f 663/2333/663 664/2334/664 601/2335/601 600/2336/600
f 602/2337/602 540/2338/540 603/2339/603 665/2340/665
f 666/2341/666 667/2342/667 604/2343/604 605/2344/605
f 666/2345/666 605/2346/605 606/2347/606 668/2348/668
f 669/2349/669 608/2350/608 607/2351/607 670/2352/670
f 609/2353/609 546/2354/546 608/2355/608 671/2356/671
f 610/2357/610 547/2358/547 609/2359/609 672/2360/672
f 610/2361/610 673/2362/673 611/2363/611 548/2364/548
f 674/2365/674 612/2366/612 549/2367/549 611/2368/611
f 675/2369/675 613/2370/613 550/2371/550 612/2372/612
f 665/2373/665 603/2374/603 551/2375/551 613/2376/613
f 670/2377/670 607/2378/607 557/2379/557 614/2380/614
f 667/2381/667 676/2382/676 614/2383/614 604/2384/604
f 677/2385/677 616/2386/616 615/2387/615 678/2388/678
f 563/2389/563 616/2390/616 677/2391/677 622/2392/622
f 679/2393/679 678/2394/678 615/2395/615 617/2396/617
f 680/2397/680 618/2398/618 561/2399/561 620/2400/620
f 560/2401/560 618/2402/618 681/2403/681 619/2404/619
f 562/2405/562 621/2406/621 682/2407/682 620/2408/620
f 624/2409/624 566/2410/566 619/2411/619 681/2412/681
f 564/2413/564 623/2414/623 683/2415/683 621/2416/621
f 622/2417/622 684/2418/684 685/2419/685 623/2420/623
f 565/2421/565 624/2422/624 686/2423/686 625/2424/625
f 625/2425/625 630/2426/630 572/2427/572 567/2428/567
f 568/2429/568 627/2430/627 628/2431/628 570/2432/570
f 626/2433/626 687/2434/687 688/2435/688 627/2436/627
f 689/2437/689 629/2438/629 628/2439/628 690/2440/690
f 691/2441/691 631/2442/631 630/2443/630 692/2444/692
f 693/2445/693 632/2446/632 573/2447/573 631/2448/631
f 633/2449/633 574/2450/574 632/2451/632 694/2452/694
f 634/2453/634 575/2454/575 633/2455/633 695/2456/695
f 576/2457/576 634/2458/634 696/2459/696 635/2460/635
f 577/2461/577 635/2462/635 697/2463/697 636/2464/636
f 698/2465/698 637/2466/637 636/2467/636 699/2468/699
f 700/2469/700 701/2470/701 578/2471/578 637/2472/637
f 578/2473/578 701/2474/701 638/2475/638 579/2476/579
f 626/2477/626 638/2478/638 702/2479/702 687/2480/687
f 703/2481/703 639/2482/639 580/2483/580 640/2484/640
f 581/2485/581 639/2486/639 679/2487/679 617/2488/617
f 582/2489/582 641/2490/641 704/2491/704 640/2492/640
f 642/2493/642 705/2494/705 641/2495/641 583/2496/583
f 642/2497/642 584/2498/584 644/2499/644 706/2500/706
f 644/2501/644 643/2502/643 707/2503/707 708/2504/708
f 709/2505/709 646/2506/646 585/2507/585 645/2508/645
f 645/2509/645 629/2510/629 689/2511/689 710/2512/710
f 646/2513/646 711/2514/711 707/2515/707 643/2516/643
f 712/2517/712 647/2518/647 588/2519/588 649/2520/649
f 713/2521/713 648/2522/648 587/2523/587 647/2524/647
f 714/2525/714 651/2526/651 589/2527/589 648/2528/648
f 602/2529/602 665/2530/665 675/2531/675 649/2532/649
f 650/2533/650 651/2534/651 715/2535/715 716/2536/716
f 593/2537/593 655/2538/655 717/2539/717 652/2540/652
f 718/2541/718 653/2542/653 591/2543/591 652/2544/652
f 719/2545/719 654/2546/654 592/2547/592 653/2548/653
f 720/2549/720 656/2550/656 594/2551/594 654/2552/654
f 650/2553/650 716/2554/716 721/2555/721 655/2556/655
f 722/2557/722 658/2558/658 657/2559/657 723/2560/723
f 724/2561/724 660/2562/660 597/2563/597 659/2564/659
f 659/2565/659 598/2566/598 661/2567/661 725/2568/725
f 660/2569/660 726/2570/726 662/2571/662 599/2572/599
f 722/2573/722 727/2574/727 661/2575/661 658/2576/658
f 728/2577/728 663/2578/663 600/2579/600 662/2580/662
f 729/2581/729 664/2582/664 663/2583/663 730/2584/730
f 668/2585/668 606/2586/606 601/2587/601 664/2588/664
f 666/2589/666 731/2590/731 732/2591/732 667/2592/667
f 666/2593/666 668/2594/668 733/2595/733 731/2596/731
f 669/2597/669 734/2598/734 671/2599/671 608/2600/608
f 735/2601/735 736/2602/736 669/2603/669 670/2604/670
f 610/2605/610 672/2606/672 737/2607/737 673/2608/673
f 674/2609/674 611/2610/611 673/2611/673 738/2612/738
f 739/2613/739 675/2614/675 612/2615/612 674/2616/674
f 735/2617/735 670/2618/670 614/2619/614 676/2620/676
f 740/2621/740 676/2622/676 667/2623/667 732/2624/732
f 741/2625/741 742/2626/742 677/2627/677 678/2628/678
f 622/2629/622 677/2630/677 742/2631/742 684/2632/684
f 741/2633/741 678/2634/678 679/2635/679 743/2636/743
f 680/2637/680 744/2638/744 681/2639/681 618/2640/618
f 680/2641/680 620/2642/620 682/2643/682 745/2644/745
f 682/2645/682 621/2646/621 683/2647/683 746/2648/746
f 624/2649/624 681/2650/681 744/2651/744 686/2652/686
f 623/2653/623 685/2654/685 747/2655/747 683/2656/683
f 684/2657/684 748/2658/748 749/2659/749 685/2660/685
f 625/2661/625 686/2662/686 692/2663/692 630/2664/630
f 750/2665/750 751/2666/751 688/2667/688 687/2668/687
f 628/2669/628 688/2670/688 751/2671/751 690/2672/690
f 752/2673/752 689/2674/689 690/2675/690 753/2676/753
f 693/2677/693 631/2678/631 691/2679/691 754/2680/754
f 755/2681/755 756/2682/756 691/2683/691 692/2684/692
f 757/2685/757 694/2686/694 632/2687/632 693/2688/693
f 758/2689/758 695/2690/695 633/2691/633 694/2692/694
f 696/2693/696 634/2694/634 695/2695/695 759/2696/759
f 696/2697/696 760/2698/760 697/2699/697 635/2700/635
f 761/2701/761 699/2702/699 636/2703/636 697/2704/697
f 762/2705/762 700/2706/700 637/2707/637 698/2708/698
f 763/2709/763 698/2710/698 699/2711/699 764/2712/764
f 765/2713/765 766/2714/766 701/2715/701 700/2716/700
f 701/2717/701 766/2718/766 702/2719/702 638/2720/638
f 767/2721/767 750/2722/750 687/2723/687 702/2724/702
f 703/2725/703 743/2726/743 679/2727/679 639/2728/639
f 704/2729/704 768/2730/768 703/2731/703 640/2732/640
f 769/2733/769 704/2734/704 641/2735/641 705/2736/705
f 770/2737/770 706/2738/706 644/2739/644 708/2740/708
f 771/2741/771 772/2742/772 708/2743/708 707/2744/707
f 709/2745/709 723/2746/723 711/2747/711 646/2748/646
f 709/2749/709 645/2750/645 710/2751/710 773/2752/773
f 774/2753/774 710/2754/710 689/2755/689 752/2756/752
f 771/2757/771 707/2758/707 711/2759/711 775/2760/775
f 776/2761/776 713/2762/713 647/2763/647 712/2764/712
f 712/2765/712 649/2766/649 675/2767/675 739/2768/739
f 714/2769/714 777/2770/777 778/2771/778 651/2772/651
f 715/2773/715 651/2774/651 778/2775/778 779/2776/779
f 715/2777/715 780/2778/780 781/2779/781 716/2780/716
f 717/2781/717 655/2782/655 721/2783/721 782/2784/782
f 718/2785/718 652/2786/652 717/2787/717 783/2788/783
f 718/2789/718 784/2790/784 719/2791/719 653/2792/653
f 785/2793/785 720/2794/720 654/2795/654 719/2796/719
f 771/2797/771 656/2798/656 720/2799/720 772/2800/772
f 721/2801/721 716/2802/716 781/2803/781 786/2804/786
f 711/2805/711 723/2806/723 657/2807/657 775/2808/775
f 722/2809/722 723/2810/723 709/2811/709 773/2812/773
f 724/2813/724 787/2814/787 726/2815/726 660/2816/660
f 788/2817/788 724/2818/724 659/2819/659 725/2820/725
f 789/2821/789 725/2822/725 661/2823/661 727/2824/727
f 728/2825/728 662/2826/662 726/2827/726 790/2828/790
f 722/2829/722 773/2830/773 791/2831/791 727/2832/727
f 728/2833/728 792/2834/792 730/2835/730 663/2836/663
f 668/2837/668 664/2838/664 729/2839/729 733/2840/733
f 793/2841/793 794/2842/794 732/2843/732 731/2844/731
f 793/2845/793 731/2846/731 733/2847/733 795/2848/795
f 669/2849/669 736/2850/736 796/2851/796 734/2852/734
f 734/2853/734 797/2854/797 798/2855/798 671/2856/671
f 735/2857/735 799/2858/799 800/2859/800 736/2860/736
f 672/2861/672 671/2862/671 798/2863/798 737/2864/737
f 737/2865/737 801/2866/801 738/2867/738 673/2868/673
f 739/2869/739 674/2870/674 738/2871/738 802/2872/802
f 735/2873/735 676/2874/676 740/2875/740 799/2876/799
f 794/2877/794 803/2878/803 740/2879/740 732/2880/732
f 741/2881/741 804/2882/804 805/2883/805 742/2884/742
f 684/2885/684 742/2886/742 805/2887/805 748/2888/748
f 741/2889/741 743/2890/743 806/2891/806 804/2892/804
f 680/2893/680 745/2894/745 755/2895/755 744/2896/744
f 745/2897/745 682/2898/682 746/2899/746 807/2900/807
f 746/2901/746 683/2902/683 747/2903/747 808/2904/808
f 744/2905/744 755/2906/755 692/2907/692 686/2908/686
f 747/2909/747 685/2910/685 749/2911/749 809/2912/809
f 749/2913/749 748/2914/748 810/2915/810 811/2916/811
f 812/2917/812 751/2918/751 750/2919/750 813/2920/813
f 690/2921/690 751/2922/751 812/2923/812 753/2924/753
f 752/2925/752 753/2926/753 814/2927/814 815/2928/815
f 691/2929/691 756/2930/756 816/2931/816 754/2932/754
f 757/2933/757 693/2934/693 754/2935/754 817/2936/817
f 745/2937/745 807/2938/807 756/2939/756 755/2940/755
f 757/2941/757 818/2942/818 758/2943/758 694/2944/694
f 819/2945/819 759/2946/759 695/2947/695 758/2948/758
f 820/2949/820 760/2950/760 696/2951/696 759/2952/759
f 821/2953/821 761/2954/761 697/2955/697 760/2956/760
f 764/2957/764 699/2958/699 761/2959/761 822/2960/822
f 762/2961/762 823/2962/823 765/2963/765 700/2964/700
f 762/2965/762 698/2966/698 763/2967/763 824/2968/824
f 763/2969/763 764/2970/764 825/2971/825 826/2972/826
f 827/2973/827 767/2974/767 766/2975/766 765/2976/765
f 767/2977/767 828/2978/828 813/2979/813 750/2980/750
f 703/2981/703 768/2982/768 806/2983/806 743/2984/743
f 829/2985/829 830/2986/830 769/2987/769 705/2988/705
f 770/2989/770 708/2990/708 772/2991/772 831/2992/831
f 774/2993/774 791/2994/791 773/2995/773 710/2996/710
f 774/2997/774 752/2998/752 815/2999/815 832/3000/832
f 776/3001/776 833/3002/833 834/3003/834 713/3004/713
f 776/3005/776 712/3006/712 739/3007/739 802/3008/802
f 835/3009/835 779/3010/779 778/3011/778 836/3012/836
f 715/3013/715 779/3014/779 837/3015/837 780/3016/780
f 838/3017/838 839/3018/839 781/3019/781 780/3020/780
f 721/3021/721 786/3022/786 840/3023/840 782/3024/782
f 841/3025/841 783/3026/783 717/3027/717 782/3028/782
f 718/3029/718 783/3030/783 842/3031/842 784/3032/784
f 843/3033/843 785/3034/785 719/3035/719 784/3036/784
f 831/3037/831 772/3038/772 720/3039/720 785/3040/785
f 844/3041/844 786/3042/786 781/3043/781 839/3044/839
f 845/3045/845 787/3046/787 724/3047/724 788/3048/788
f 726/3049/726 787/3050/787 846/3051/846 790/3052/790
f 788/3053/788 725/3054/725 789/3055/789 847/3056/847
f 789/3057/789 727/3058/727 791/3059/791 848/3060/848
f 728/3061/728 790/3062/790 849/3063/849 792/3064/792
f 792/3065/792 850/3066/850 851/3067/851 730/3068/730
f 729/3069/729 852/3070/852 795/3071/795 733/3072/733
f 793/3073/793 853/3074/853 854/3075/854 794/3076/794
f 793/3077/793 795/3078/795 855/3079/855 853/3080/853
f 736/3081/736 800/3082/800 856/3083/856 796/3084/796
f 857/3085/857 797/3086/797 734/3087/734 796/3088/796
f 858/3089/858 798/3090/798 797/3091/797 859/3092/859
f 799/3093/799 860/3094/860 861/3095/861 800/3096/800
f 858/3097/858 801/3098/801 737/3099/737 798/3100/798
f 801/3101/801 862/3102/862 802/3103/802 738/3104/738
f 740/3105/740 803/3106/803 860/3107/860 799/3108/799
f 794/3109/794 854/3110/854 863/3111/863 803/3112/803
f 864/3113/864 805/3114/805 804/3115/804 865/3116/865
f 864/3117/864 810/3118/810 748/3119/748 805/3120/805
f 866/3121/866 867/3122/867 804/3123/804 806/3124/806
f 746/3125/746 808/3126/808 868/3127/868 807/3128/807
f 808/3129/808 747/3130/747 809/3131/809 869/3132/869
f 870/3133/870 809/3134/809 749/3135/749 811/3136/811
f 810/3137/810 871/3138/871 872/3139/872 811/3140/811
f 873/3141/873 812/3142/812 813/3143/813 874/3144/874
f 873/3145/873 814/3146/814 753/3147/753 812/3148/812
f 875/3149/875 876/3150/876 815/3151/815 814/3152/814
f 868/3153/868 816/3154/816 756/3155/756 807/3156/807
f 757/3157/757 817/3158/817 877/3159/877 818/3160/818
f 819/3161/819 758/3162/758 818/3163/818 878/3164/878
f 820/3165/820 759/3166/759 819/3167/819 879/3168/879
f 821/3169/821 760/3170/760 820/3171/820 880/3172/880
f 821/3173/821 881/3174/881 822/3175/822 761/3176/761
f 764/3177/764 822/3178/822 882/3179/882 825/3180/825
f 762/3181/762 824/3182/824 883/3183/883 823/3184/823
f 827/3185/827 765/3186/765 823/3187/823 884/3188/884
f 763/3189/763 826/3190/826 885/3191/885 824/3192/824
f 886/3193/886 887/3194/887 826/3195/826 825/3196/825
f 827/3197/827 888/3198/888 828/3199/828 767/3200/767
f 889/3201/889 874/3202/874 813/3203/813 828/3204/828
f 890/3205/890 866/3206/866 806/3207/806 768/3208/768
f 829/3209/829 891/3210/891 892/3211/892 830/3212/830
f 769/3213/769 830/3214/830 893/3215/893 894/3216/894
f 770/3217/770 831/3218/831 891/3219/891 829/3220/829
f 774/3221/774 832/3222/832 848/3223/848 791/3224/791
f 876/3225/876 895/3226/895 832/3227/832 815/3228/815
f 776/3229/776 802/3230/802 862/3231/862 833/3232/833
f 833/3233/833 896/3234/896 897/3235/897 834/3236/834
f 898/3237/898 837/3238/837 779/3239/779 835/3240/835
f 835/3241/835 836/3242/836 899/3243/899 900/3244/900
f 901/3245/901 838/3246/838 780/3247/780 837/3248/837
f 838/3249/838 902/3250/902 903/3251/903 839/3252/839
f 904/3253/904 840/3254/840 786/3255/786 844/3256/844
f 841/3257/841 782/3258/782 840/3259/840 905/3260/905
f 841/3261/841 906/3262/906 842/3263/842 783/3264/783
f 907/3265/907 843/3266/843 784/3267/784 842/3268/842
f 831/3269/831 785/3270/785 843/3271/843 891/3272/891
f 844/3273/844 839/3274/839 903/3275/903 908/3276/908
f 845/3277/845 909/3278/909 846/3279/846 787/3280/787
f 845/3281/845 788/3282/788 847/3283/847 910/3284/910
f 790/3285/790 846/3286/846 911/3287/911 849/3288/849
f 789/3289/789 848/3290/848 912/3291/912 847/3292/847
f 792/3293/792 849/3294/849 913/3295/913 850/3296/850
f 850/3297/850 914/3298/914 915/3299/915 851/3300/851
f 916/3301/916 852/3302/852 730/3303/730 851/3304/851
f 916/3305/916 855/3306/855 795/3307/795 852/3308/852
f 854/3309/854 853/3310/853 917/3311/917 918/3312/918
f 855/3313/855 919/3314/919 917/3315/917 853/3316/853
f 920/3317/920 856/3318/856 800/3319/800 861/3320/861
f 921/3321/921 857/3322/857 796/3323/796 856/3324/856
f 859/3325/859 797/3326/797 857/3327/857 922/3328/922
f 858/3329/858 859/3330/859 923/3331/923 924/3332/924
f 925/3333/925 926/3334/926 861/3335/861 860/3336/860
f 858/3337/858 924/3338/924 862/3339/862 801/3340/801
f 925/3341/925 860/3342/860 803/3343/803 863/3344/863
f 854/3345/854 918/3346/918 927/3347/927 863/3348/863
f 865/3349/865 804/3350/804 867/3351/867 928/3352/928
f 929/3353/929 930/3354/930 864/3355/864 865/3356/865
f 864/3357/864 930/3358/930 871/3359/871 810/3360/810
f 931/3361/931 928/3362/928 867/3363/867 866/3364/866
f 808/3365/808 869/3366/869 932/3367/932 868/3368/868
f 870/3369/870 933/3370/933 869/3371/869 809/3372/809
f 934/3373/934 870/3374/870 811/3375/811 872/3376/872
f 935/3377/935 936/3378/936 872/3379/872 871/3380/871
f 873/3381/873 874/3382/874 937/3383/937 938/3384/938
f 875/3385/875 814/3386/814 873/3387/873 938/3388/938
f 875/3389/875 939/3390/939 940/3391/940 876/3392/876
f 868/3393/868 932/3394/932 941/3395/941 816/3396/816
f 877/3397/877 817/3398/817 942/3399/942 943/3400/943
f 944/3401/944 878/3402/878 818/3403/818 877/3404/877
f 819/3405/819 878/3406/878 945/3407/945 879/3408/879
f 820/3409/820 879/3410/879 946/3411/946 880/3412/880
f 947/3413/947 881/3414/881 821/3415/821 880/3416/880
f 948/3417/948 882/3418/882 822/3419/822 881/3420/881
f 949/3421/949 886/3422/886 825/3423/825 882/3424/882
f 824/3425/824 885/3426/885 950/3427/950 883/3428/883
f 823/3429/823 883/3430/883 951/3431/951 884/3432/884
f 952/3433/952 888/3434/888 827/3435/827 884/3436/884
f 826/3437/826 887/3438/887 953/3439/953 885/3440/885
f 954/3441/954 955/3442/955 887/3443/887 886/3444/886
f 956/3445/956 889/3446/889 828/3447/828 888/3448/888
f 957/3449/957 937/3450/937 874/3451/874 889/3452/889
f 958/3453/958 866/3454/866 890/3455/890 959/3456/959
f 892/3457/892 891/3458/891 843/3459/843 907/3460/907
f 960/3461/960 893/3462/893 830/3463/830 892/3464/892
f 894/3465/894 893/3466/893 959/3467/959 890/3468/890
f 895/3469/895 912/3470/912 848/3471/848 832/3472/832
f 876/3473/876 940/3474/940 961/3475/961 895/3476/895
f 833/3477/833 862/3478/862 924/3479/924 896/3480/896
f 962/3481/962 897/3482/897 896/3483/896 963/3484/963
f 898/3485/898 964/3486/964 901/3487/901 837/3488/837
f 965/3489/965 898/3490/898 835/3491/835 900/3492/900
f 962/3493/962 899/3494/899 836/3495/836 897/3496/897
f 966/3497/966 900/3498/900 899/3499/899 967/3500/967
f 901/3501/901 968/3502/968 902/3503/902 838/3504/838
f 903/3505/903 902/3506/902 969/3507/969 970/3508/970
f 905/3509/905 840/3510/840 904/3511/904 971/3512/971
f 972/3513/972 904/3514/904 844/3515/844 908/3516/908
f 841/3517/841 905/3518/905 973/3519/973 906/3520/906
f 974/3521/974 907/3522/907 842/3523/842 906/3524/906
f 903/3525/903 970/3526/970 975/3527/975 908/3528/908
f 845/3529/845 910/3530/910 976/3531/976 909/3532/909
f 909/3533/909 977/3534/977 911/3535/911 846/3536/846
f 910/3537/910 847/3538/847 912/3539/912 978/3540/978
f 913/3541/913 849/3542/849 911/3543/911 979/3544/979
f 913/3545/913 980/3546/980 914/3547/914 850/3548/850
f 915/3549/915 914/3550/914 981/3551/981 982/3552/982
f 916/3553/916 851/3554/851 915/3555/915 983/3556/983
f 916/3557/916 983/3558/983 919/3559/919 855/3560/855
f 984/3561/984 918/3562/918 917/3563/917 985/3564/985
f 919/3565/919 986/3566/986 985/3567/985 917/3568/917
f 921/3569/921 856/3570/856 920/3571/920 987/3572/987
f 988/3573/988 920/3574/920 861/3575/861 926/3576/926
f 921/3577/921 989/3578/989 922/3579/922 857/3580/857
f 859/3581/859 922/3582/922 990/3583/990 923/3584/923
f 963/3585/963 896/3586/896 924/3587/924 923/3588/923
f 925/3589/925 991/3590/991 992/3591/992 926/3592/926
f 925/3593/925 863/3594/863 927/3595/927 991/3596/991
f 984/3597/984 993/3598/993 927/3599/927 918/3600/918
f 929/3601/929 865/3602/865 928/3603/928 994/3604/994
f 995/3605/995 996/3606/996 930/3607/930 929/3608/929
f 996/3609/996 935/3610/935 871/3611/871 930/3612/930
f 997/3613/997 994/3614/994 928/3615/928 931/3616/931
f 958/3617/958 998/3618/998 931/3619/931 866/3620/866
f 933/3621/933 999/3622/999 932/3623/932 869/3624/869
f 934/3625/934 1000/3626/1000 933/3627/933 870/3628/870
f 934/3629/934 872/3630/872 936/3631/936 1001/3632/1001
f 935/3633/935 1002/3634/1002 1003/3635/1003 936/3636/936
f 1004/3637/1004 938/3638/938 937/3639/937 1005/3640/1005
f 1004/3641/1004 939/3642/939 875/3643/875 938/3644/938
f 1006/3645/1006 940/3646/940 939/3647/939 1007/3648/1007
f 999/3649/999 1008/3650/1008 941/3651/941 932/3652/932
f 1009/3653/1009 1010/3654/1010 943/3655/943 942/3656/942
f 944/3657/944 877/3658/877 943/3659/943 1011/3660/1011
f 945/3661/945 878/3662/878 944/3663/944 1012/3664/1012
f 879/3665/879 945/3666/945 1013/3667/1013 946/3668/946
f 948/3669/948 881/3670/881 947/3671/947 1014/3672/1014
f 948/3673/948 1015/3674/1015 949/3675/949 882/3676/882
f 1016/3677/1016 950/3678/950 885/3679/885 953/3680/953
f 1017/3681/1017 951/3682/951 883/3683/883 950/3684/950
f 1018/3685/1018 956/3686/956 888/3687/888 952/3688/952
f 955/3689/955 1019/3690/1019 953/3691/953 887/3692/887
f 954/3693/954 1020/3694/1020 1021/3695/1021 955/3696/955
f 956/3697/956 1022/3698/1022 957/3699/957 889/3700/889
f 1023/3701/1023 1005/3702/1005 937/3703/937 957/3704/957
f 958/3705/958 959/3706/959 1024/3707/1024 1025/3708/1025
f 960/3709/960 892/3710/892 907/3711/907 974/3712/974
f 960/3713/960 1024/3714/1024 959/3715/959 893/3716/893
f 978/3717/978 912/3718/912 895/3719/895 961/3720/961
f 1006/3721/1006 1026/3722/1026 961/3723/961 940/3724/940
f 962/3725/962 963/3726/963 1027/3727/1027 1028/3728/1028
f 965/3729/965 1029/3730/1029 964/3731/964 898/3732/898
f 901/3733/901 964/3734/964 1030/3735/1030 968/3736/968
f 966/3737/966 1031/3738/1031 965/3739/965 900/3740/900
f 962/3741/962 1028/3742/1028 967/3743/967 899/3744/899
f 1032/3745/1032 1033/3746/1033 966/3747/966 967/3748/967
f 1034/3749/1034 969/3750/969 902/3751/902 968/3752/968
f 1035/3753/1035 970/3754/970 969/3755/969 1036/3756/1036
f 1037/3757/1037 971/3758/971 904/3759/904 972/3760/972
f 1038/3761/1038 973/3762/973 905/3763/905 971/3764/971
f 972/3765/972 908/3766/908 975/3767/975 1039/3768/1039
f 974/3769/974 906/3770/906 973/3771/973 1040/3772/1040
f 1035/3773/1035 1041/3774/1041 975/3775/975 970/3776/970
f 976/3777/976 910/3778/910 1042/3779/1042 1043/3780/1043
f 976/3781/976 1044/3782/1044 977/3783/977 909/3784/909
f 911/3785/911 977/3786/977 1045/3787/1045 979/3788/979
f 913/3789/913 979/3790/979 1046/3791/1046 980/3792/980
f 983/3793/983 915/3794/915 982/3795/982 1047/3796/1047
f 919/3797/919 983/3798/983 1047/3799/1047 986/3800/986
f 984/3801/984 985/3802/985 1048/3803/1048 1049/3804/1049
f 985/3805/985 986/3806/986 1050/3807/1050 1048/3808/1048
f 1051/3809/1051 987/3810/987 920/3811/920 988/3812/988
f 921/3813/921 987/3814/987 1052/3815/1052 1053/3816/1053
f 1054/3817/1054 988/3818/988 926/3819/926 992/3820/992
f 921/3821/921 1053/3822/1053 1055/3823/1055 989/3824/989
f 922/3825/922 989/3826/989 1055/3827/1055 990/3828/990
f 963/3829/963 923/3830/923 990/3831/990 1027/3832/1027
f 1056/3833/1056 992/3834/992 991/3835/991 1057/3836/1057
f 1057/3837/1057 991/3838/991 927/3839/927 993/3840/993
f 984/3841/984 1049/3842/1049 1058/3843/1058 993/3844/993
f 995/3845/995 1059/3846/1059 1060/3847/1060 996/3848/996
f 996/3849/996 1060/3850/1060 1002/3851/1002 935/3852/935
f 1061/3853/1061 997/3854/997 931/3855/931 998/3856/998
f 958/3857/958 1025/3858/1025 1062/3859/1062 998/3860/998
f 933/3861/933 1000/3862/1000 1063/3863/1063 999/3864/999
f 934/3865/934 1001/3866/1001 1064/3867/1064 1000/3868/1000
f 936/3869/936 1003/3870/1003 1065/3871/1065 1001/3872/1001
f 1002/3873/1002 1066/3874/1066 1067/3875/1067 1003/3876/1003
f 1004/3877/1004 1005/3878/1005 1068/3879/1068 1069/3880/1069
f 1004/3881/1004 1069/3882/1069 1007/3883/1007 939/3884/939
f 1006/3885/1006 1007/3886/1007 1070/3887/1070 1071/3888/1071
f 999/3889/999 1063/3890/1063 1072/3891/1072 1008/3892/1008
f 1008/3893/1008 1009/3894/1009 942/3895/942 941/3896/941
f 1009/3897/1009 1073/3898/1073 1074/3899/1074 1010/3900/1010
f 943/3901/943 1010/3902/1010 1075/3903/1075 1011/3904/1011
f 944/3905/944 1011/3906/1011 1076/3907/1076 1012/3908/1012
f 945/3909/945 1012/3910/1012 1077/3911/1077 1013/3912/1013
f 946/3913/946 1013/3914/1013 1078/3915/1078 1079/3916/1079
f 1080/3917/1080 1014/3918/1014 947/3919/947 1081/3920/1081
f 948/3921/948 1014/3922/1014 1082/3923/1082 1015/3924/1015
f 949/3925/949 1015/3926/1015 1083/3927/1083 1084/3928/1084
f 1017/3929/1017 950/3930/950 1016/3931/1016 1085/3932/1085
f 1016/3933/1016 953/3934/953 1019/3935/1019 1086/3936/1086
f 1087/3937/1087 952/3938/952 951/3939/951 1017/3940/1017
f 1018/3941/1018 1088/3942/1088 1022/3943/1022 956/3944/956
f 1089/3945/1089 1019/3946/1019 955/3947/955 1021/3948/1021
f 954/3949/954 1090/3950/1090 1091/3951/1091 1020/3952/1020
f 1020/3953/1020 1092/3954/1092 1093/3955/1093 1021/3956/1021
f 1023/3957/1023 957/3958/957 1022/3959/1022 1094/3960/1094
f 1023/3961/1023 1095/3962/1095 1068/3963/1068 1005/3964/1005
f 1096/3965/1096 1025/3966/1025 1024/3967/1024 1040/3968/1040
f 960/3969/960 974/3970/974 1040/3971/1040 1024/3972/1024
f 978/3973/978 961/3974/961 1026/3975/1026 1042/3976/1042
f 1006/3977/1006 1071/3978/1071 1097/3979/1097 1026/3980/1026
f 1028/3981/1028 1027/3982/1027 1098/3983/1098 1099/3984/1099
f 1100/3985/1100 1029/3986/1029 965/3987/965 1031/3988/1031
f 1101/3989/1101 1030/3990/1030 964/3991/964 1029/3992/1029
f 1030/3993/1030 1102/3994/1102 1034/3995/1034 968/3996/968
f 1103/3997/1103 1031/3998/1031 966/3999/966 1033/4000/1033
f 1032/4001/1032 967/4002/967 1028/4003/1028 1099/4004/1099
f 1032/4005/1032 1104/4006/1104 1105/4007/1105 1033/4008/1033
f 1034/4009/1034 1106/4010/1106 1036/4011/1036 969/4012/969
f 1035/4013/1035 1036/4014/1036 1107/4015/1107 1108/4016/1108
f 1037/4017/1037 1109/4018/1109 1038/4019/1038 971/4020/971
f 1110/4021/1110 1037/4022/1037 972/4023/972 1039/4024/1039
f 1096/4025/1096 1040/4026/1040 973/4027/973 1038/4028/1038
f 1039/4029/1039 975/4030/975 1041/4031/1041 1111/4032/1111
f 1112/4033/1112 1041/4034/1041 1035/4035/1035 1108/4036/1108
f 1097/4037/1097 1043/4038/1043 1042/4039/1042 1026/4040/1026
f 976/4041/976 1043/4042/1043 1113/4043/1113 1044/4044/1044
f 1114/4045/1114 1045/4046/1045 977/4047/977 1044/4048/1044
f 979/4049/979 1045/4050/1045 1115/4051/1115 1046/4052/1046
f 1051/4053/1051 1116/4054/1116 1052/4055/1052 987/4056/987
f 1051/4057/1051 988/4058/988 1054/4059/1054 1117/4060/1117
f 1118/4061/1118 1119/4062/1119 1053/4063/1053 1052/4064/1052
f 1054/4065/1054 992/4066/992 1056/4067/1056 1120/4068/1120
f 1119/4069/1119 1098/4070/1098 1055/4071/1055 1053/4072/1053
f 1098/4073/1098 1027/4074/1027 990/4075/990 1055/4076/1055
f 1056/4077/1056 1057/4078/1057 1121/4079/1121 1122/4080/1122
f 1121/4081/1121 1057/4082/1057 993/4083/993 1058/4084/1058
f 995/4085/995 1123/4086/1123 1124/4087/1124 1059/4088/1059
f 1059/4089/1059 1125/4090/1125 1126/4091/1126 1060/4092/1060
f 1060/4093/1060 1126/4094/1126 1066/4095/1066 1002/4096/1002
f 1061/4097/1061 1127/4098/1127 1123/4099/1123 997/4100/997
f 1061/4101/1061 998/4102/998 1062/4103/1062 1128/4104/1128
f 1096/4105/1096 1129/4106/1129 1062/4107/1062 1025/4108/1025
f 1000/4109/1000 1064/4110/1064 1130/4111/1130 1063/4112/1063
f 1064/4113/1064 1001/4114/1001 1065/4115/1065 1131/4116/1131
f 1065/4117/1065 1003/4118/1003 1067/4119/1067 1132/4120/1132
f 1066/4121/1066 1133/4122/1133 1134/4123/1134 1067/4124/1067
f 1069/4125/1069 1068/4126/1068 1135/4127/1135 1136/4128/1136
f 1069/4129/1069 1136/4130/1136 1070/4131/1070 1007/4132/1007
f 1071/4133/1071 1070/4134/1070 1137/4135/1137 1138/4136/1138
f 1063/4137/1063 1130/4138/1130 1139/4139/1139 1072/4140/1072
f 1072/4141/1072 1073/4142/1073 1009/4143/1009 1008/4144/1008
f 1140/4145/1140 1141/4146/1141 1074/4147/1074 1073/4148/1073
f 1142/4149/1142 1075/4150/1075 1010/4151/1010 1074/4152/1074
f 1075/4153/1075 1143/4154/1143 1076/4155/1076 1011/4156/1011
f 1077/4157/1077 1012/4158/1012 1076/4159/1076 1144/4160/1144
f 1078/4161/1078 1013/4162/1013 1077/4163/1077 1145/4164/1145
f 1079/4165/1079 1078/4166/1078 1146/4167/1146 1147/4168/1147
f 1148/4169/1148 1082/4170/1082 1014/4171/1014 1080/4172/1080
f 1080/4173/1080 1081/4174/1081 1079/4175/1079 1147/4176/1147
f 1082/4177/1082 1149/4178/1149 1083/4179/1083 1015/4180/1015
f 1150/4181/1150 1090/4182/1090 1084/4183/1084 1083/4184/1083
f 1085/4185/1085 1016/4186/1016 1086/4187/1086 1151/4188/1151
f 1087/4189/1087 1017/4190/1017 1085/4191/1085 1152/4192/1152
f 1087/4193/1087 1152/4194/1152 1088/4195/1088 1018/4196/1018
f 1088/4197/1088 1153/4198/1153 1094/4199/1094 1022/4200/1022
f 1093/4201/1093 1154/4202/1154 1089/4203/1089 1021/4204/1021
f 1150/4205/1150 1155/4206/1155 1091/4207/1091 1090/4208/1090
f 1020/4209/1020 1091/4210/1091 1156/4211/1156 1092/4212/1092
f 1157/4213/1157 1158/4214/1158 1093/4215/1093 1092/4216/1092
f 1023/4217/1023 1094/4218/1094 1159/4219/1159 1095/4220/1095
f 1160/4221/1160 1135/4222/1135 1068/4223/1068 1095/4224/1095
f 1071/4225/1071 1138/4226/1138 1161/4227/1161 1097/4228/1097
f 1162/4229/1162 1099/4230/1099 1098/4231/1098 1119/4232/1119
f 1100/4233/1100 1163/4234/1163 1101/4235/1101 1029/4236/1029
f 1164/4237/1164 1100/4238/1100 1031/4239/1031 1103/4240/1103
f 1165/4241/1165 1102/4242/1102 1030/4243/1030 1101/4244/1101
f 1102/4245/1102 1166/4246/1166 1106/4247/1106 1034/4248/1034
f 1105/4249/1105 1167/4250/1167 1103/4251/1103 1033/4252/1033
f 1032/4253/1032 1099/4254/1099 1162/4255/1162 1104/4256/1104
f 1105/4257/1105 1104/4258/1104 1168/4259/1168 1169/4260/1169
f 1170/4261/1170 1107/4262/1107 1036/4263/1036 1106/4264/1106
f 1171/4265/1171 1172/4266/1172 1108/4267/1108 1107/4268/1107
f 1173/4269/1173 1109/4270/1109 1037/4271/1037 1110/4272/1110
f 1096/4273/1096 1038/4274/1038 1109/4275/1109 1129/4276/1129
f 1174/4277/1174 1110/4278/1110 1039/4279/1039 1111/4280/1111
f 1112/4281/1112 1175/4282/1175 1111/4283/1111 1041/4284/1041
f 1172/4285/1172 1176/4286/1176 1112/4287/1112 1108/4288/1108
f 1097/4289/1097 1161/4290/1161 1113/4291/1113 1043/4292/1043
f 1177/4293/1177 1114/4294/1114 1044/4295/1044 1113/4296/1113
f 1114/4297/1114 1178/4298/1178 1115/4299/1115 1045/4300/1045
f 1051/4301/1051 1117/4302/1117 1179/4303/1179 1116/4304/1116
f 1118/4305/1118 1052/4306/1052 1116/4307/1116 1180/4308/1180
f 1117/4309/1117 1054/4310/1054 1120/4311/1120 1181/4312/1181
f 1118/4313/1118 1182/4314/1182 1162/4315/1162 1119/4316/1119
f 1183/4317/1183 1120/4318/1120 1056/4319/1056 1184/4320/1184
f 1185/4321/1185 1122/4322/1122 1121/4323/1121 1186/4324/1186
f 1127/4325/1127 1187/4326/1187 1124/4327/1124 1123/4328/1123
f 1124/4329/1124 1188/4330/1188 1125/4331/1125 1059/4332/1059
f 1125/4333/1125 1189/4334/1189 1190/4335/1190 1126/4336/1126
f 1126/4337/1126 1190/4338/1190 1133/4339/1133 1066/4340/1066
f 1061/4341/1061 1128/4342/1128 1191/4343/1191 1127/4344/1127
f 1192/4345/1192 1128/4346/1128 1062/4347/1062 1129/4348/1129
f 1064/4349/1064 1131/4350/1131 1193/4351/1193 1130/4352/1130
f 1065/4353/1065 1132/4354/1132 1194/4355/1194 1131/4356/1131
f 1132/4357/1132 1067/4358/1067 1134/4359/1134 1195/4360/1195
f 1133/4361/1133 1196/4362/1196 1197/4363/1197 1134/4364/1134
f 1136/4365/1136 1135/4366/1135 1198/4367/1198 1199/4368/1199
f 1070/4369/1070 1136/4370/1136 1199/4371/1199 1137/4372/1137
f 1137/4373/1137 1200/4374/1200 1201/4375/1201 1138/4376/1138
f 1202/4377/1202 1139/4378/1139 1130/4379/1130 1193/4380/1193
f 1072/4381/1072 1139/4382/1139 1140/4383/1140 1073/4384/1073
f 1140/4385/1140 1203/4386/1203 1204/4387/1204 1141/4388/1141
f 1142/4389/1142 1074/4390/1074 1141/4391/1141 1205/4392/1205
f 1206/4393/1206 1143/4394/1143 1075/4395/1075 1142/4396/1142
f 1207/4397/1207 1144/4398/1144 1076/4399/1076 1143/4400/1143
f 1208/4401/1208 1145/4402/1145 1077/4403/1077 1144/4404/1144
f 1146/4405/1146 1078/4406/1078 1145/4407/1145 1209/4408/1209
f 1210/4409/1210 1147/4410/1147 1146/4411/1146 1211/4412/1211
f 1148/4413/1148 1212/4414/1212 1149/4415/1149 1082/4416/1082
f 1210/4417/1210 1148/4418/1148 1080/4419/1080 1147/4420/1147
f 1213/4421/1213 1150/4422/1150 1083/4423/1083 1149/4424/1149
f 1214/4425/1214 1215/4426/1215 1151/4427/1151 1086/4428/1086
f 1088/4429/1088 1152/4430/1152 1216/4431/1216 1153/4432/1153
f 1094/4433/1094 1153/4434/1153 1217/4435/1217 1159/4436/1159
f 1093/4437/1093 1158/4438/1158 1218/4439/1218 1154/4440/1154
f 1089/4441/1089 1154/4442/1154 1214/4443/1214 1086/4444/1086
f 1213/4445/1213 1219/4446/1219 1155/4447/1155 1150/4448/1150
f 1220/4449/1220 1156/4450/1156 1091/4451/1091 1155/4452/1155
f 1157/4453/1157 1092/4454/1092 1156/4455/1156 1221/4456/1221
f 1157/4457/1157 1222/4458/1222 1223/4459/1223 1158/4460/1158
f 1160/4461/1160 1095/4462/1095 1159/4463/1159 1224/4464/1224
f 1160/4465/1160 1225/4466/1225 1198/4467/1198 1135/4468/1135
f 1226/4469/1226 1161/4470/1161 1138/4471/1138 1201/4472/1201
f 1227/4473/1227 1163/4474/1163 1100/4475/1100 1164/4476/1164
f 1228/4477/1228 1165/4478/1165 1101/4479/1101 1163/4480/1163
f 1229/4481/1229 1164/4482/1164 1103/4483/1103 1167/4484/1167
f 1165/4485/1165 1230/4486/1230 1166/4487/1166 1102/4488/1102
f 1231/4489/1231 1170/4490/1170 1106/4491/1106 1166/4492/1166
f 1105/4493/1105 1169/4494/1169 1232/4495/1232 1167/4496/1167
f 1104/4497/1104 1162/4498/1162 1182/4499/1182 1168/4500/1168
f 1233/4501/1233 1234/4502/1234 1169/4503/1169 1168/4504/1168
f 1235/4505/1235 1171/4506/1171 1107/4507/1107 1170/4508/1170
f 1171/4509/1171 1236/4510/1236 1237/4511/1237 1172/4512/1172
f 1192/4513/1192 1129/4514/1129 1109/4515/1109 1173/4516/1173
f 1173/4517/1173 1110/4518/1110 1174/4519/1174 1238/4520/1238
f 1174/4521/1174 1111/4522/1111 1175/4523/1175 1239/4524/1239
f 1112/4525/1112 1176/4526/1176 1240/4527/1240 1175/4528/1175
f 1172/4529/1172 1237/4530/1237 1241/4531/1241 1176/4532/1176
f 1242/4533/1242 1113/4534/1113 1161/4535/1161 1226/4536/1226
f 1177/4537/1177 1243/4538/1243 1178/4539/1178 1114/4540/1114
f 1117/4541/1117 1181/4542/1181 1244/4543/1244 1179/4544/1179
f 1179/4545/1179 1245/4546/1245 1180/4547/1180 1116/4548/1116
f 1118/4549/1118 1180/4550/1180 1246/4551/1246 1182/4552/1182
f 1247/4553/1247 1248/4554/1248 1120/4555/1120 1183/4556/1183
f 1183/4557/1183 1184/4558/1184 1249/4559/1249 1250/4560/1250
f 1184/4561/1184 1122/4562/1122 1185/4563/1185 1249/4564/1249
f 1191/4565/1191 1251/4566/1251 1187/4567/1187 1127/4568/1127
f 1187/4569/1187 1252/4570/1252 1188/4571/1188 1124/4572/1124
f 1188/4573/1188 1253/4574/1253 1189/4575/1189 1125/4576/1125
f 1189/4577/1189 1254/4578/1254 1255/4579/1255 1190/4580/1190
f 1133/4581/1133 1190/4582/1190 1255/4583/1255 1196/4584/1196
f 1256/4585/1256 1257/4586/1257 1128/4587/1128 1192/4588/1192
f 1193/4589/1193 1131/4590/1131 1194/4591/1194 1258/4592/1258
f 1132/4593/1132 1195/4594/1195 1259/4595/1259 1194/4596/1194
f 1197/4597/1197 1260/4598/1260 1195/4599/1195 1134/4600/1134
f 1197/4601/1197 1196/4602/1196 1261/4603/1261 1262/4604/1262
f 1263/4605/1263 1199/4606/1199 1198/4607/1198 1264/4608/1264
f 1263/4609/1263 1200/4610/1200 1137/4611/1137 1199/4612/1199
f 1200/4613/1200 1265/4614/1265 1266/4615/1266 1201/4616/1201
f 1140/4617/1140 1139/4618/1139 1202/4619/1202 1203/4620/1203
f 1202/4621/1202 1193/4622/1193 1258/4623/1258 1267/4624/1267
f 1204/4625/1204 1203/4626/1203 1268/4627/1268 1269/4628/1269
f 1204/4629/1204 1270/4630/1270 1205/4631/1205 1141/4632/1141
f 1206/4633/1206 1142/4634/1142 1205/4635/1205 1271/4636/1271
f 1272/4637/1272 1207/4638/1207 1143/4639/1143 1206/4640/1206
f 1207/4641/1207 1273/4642/1273 1208/4643/1208 1144/4644/1144
f 1209/4645/1209 1145/4646/1145 1208/4647/1208 1274/4648/1274
f 1211/4649/1211 1146/4650/1146 1209/4651/1209 1275/4652/1275
f 1276/4653/1276 1277/4654/1277 1210/4655/1210 1211/4656/1211
f 1210/4657/1210 1277/4658/1277 1212/4659/1212 1148/4660/1148
f 1213/4661/1213 1149/4662/1149 1212/4663/1212 1278/4664/1278
f 1279/4665/1279 1215/4666/1215 1214/4667/1214 1280/4668/1280
f 1215/4669/1215 1216/4670/1216 1152/4671/1152 1151/4672/1151
f 1216/4673/1216 1281/4674/1281 1217/4675/1217 1153/4676/1153
f 1224/4677/1224 1159/4678/1159 1217/4679/1217 1282/4680/1282
f 1283/4681/1283 1218/4682/1218 1158/4683/1158 1223/4684/1223
f 1214/4685/1214 1154/4686/1154 1218/4687/1218 1280/4688/1280
f 1213/4689/1213 1278/4690/1278 1284/4691/1284 1219/4692/1219
f 1220/4693/1220 1155/4694/1155 1219/4695/1219 1285/4696/1285
f 1220/4697/1220 1286/4698/1286 1221/4699/1221 1156/4700/1156
f 1157/4701/1157 1221/4702/1221 1287/4703/1287 1222/4704/1222
f 1222/4705/1222 1288/4706/1288 1289/4707/1289 1223/4708/1223
f 1160/4709/1160 1224/4710/1224 1290/4711/1290 1225/4712/1225
f 1291/4713/1291 1264/4714/1264 1198/4715/1198 1225/4716/1225
f 1226/4717/1226 1201/4718/1201 1266/4719/1266 1292/4720/1292
f 1227/4721/1227 1293/4722/1293 1228/4723/1228 1163/4724/1163
f 1294/4725/1294 1227/4726/1227 1164/4727/1164 1229/4728/1229
f 1295/4729/1295 1230/4730/1230 1165/4731/1165 1228/4732/1228
f 1229/4733/1229 1167/4734/1167 1232/4735/1232 1296/4736/1296
f 1231/4737/1231 1166/4738/1166 1230/4739/1230 1297/4740/1297
f 1231/4741/1231 1298/4742/1298 1235/4743/1235 1170/4744/1170
f 1299/4745/1299 1232/4746/1232 1169/4747/1169 1234/4748/1234
f 1233/4749/1233 1168/4750/1168 1182/4751/1182 1246/4752/1246
f 1300/4753/1300 1234/4754/1234 1233/4755/1233 1301/4756/1301
f 1235/4757/1235 1302/4758/1302 1236/4759/1236 1171/4760/1171
f 1303/4761/1303 1304/4762/1304 1237/4763/1237 1236/4764/1236
f 1256/4765/1256 1192/4766/1192 1173/4767/1173 1238/4768/1238
f 1238/4769/1238 1174/4770/1174 1239/4771/1239 1305/4772/1305
f 1306/4773/1306 1239/4774/1239 1175/4775/1175 1240/4776/1240
f 1307/4777/1307 1240/4778/1240 1176/4779/1176 1241/4780/1241
f 1241/4781/1241 1237/4782/1237 1304/4783/1304 1308/4784/1308
f 1242/4785/1242 1226/4786/1226 1292/4787/1292 1309/4788/1309
f 1177/4789/1177 1242/4790/1242 1309/4791/1309 1243/4792/1243
f 1310/4793/1310 1311/4794/1311 1178/4795/1178 1243/4796/1243
f 1244/4797/1244 1181/4798/1181 1248/4799/1248 1312/4800/1312
f 1179/4801/1179 1244/4802/1244 1313/4803/1313 1245/4804/1245
f 1314/4805/1314 1246/4806/1246 1180/4807/1180 1245/4808/1245
f 1247/4809/1247 1315/4810/1315 1312/4811/1312 1248/4812/1248
f 1247/4813/1247 1183/4814/1183 1250/4815/1250 1316/4816/1316
f 1257/4817/1257 1317/4818/1317 1251/4819/1251 1191/4820/1191
f 1251/4821/1251 1318/4822/1318 1252/4823/1252 1187/4824/1187
f 1252/4825/1252 1319/4826/1319 1253/4827/1253 1188/4828/1188
f 1189/4829/1189 1253/4830/1253 1320/4831/1320 1254/4832/1254
f 1255/4833/1255 1254/4834/1254 1321/4835/1321 1322/4836/1322
f 1255/4837/1255 1322/4838/1322 1261/4839/1261 1196/4840/1196
f 1256/4841/1256 1323/4842/1323 1317/4843/1317 1257/4844/1257
f 1259/4845/1259 1324/4846/1324 1258/4847/1258 1194/4848/1194
f 1260/4849/1260 1325/4850/1325 1259/4851/1259 1195/4852/1195
f 1197/4853/1197 1262/4854/1262 1326/4855/1326 1260/4856/1260
f 1327/4857/1327 1328/4858/1328 1262/4859/1262 1261/4860/1261
f 1263/4861/1263 1264/4862/1264 1329/4863/1329 1330/4864/1330
f 1263/4865/1263 1330/4866/1330 1265/4867/1265 1200/4868/1200
f 1331/4869/1331 1266/4870/1266 1265/4871/1265 1332/4872/1332
f 1202/4873/1202 1267/4874/1267 1268/4875/1268 1203/4876/1203
f 1333/4877/1333 1267/4878/1267 1258/4879/1258 1324/4880/1324
f 1269/4881/1269 1268/4882/1268 1334/4883/1334 1335/4884/1335
f 1204/4885/1204 1269/4886/1269 1336/4887/1336 1270/4888/1270
f 1270/4889/1270 1337/4890/1337 1271/4891/1271 1205/4892/1205
f 1272/4893/1272 1206/4894/1206 1271/4895/1271 1338/4896/1338
f 1272/4897/1272 1339/4898/1339 1273/4899/1273 1207/4900/1207
f 1340/4901/1340 1274/4902/1274 1208/4903/1208 1273/4904/1273
f 1341/4905/1341 1275/4906/1275 1209/4907/1209 1274/4908/1274
f 1276/4909/1276 1211/4910/1211 1275/4911/1275 1342/4912/1342
f 1276/4913/1276 1343/4914/1343 1344/4915/1344 1277/4916/1277
f 1277/4917/1277 1344/4918/1344 1278/4919/1278 1212/4920/1212
f 1279/4921/1279 1281/4922/1281 1216/4923/1216 1215/4924/1215
f 1279/4925/1279 1280/4926/1280 1345/4927/1345 1346/4928/1346
f 1217/4929/1217 1281/4930/1281 1347/4931/1347 1282/4932/1282
f 1290/4933/1290 1224/4934/1224 1282/4935/1282 1348/4936/1348
f 1283/4937/1283 1345/4938/1345 1280/4939/1280 1218/4940/1218
f 1283/4941/1283 1223/4942/1223 1289/4943/1289 1349/4944/1349
f 1284/4945/1284 1278/4946/1278 1344/4947/1344 1350/4948/1350
f 1285/4949/1285 1219/4950/1219 1284/4951/1284 1351/4952/1351
f 1220/4953/1220 1285/4954/1285 1352/4955/1352 1286/4956/1286
f 1353/4957/1353 1288/4958/1288 1222/4959/1222 1287/4960/1287
f 1354/4961/1354 1289/4962/1289 1288/4963/1288 1355/4964/1355
f 1290/4965/1290 1356/4966/1356 1291/4967/1291 1225/4968/1225
f 1291/4969/1291 1357/4970/1357 1329/4971/1329 1264/4972/1264
f 1331/4973/1331 1358/4974/1358 1292/4975/1292 1266/4976/1266
f 1294/4977/1294 1359/4978/1359 1293/4979/1293 1227/4980/1227
f 1295/4981/1295 1228/4982/1228 1293/4983/1293 1360/4984/1360
f 1294/4985/1294 1229/4986/1229 1296/4987/1296 1361/4988/1361
f 1295/4989/1295 1362/4990/1362 1297/4991/1297 1230/4992/1230
f 1299/4993/1299 1363/4994/1363 1296/4995/1296 1232/4996/1232
f 1231/4997/1231 1297/4998/1297 1364/4999/1364 1298/5000/1298
f 1235/5001/1235 1298/5002/1298 1365/5003/1365 1302/5004/1302
f 1299/5005/1299 1234/5006/1234 1300/5007/1300 1366/5008/1366
f 1314/5009/1314 1301/5010/1301 1233/5011/1233 1246/5012/1246
f 1300/5013/1300 1301/5014/1301 1367/5015/1367 1368/5016/1368
f 1302/5017/1302 1369/5018/1369 1303/5019/1303 1236/5020/1236
f 1303/5021/1303 1370/5022/1370 1371/5023/1371 1304/5024/1304
f 1256/5025/1256 1238/5026/1238 1305/5027/1305 1323/5028/1323
f 1306/5029/1306 1372/5030/1372 1305/5031/1305 1239/5032/1239
f 1307/5033/1307 1373/5034/1373 1306/5035/1306 1240/5036/1240
f 1307/5037/1307 1241/5038/1241 1308/5039/1308 1374/5040/1374
f 1371/5041/1371 1375/5042/1375 1308/5043/1308 1304/5044/1304
f 1376/5045/1376 1309/5046/1309 1292/5047/1292 1358/5048/1358
f 1310/5049/1310 1243/5050/1243 1309/5051/1309 1376/5052/1376
f 1244/5053/1244 1312/5054/1312 1377/5055/1377 1313/5056/1313
f 1314/5057/1314 1245/5058/1245 1313/5059/1313 1378/5060/1378
f 1247/5061/1247 1316/5062/1316 1379/5063/1379 1315/5064/1315
f 1315/5065/1315 1380/5066/1380 1377/5067/1377 1312/5068/1312
f 1317/5069/1317 1381/5070/1381 1318/5071/1318 1251/5072/1251
f 1318/5073/1318 1382/5074/1382 1319/5075/1319 1252/5076/1252
f 1319/5077/1319 1383/5078/1383 1320/5079/1320 1253/5080/1253
f 1320/5081/1320 1384/5082/1384 1321/5083/1321 1254/5084/1254
f 1322/5085/1322 1321/5086/1321 1385/5087/1385 1386/5088/1386
f 1327/5089/1327 1261/5090/1261 1322/5091/1322 1386/5092/1386
f 1323/5093/1323 1387/5094/1387 1381/5095/1381 1317/5096/1317
f 1259/5097/1259 1325/5098/1325 1388/5099/1388 1324/5100/1324
f 1260/5101/1260 1326/5102/1326 1389/5103/1389 1325/5104/1325
f 1390/5105/1390 1326/5106/1326 1262/5107/1262 1328/5108/1328
f 1327/5109/1327 1391/5110/1391 1392/5111/1392 1328/5112/1328
f 1330/5113/1330 1329/5114/1329 1393/5115/1393 1394/5116/1394
f 1330/5117/1330 1394/5118/1394 1332/5119/1332 1265/5120/1265
f 1333/5121/1333 1334/5122/1334 1268/5123/1268 1267/5124/1267
f 1395/5125/1395 1333/5126/1333 1324/5127/1324 1388/5128/1388
f 1396/5129/1396 1335/5130/1335 1334/5131/1334 1397/5132/1397
f 1269/5133/1269 1335/5134/1335 1398/5135/1398 1336/5136/1336
f 1336/5137/1336 1399/5138/1399 1337/5139/1337 1270/5140/1270
f 1337/5141/1337 1400/5142/1400 1338/5143/1338 1271/5144/1271
f 1272/5145/1272 1338/5146/1338 1401/5147/1401 1339/5148/1339
f 1341/5149/1341 1274/5150/1274 1340/5151/1340 1402/5152/1402
f 1341/5153/1341 1403/5154/1403 1342/5155/1342 1275/5156/1275
f 1276/5157/1276 1342/5158/1342 1404/5159/1404 1343/5160/1343
f 1343/5161/1343 1405/5162/1405 1350/5163/1350 1344/5164/1344
f 1279/5165/1279 1346/5166/1346 1347/5167/1347 1281/5168/1281
f 1345/5169/1345 1406/5170/1406 1347/5171/1347 1346/5172/1346
f 1282/5173/1282 1347/5174/1347 1407/5175/1407 1348/5176/1348
f 1290/5177/1290 1348/5178/1348 1408/5179/1408 1356/5180/1356
f 1283/5181/1283 1349/5182/1349 1406/5183/1406 1345/5184/1345
f 1409/5185/1409 1349/5186/1349 1289/5187/1289 1354/5188/1354
f 1284/5189/1284 1350/5190/1350 1410/5191/1410 1351/5192/1351
f 1285/5193/1285 1351/5194/1351 1411/5195/1411 1352/5196/1352
f 1353/5197/1353 1412/5198/1412 1355/5199/1355 1288/5200/1288
f 1413/5201/1413 1353/5202/1353 1287/5203/1287 1414/5204/1414
f 1354/5205/1354 1355/5206/1355 1415/5207/1415 1416/5208/1416
f 1291/5209/1291 1356/5210/1356 1417/5211/1417 1357/5212/1357
f 1294/5213/1294 1361/5214/1361 1418/5215/1418 1359/5216/1359
f 1360/5217/1360 1293/5218/1293 1359/5219/1359 1419/5220/1419
f 1295/5221/1295 1360/5222/1360 1420/5223/1420 1362/5224/1362
f 1361/5225/1361 1296/5226/1296 1363/5227/1363 1421/5228/1421
f 1422/5229/1422 1364/5230/1364 1297/5231/1297 1362/5232/1362
f 1299/5233/1299 1366/5234/1366 1423/5235/1423 1363/5236/1363
f 1424/5237/1424 1365/5238/1365 1298/5239/1298 1364/5240/1364
f 1425/5241/1425 1369/5242/1369 1302/5243/1302 1365/5244/1365
f 1300/5245/1300 1368/5246/1368 1426/5247/1426 1366/5248/1366
f 1314/5249/1314 1378/5250/1378 1367/5251/1367 1301/5252/1301
f 1427/5253/1427 1368/5254/1368 1367/5255/1367 1428/5256/1428
f 1429/5257/1429 1370/5258/1370 1303/5259/1303 1369/5260/1369
f 1430/5261/1430 1431/5262/1431 1371/5263/1371 1370/5264/1370
f 1323/5265/1323 1305/5266/1305 1372/5267/1372 1387/5268/1387
f 1373/5269/1373 1432/5270/1432 1372/5271/1372 1306/5272/1306
f 1307/5273/1307 1374/5274/1374 1433/5275/1433 1373/5276/1373
f 1374/5277/1374 1308/5278/1308 1375/5279/1375 1434/5280/1434
f 1371/5281/1371 1431/5282/1431 1435/5283/1435 1375/5284/1375
f 1378/5285/1378 1313/5286/1313 1377/5287/1377 1436/5288/1436
f 1379/5289/1379 1437/5290/1437 1380/5291/1380 1315/5292/1315
f 1438/5293/1438 1436/5294/1436 1377/5295/1377 1380/5296/1380
f 1381/5297/1381 1439/5298/1439 1382/5299/1382 1318/5300/1318
f 1382/5301/1382 1440/5302/1440 1383/5303/1383 1319/5304/1319
f 1320/5305/1320 1383/5306/1383 1441/5307/1441 1384/5308/1384
f 1442/5309/1442 1385/5310/1385 1321/5311/1321 1384/5312/1384
f 1386/5313/1386 1385/5314/1385 1443/5315/1443 1444/5316/1444
f 1327/5317/1327 1386/5318/1386 1444/5319/1444 1391/5320/1391
f 1381/5321/1381 1387/5322/1387 1445/5323/1445 1439/5324/1439
f 1389/5325/1389 1446/5326/1446 1388/5327/1388 1325/5328/1325
f 1390/5329/1390 1447/5330/1447 1389/5331/1389 1326/5332/1326
f 1390/5333/1390 1328/5334/1328 1392/5335/1392 1448/5336/1448
f 1449/5337/1449 1450/5338/1450 1392/5339/1392 1391/5340/1391
f 1395/5341/1395 1397/5342/1397 1334/5343/1334 1333/5344/1333
f 1451/5345/1451 1395/5346/1395 1388/5347/1388 1446/5348/1446
f 1396/5349/1396 1452/5350/1452 1398/5351/1398 1335/5352/1335
f 1396/5353/1396 1397/5354/1397 1453/5355/1453 1454/5356/1454
f 1455/5357/1455 1399/5358/1399 1336/5359/1336 1398/5360/1398
f 1456/5361/1456 1400/5362/1400 1337/5363/1337 1399/5364/1399
f 1457/5365/1457 1401/5366/1401 1338/5367/1338 1400/5368/1400
f 1458/5369/1458 1459/5370/1459 1339/5371/1339 1401/5372/1401
f 1459/5373/1459 1402/5374/1402 1340/5375/1340 1339/5376/1339
f 1341/5377/1341 1402/5378/1402 1460/5379/1460 1403/5380/1403
f 1342/5381/1342 1403/5382/1403 1461/5383/1461 1404/5384/1404
f 1343/5385/1343 1404/5386/1404 1462/5387/1462 1405/5388/1405
f 1405/5389/1405 1463/5390/1463 1410/5391/1410 1350/5392/1350
f 1464/5393/1464 1407/5394/1407 1347/5395/1347 1406/5396/1406
f 1408/5397/1408 1348/5398/1348 1407/5399/1407 1465/5400/1465
f 1408/5401/1408 1466/5402/1466 1417/5403/1417 1356/5404/1356
f 1409/5405/1409 1464/5406/1464 1406/5407/1406 1349/5408/1349
f 1409/5409/1409 1354/5410/1354 1416/5411/1416 1467/5412/1467
f 1351/5413/1351 1410/5414/1410 1468/5415/1468 1411/5416/1411
f 1414/5417/1414 1352/5418/1352 1411/5419/1411 1469/5420/1469
f 1470/5421/1470 1412/5422/1412 1353/5423/1353 1413/5424/1413
f 1412/5425/1412 1471/5426/1471 1415/5427/1415 1355/5428/1355
f 1413/5429/1413 1414/5430/1414 1469/5431/1469 1472/5432/1472
f 1473/5433/1473 1416/5434/1416 1415/5435/1415 1474/5436/1474
f 1418/5437/1418 1361/5438/1361 1421/5439/1421 1475/5440/1475
f 1476/5441/1476 1419/5442/1419 1359/5443/1359 1418/5444/1418
f 1477/5445/1477 1420/5446/1420 1360/5447/1360 1419/5448/1419
f 1478/5449/1478 1422/5450/1422 1362/5451/1362 1420/5452/1420
f 1421/5453/1421 1363/5454/1363 1423/5455/1423 1479/5456/1479
f 1422/5457/1422 1480/5458/1480 1424/5459/1424 1364/5460/1364
f 1481/5461/1481 1425/5462/1425 1365/5463/1365 1424/5464/1424
f 1425/5465/1425 1482/5466/1482 1429/5467/1429 1369/5468/1369
f 1427/5469/1427 1483/5470/1483 1426/5471/1426 1368/5472/1368
f 1378/5473/1378 1436/5474/1436 1428/5475/1428 1367/5476/1367
f 1427/5477/1427 1428/5478/1428 1484/5479/1484 1485/5480/1485
f 1429/5481/1429 1486/5482/1486 1430/5483/1430 1370/5484/1370
f 1487/5485/1487 1431/5486/1431 1430/5487/1430 1488/5488/1488
f 1387/5489/1387 1372/5490/1372 1432/5491/1432 1445/5492/1445
f 1373/5493/1373 1433/5494/1433 1489/5495/1489 1432/5496/1432
f 1374/5497/1374 1434/5498/1434 1490/5499/1490 1433/5500/1433
f 1491/5501/1491 1434/5502/1434 1375/5503/1375 1435/5504/1435
f 1487/5505/1487 1492/5506/1492 1435/5507/1435 1431/5508/1431
f 1438/5509/1438 1380/5510/1380 1437/5511/1437 1493/5512/1493
f 1438/5513/1438 1494/5514/1494 1428/5515/1428 1436/5516/1436
f 1382/5517/1382 1439/5518/1439 1495/5519/1495 1440/5520/1440
f 1383/5521/1383 1440/5522/1440 1496/5523/1496 1441/5524/1441
f 1441/5525/1441 1497/5526/1497 1442/5527/1442 1384/5528/1384
f 1498/5529/1498 1443/5530/1443 1385/5531/1385 1442/5532/1442
f 1499/5533/1499 1444/5534/1444 1443/5535/1443 1500/5536/1500
f 1499/5537/1499 1449/5538/1449 1391/5539/1391 1444/5540/1444
f 1445/5541/1445 1501/5542/1501 1495/5543/1495 1439/5544/1439
f 1502/5545/1502 1446/5546/1446 1389/5547/1389 1447/5548/1447
f 1390/5549/1390 1448/5550/1448 1503/5551/1503 1447/5552/1447
f 1392/5553/1392 1450/5554/1450 1504/5555/1504 1448/5556/1448
f 1505/5557/1505 1450/5558/1450 1449/5559/1449 1506/5560/1506
f 1451/5561/1451 1453/5562/1453 1397/5563/1397 1395/5564/1395
f 1451/5565/1451 1446/5566/1446 1502/5567/1502 1507/5568/1507
f 1396/5569/1396 1454/5570/1454 1508/5571/1508 1452/5572/1452
f 1509/5573/1509 1455/5574/1455 1398/5575/1398 1452/5576/1452
f 1453/5577/1453 1510/5578/1510 1511/5579/1511 1454/5580/1454
f 1455/5581/1455 1512/5582/1512 1456/5583/1456 1399/5584/1399
f 1513/5585/1513 1457/5586/1457 1400/5587/1400 1456/5588/1456
f 1458/5589/1458 1401/5590/1401 1457/5591/1457 1514/5592/1514
f 1458/5593/1458 1515/5594/1515 1516/5595/1516 1459/5596/1459
f 1459/5597/1459 1516/5598/1516 1460/5599/1460 1402/5600/1402
f 1460/5601/1460 1517/5602/1517 1461/5603/1461 1403/5604/1403
f 1518/5605/1518 1462/5606/1462 1404/5607/1404 1461/5608/1461
f 1519/5609/1519 1468/5610/1468 1410/5611/1410 1463/5612/1463
f 1464/5613/1464 1520/5614/1520 1465/5615/1465 1407/5616/1407
f 1408/5617/1408 1465/5618/1465 1521/5619/1521 1466/5620/1466
f 1409/5621/1409 1467/5622/1467 1520/5623/1520 1464/5624/1464
f 1522/5625/1522 1467/5626/1467 1416/5627/1416 1473/5628/1473
f 1523/5629/1523 1469/5630/1469 1411/5631/1411 1468/5632/1468
f 1470/5633/1470 1524/5634/1524 1471/5635/1471 1412/5636/1412
f 1470/5637/1470 1413/5638/1413 1472/5639/1472 1525/5640/1525
f 1474/5641/1474 1415/5642/1415 1471/5643/1471 1526/5644/1526
f 1523/5645/1523 1527/5646/1527 1472/5647/1472 1469/5648/1469
f 1473/5649/1473 1474/5650/1474 1528/5651/1528 1529/5652/1529
f 1475/5653/1475 1421/5654/1421 1479/5655/1479 1530/5656/1530
f 1476/5657/1476 1418/5658/1418 1475/5659/1475 1531/5660/1531
f 1532/5661/1532 1477/5662/1477 1419/5663/1419 1476/5664/1476
f 1533/5665/1533 1478/5666/1478 1420/5667/1420 1477/5668/1477
f 1478/5669/1478 1534/5670/1534 1480/5671/1480 1422/5672/1422
f 1535/5673/1535 1536/5674/1536 1479/5675/1479 1423/5676/1423
f 1537/5677/1537 1481/5678/1481 1424/5679/1424 1480/5680/1480
f 1481/5681/1481 1538/5682/1538 1482/5683/1482 1425/5684/1425
f 1429/5685/1429 1482/5686/1482 1539/5687/1539 1486/5688/1486
f 1427/5689/1427 1485/5690/1485 1540/5691/1540 1483/5692/1483
f 1426/5693/1426 1483/5694/1483 1541/5695/1541 1542/5696/1542
f 1430/5697/1430 1486/5698/1486 1543/5699/1543 1488/5700/1488
f 1487/5701/1487 1488/5702/1488 1544/5703/1544 1545/5704/1545
f 1489/5705/1489 1501/5706/1501 1445/5707/1445 1432/5708/1432
f 1489/5709/1489 1433/5710/1433 1490/5711/1490 1546/5712/1546
f 1491/5713/1491 1547/5714/1547 1490/5715/1490 1434/5716/1434
f 1491/5717/1491 1435/5718/1435 1492/5719/1492 1548/5720/1548
f 1487/5721/1487 1545/5722/1545 1549/5723/1549 1492/5724/1492
f 1495/5725/1495 1550/5726/1550 1496/5727/1496 1440/5728/1440
f 1496/5729/1496 1551/5730/1551 1497/5731/1497 1441/5732/1441
f 1498/5733/1498 1442/5734/1442 1497/5735/1497 1552/5736/1552
f 1553/5737/1553 1500/5738/1500 1443/5739/1443 1498/5740/1498
f 1499/5741/1499 1500/5742/1500 1554/5743/1554 1555/5744/1555
f 1499/5745/1499 1555/5746/1555 1506/5747/1506 1449/5748/1449
f 1495/5749/1495 1501/5750/1501 1556/5751/1556 1550/5752/1550
f 1557/5753/1557 1502/5754/1502 1447/5755/1447 1503/5756/1503
f 1503/5757/1503 1448/5758/1448 1504/5759/1504 1558/5760/1558
f 1559/5761/1559 1504/5762/1504 1450/5763/1450 1505/5764/1505
f 1505/5765/1505 1506/5766/1506 1560/5767/1560 1561/5768/1561
f 1451/5769/1451 1507/5770/1507 1510/5771/1510 1453/5772/1453
f 1562/5773/1562 1507/5774/1507 1502/5775/1502 1557/5776/1557
f 1511/5777/1511 1563/5778/1563 1508/5779/1508 1454/5780/1454
f 1564/5781/1564 1509/5782/1509 1452/5783/1452 1508/5784/1508
f 1565/5785/1565 1512/5786/1512 1455/5787/1455 1509/5788/1509
f 1566/5789/1566 1567/5790/1567 1511/5791/1511 1510/5792/1510
f 1513/5793/1513 1456/5794/1456 1512/5795/1512 1568/5796/1568
f 1513/5797/1513 1569/5798/1569 1514/5799/1514 1457/5800/1457
f 1458/5801/1458 1514/5802/1514 1570/5803/1570 1515/5804/1515
f 1571/5805/1571 1572/5806/1572 1516/5807/1516 1515/5808/1515
f 1460/5809/1460 1516/5810/1516 1572/5811/1572 1517/5812/1517
f 1573/5813/1573 1518/5814/1518 1461/5815/1461 1517/5816/1517
f 1518/5817/1518 1574/5818/1574 1463/5819/1463 1462/5820/1462
f 1519/5821/1519 1575/5822/1575 1523/5823/1523 1468/5824/1468
f 1519/5825/1519 1463/5826/1463 1574/5827/1574 1576/5828/1576
f 1465/5829/1465 1520/5830/1520 1577/5831/1577 1521/5832/1521
f 1522/5833/1522 1577/5834/1577 1520/5835/1520 1467/5836/1467
f 1522/5837/1522 1473/5838/1473 1529/5839/1529 1578/5840/1578
f 1470/5841/1470 1525/5842/1525 1579/5843/1579 1524/5844/1524
f 1524/5845/1524 1580/5846/1580 1526/5847/1526 1471/5848/1471
f 1525/5849/1525 1472/5850/1472 1527/5851/1527 1581/5852/1581
f 1474/5853/1474 1526/5854/1526 1582/5855/1582 1528/5856/1528
f 1523/5857/1523 1575/5858/1575 1583/5859/1583 1527/5860/1527
f 1530/5861/1530 1479/5862/1479 1536/5863/1536 1584/5864/1584
f 1531/5865/1531 1475/5866/1475 1530/5867/1530 1585/5868/1585
f 1532/5869/1532 1476/5870/1476 1531/5871/1531 1586/5872/1586
f 1533/5873/1533 1477/5874/1477 1532/5875/1532 1587/5876/1587
f 1533/5877/1533 1588/5878/1588 1534/5879/1534 1478/5880/1478
f 1589/5881/1589 1537/5882/1537 1480/5883/1480 1534/5884/1534
f 1535/5885/1535 1542/5886/1542 1590/5887/1590 1536/5888/1536
f 1537/5889/1537 1591/5890/1591 1538/5891/1538 1481/5892/1481
f 1592/5893/1592 1539/5894/1539 1482/5895/1482 1538/5896/1538
f 1593/5897/1593 1543/5898/1543 1486/5899/1486 1539/5900/1539
f 1594/5901/1594 1483/5902/1483 1540/5903/1540 1595/5904/1595
f 1542/5905/1542 1541/5906/1541 1596/5907/1596 1590/5908/1590
f 1597/5909/1597 1544/5910/1544 1488/5911/1488 1543/5912/1543
f 1544/5913/1544 1598/5914/1598 1599/5915/1599 1545/5916/1545
f 1489/5917/1489 1546/5918/1546 1556/5919/1556 1501/5920/1501
f 1600/5921/1600 1546/5922/1546 1490/5923/1490 1547/5924/1547
f 1491/5925/1491 1548/5926/1548 1601/5927/1601 1547/5928/1547
f 1549/5929/1549 1602/5930/1602 1548/5931/1548 1492/5932/1492
f 1599/5933/1599 1603/5934/1603 1549/5935/1549 1545/5936/1545
f 1604/5937/1604 1551/5938/1551 1496/5939/1496 1550/5940/1550
f 1605/5941/1605 1552/5942/1552 1497/5943/1497 1551/5944/1551
f 1553/5945/1553 1498/5946/1498 1552/5947/1552 1606/5948/1606
f 1553/5949/1553 1607/5950/1607 1554/5951/1554 1500/5952/1500
f 1608/5953/1608 1609/5954/1609 1555/5955/1555 1554/5956/1554
f 1560/5957/1560 1506/5958/1506 1555/5959/1555 1609/5960/1609
f 1556/5961/1556 1610/5962/1610 1604/5963/1604 1550/5964/1550
f 1557/5965/1557 1503/5966/1503 1558/5967/1558 1611/5968/1611
f 1559/5969/1559 1612/5970/1612 1558/5971/1558 1504/5972/1504
f 1559/5973/1559 1505/5974/1505 1561/5975/1561 1613/5976/1613
f 1561/5977/1561 1560/5978/1560 1614/5979/1614 1615/5980/1615
f 1562/5981/1562 1566/5982/1566 1510/5983/1510 1507/5984/1507
f 1562/5985/1562 1557/5986/1557 1611/5987/1611 1616/5988/1616
f 1567/5989/1567 1617/5990/1617 1563/5991/1563 1511/5992/1511
f 1564/5993/1564 1508/5994/1508 1563/5995/1563 1618/5996/1618
f 1564/5997/1564 1619/5998/1619 1565/5999/1565 1509/6000/1509
f 1620/6001/1620 1568/6002/1568 1512/6003/1512 1565/6004/1565
f 1566/6005/1566 1621/6006/1621 1622/6007/1622 1567/6008/1567
f 1623/6009/1623 1569/6010/1569 1513/6011/1513 1568/6012/1568
f 1569/6013/1569 1624/6014/1624 1570/6015/1570 1514/6016/1514
f 1571/6017/1571 1515/6018/1515 1570/6019/1570 1625/6020/1625
f 1571/6021/1571 1626/6022/1626 1627/6023/1627 1572/6024/1572
f 1573/6025/1573 1517/6026/1517 1572/6027/1572 1627/6028/1627
f 1573/6029/1573 1628/6030/1628 1574/6031/1574 1518/6032/1518
f 1519/6033/1519 1576/6034/1576 1629/6035/1629 1575/6036/1575
f 1630/6037/1630 1576/6038/1576 1574/6039/1574 1628/6040/1628
f 1525/6041/1525 1581/6042/1581 1631/6043/1631 1579/6044/1579
f 1524/6045/1524 1579/6046/1579 1632/6047/1632 1580/6048/1580
f 1580/6049/1580 1633/6050/1633 1582/6051/1582 1526/6052/1526
f 1583/6053/1583 1634/6054/1634 1581/6055/1581 1527/6056/1527
f 1629/6057/1629 1635/6058/1635 1583/6059/1583 1575/6060/1575
f 1636/6061/1636 1584/6062/1584 1536/6063/1536 1590/6064/1590
f 1585/6065/1585 1530/6066/1530 1584/6067/1584 1637/6068/1637
f 1531/6069/1531 1585/6070/1585 1638/6071/1638 1586/6072/1586
f 1587/6073/1587 1532/6074/1532 1586/6075/1586 1639/6076/1639
f 1533/6077/1533 1587/6078/1587 1640/6079/1640 1588/6080/1588
f 1589/6081/1589 1534/6082/1534 1588/6083/1588 1641/6084/1641
f 1589/6085/1589 1642/6086/1642 1591/6087/1591 1537/6088/1537
f 1643/6089/1643 1592/6090/1592 1538/6091/1538 1591/6092/1591
f 1593/6093/1593 1539/6094/1539 1592/6095/1592 1644/6096/1644
f 1593/6097/1593 1645/6098/1645 1597/6099/1597 1543/6100/1543
f 1540/6101/1540 1646/6102/1646 1647/6103/1647 1595/6104/1595
f 1648/6105/1648 1649/6106/1649 1594/6107/1594 1595/6108/1595
f 1594/6109/1594 1649/6110/1649 1596/6111/1596 1541/6112/1541
f 1636/6113/1636 1590/6114/1590 1596/6115/1596 1650/6116/1650
f 1597/6117/1597 1651/6118/1651 1598/6119/1598 1544/6120/1544
f 1652/6121/1652 1599/6122/1599 1598/6123/1598 1653/6124/1653
f 1556/6125/1556 1546/6126/1546 1600/6127/1600 1610/6128/1610
f 1600/6129/1600 1547/6130/1547 1601/6131/1601 1654/6132/1654
f 1548/6133/1548 1602/6134/1602 1655/6135/1655 1601/6136/1601
f 1603/6137/1603 1656/6138/1656 1602/6139/1602 1549/6140/1549
f 1652/6141/1652 1657/6142/1657 1603/6143/1603 1599/6144/1599
f 1604/6145/1604 1658/6146/1658 1605/6147/1605 1551/6148/1551
f 1659/6149/1659 1606/6150/1606 1552/6151/1552 1605/6152/1605
f 1553/6153/1553 1606/6154/1606 1660/6155/1660 1607/6156/1607
f 1608/6157/1608 1554/6158/1554 1607/6159/1607 1661/6160/1661
f 1608/6161/1608 1662/6162/1662 1663/6163/1663 1609/6164/1609
f 1560/6165/1560 1609/6166/1609 1663/6167/1663 1614/6168/1614
f 1610/6169/1610 1664/6170/1664 1658/6171/1658 1604/6172/1604
f 1611/6173/1611 1558/6174/1558 1612/6175/1612 1665/6176/1665
f 1559/6177/1559 1613/6178/1613 1666/6179/1666 1612/6180/1612
f 1667/6181/1667 1613/6182/1613 1561/6183/1561 1615/6184/1615
f 1668/6185/1668 1615/6186/1615 1614/6187/1614 1669/6188/1669
f 1562/6189/1562 1616/6190/1616 1621/6191/1621 1566/6192/1566
f 1616/6193/1616 1611/6194/1611 1665/6195/1665 1670/6196/1670
f 1567/6197/1567 1622/6198/1622 1671/6199/1671 1617/6200/1617
f 1672/6201/1672 1618/6202/1618 1563/6203/1563 1617/6204/1617
f 1673/6205/1673 1619/6206/1619 1564/6207/1564 1618/6208/1618
f 1620/6209/1620 1565/6210/1565 1619/6211/1619 1674/6212/1674
f 1623/6213/1623 1568/6214/1568 1620/6215/1620 1675/6216/1675
f 1621/6217/1621 1676/6218/1676 1677/6219/1677 1622/6220/1622
f 1623/6221/1623 1678/6222/1678 1624/6223/1624 1569/6224/1569
f 1679/6225/1679 1625/6226/1625 1570/6227/1570 1624/6228/1624
f 1626/6229/1626 1680/6230/1680 1681/6231/1681 1627/6232/1627
f 1573/6233/1573 1627/6234/1627 1681/6235/1681 1628/6236/1628
f 1630/6237/1630 1682/6238/1682 1629/6239/1629 1576/6240/1576
f 1630/6241/1630 1628/6242/1628 1681/6243/1681 1683/6244/1683
f 1634/6245/1634 1684/6246/1684 1631/6247/1631 1581/6248/1581
f 1685/6249/1685 1632/6250/1632 1579/6251/1579 1631/6252/1631
f 1583/6253/1583 1635/6254/1635 1686/6255/1686 1634/6256/1634
f 1682/6257/1682 1687/6258/1687 1635/6259/1635 1629/6260/1629
f 1636/6261/1636 1688/6262/1688 1637/6263/1637 1584/6264/1584
f 1585/6265/1585 1637/6266/1637 1689/6267/1689 1638/6268/1638
f 1690/6269/1690 1639/6270/1639 1586/6271/1586 1638/6272/1638
f 1587/6273/1587 1639/6274/1639 1691/6275/1691 1640/6276/1640
f 1641/6277/1641 1588/6278/1588 1640/6279/1640 1692/6280/1692
f 1589/6281/1589 1641/6282/1641 1693/6283/1693 1642/6284/1642
f 1643/6285/1643 1591/6286/1591 1642/6287/1642 1694/6288/1694
f 1643/6289/1643 1695/6290/1695 1644/6291/1644 1592/6292/1592
f 1593/6293/1593 1644/6294/1644 1696/6295/1696 1645/6296/1645
f 1597/6297/1597 1645/6298/1645 1697/6299/1697 1651/6300/1651
f 1698/6301/1698 1648/6302/1648 1595/6303/1595 1647/6304/1647
f 1648/6305/1648 1699/6306/1699 1700/6307/1700 1649/6308/1649
f 1700/6309/1700 1650/6310/1650 1596/6311/1596 1649/6312/1649
f 1636/6313/1636 1650/6314/1650 1701/6315/1701 1688/6316/1688
f 1702/6317/1702 1653/6318/1653 1598/6319/1598 1651/6320/1651
f 1703/6321/1703 1652/6322/1652 1653/6323/1653 1704/6324/1704
f 1610/6325/1610 1600/6326/1600 1654/6327/1654 1664/6328/1664
f 1654/6329/1654 1601/6330/1601 1655/6331/1655 1705/6332/1705
f 1602/6333/1602 1656/6334/1656 1706/6335/1706 1655/6336/1655
f 1603/6337/1603 1657/6338/1657 1707/6339/1707 1656/6340/1656
f 1708/6341/1708 1657/6342/1657 1652/6343/1652 1703/6344/1703
f 1659/6345/1659 1605/6346/1605 1658/6347/1658 1709/6348/1709
f 1659/6349/1659 1710/6350/1710 1660/6351/1660 1606/6352/1606
f 1711/6353/1711 1661/6354/1661 1607/6355/1607 1660/6356/1660
f 1608/6357/1608 1661/6358/1661 1712/6359/1712 1662/6360/1662
f 1713/6361/1713 1663/6362/1663 1662/6363/1662 1714/6364/1714
f 1713/6365/1713 1669/6366/1669 1614/6367/1614 1663/6368/1663
f 1715/6369/1715 1709/6370/1709 1658/6371/1658 1664/6372/1664
f 1666/6373/1666 1716/6374/1716 1665/6375/1665 1612/6376/1612
f 1667/6377/1667 1717/6378/1717 1666/6379/1666 1613/6380/1613
f 1668/6381/1668 1718/6382/1718 1667/6383/1667 1615/6384/1615
f 1719/6385/1719 1720/6386/1720 1668/6387/1668 1669/6388/1669
f 1616/6389/1616 1670/6390/1670 1676/6391/1676 1621/6392/1621
f 1716/6393/1716 1721/6394/1721 1670/6395/1670 1665/6396/1665
f 1677/6397/1677 1722/6398/1722 1671/6399/1671 1622/6400/1622
f 1723/6401/1723 1672/6402/1672 1617/6403/1617 1671/6404/1671
f 1673/6405/1673 1618/6406/1618 1672/6407/1672 1724/6408/1724
f 1673/6409/1673 1725/6410/1725 1674/6411/1674 1619/6412/1619
f 1726/6413/1726 1675/6414/1675 1620/6415/1620 1674/6416/1674
f 1623/6417/1623 1675/6418/1675 1727/6419/1727 1678/6420/1678
f 1728/6421/1728 1729/6422/1729 1677/6423/1677 1676/6424/1676
f 1679/6425/1679 1624/6426/1624 1678/6427/1678 1730/6428/1730
f 1679/6429/1679 1731/6430/1731 1732/6431/1732 1625/6432/1625
f 1626/6433/1626 1625/6434/1625 1732/6435/1732 1680/6436/1680
f 1681/6437/1681 1680/6438/1680 1733/6439/1733 1683/6440/1683
f 1734/6441/1734 1682/6442/1682 1630/6443/1630 1683/6444/1683
f 1686/6445/1686 1735/6446/1735 1684/6447/1684 1634/6448/1634
f 1736/6449/1736 1685/6450/1685 1631/6451/1631 1684/6452/1684
f 1687/6453/1687 1737/6454/1737 1686/6455/1686 1635/6456/1635
f 1734/6457/1734 1738/6458/1738 1687/6459/1687 1682/6460/1682
f 1739/6461/1739 1689/6462/1689 1637/6463/1637 1688/6464/1688
f 1740/6465/1740 1690/6466/1690 1638/6467/1638 1689/6468/1689
f 1691/6469/1691 1639/6470/1639 1690/6471/1690 1741/6472/1741
f 1640/6473/1640 1691/6474/1691 1742/6475/1742 1692/6476/1692
f 1641/6477/1641 1692/6478/1692 1743/6479/1743 1693/6480/1693
f 1744/6481/1744 1694/6482/1694 1642/6483/1642 1693/6484/1693
f 1745/6485/1745 1695/6486/1695 1643/6487/1643 1694/6488/1694
f 1746/6489/1746 1696/6490/1696 1644/6491/1644 1695/6492/1695
f 1645/6493/1645 1696/6494/1696 1747/6495/1747 1697/6496/1697
f 1702/6497/1702 1651/6498/1651 1697/6499/1697 1748/6500/1748
f 1698/6501/1698 1749/6502/1749 1699/6503/1699 1648/6504/1648
f 1750/6505/1750 1700/6506/1700 1699/6507/1699 1751/6508/1751
f 1750/6509/1750 1701/6510/1701 1650/6511/1650 1700/6512/1700
f 1701/6513/1701 1752/6514/1752 1739/6515/1739 1688/6516/1688
f 1753/6517/1753 1704/6518/1704 1653/6519/1653 1702/6520/1702
f 1654/6521/1654 1705/6522/1705 1715/6523/1715 1664/6524/1664
f 1754/6525/1754 1705/6526/1705 1655/6527/1655 1706/6528/1706
f 1755/6529/1755 1706/6530/1706 1656/6531/1656 1707/6532/1707
f 1708/6533/1708 1756/6534/1756 1707/6535/1707 1657/6536/1657
f 1757/6537/1757 1758/6538/1758 1708/6539/1708 1703/6540/1703
f 1659/6541/1659 1709/6542/1709 1759/6543/1759 1710/6544/1710
f 1760/6545/1760 1711/6546/1711 1660/6547/1660 1710/6548/1710
f 1712/6549/1712 1661/6550/1661 1711/6551/1711 1761/6552/1761
f 1712/6553/1712 1762/6554/1762 1714/6555/1714 1662/6556/1662
f 1763/6557/1763 1713/6558/1713 1714/6559/1714 1764/6560/1764
f 1719/6561/1719 1669/6562/1669 1713/6563/1713 1763/6564/1763
f 1759/6565/1759 1709/6566/1709 1715/6567/1715 1765/6568/1765
f 1717/6569/1717 1766/6570/1766 1716/6571/1716 1666/6572/1666
f 1667/6573/1667 1718/6574/1718 1767/6575/1767 1717/6576/1717
f 1668/6577/1668 1720/6578/1720 1768/6579/1768 1718/6580/1718
f 1719/6581/1719 1769/6582/1769 1770/6583/1770 1720/6584/1720
f 1728/6585/1728 1676/6586/1676 1670/6587/1670 1721/6588/1721
f 1771/6589/1771 1721/6590/1721 1716/6591/1716 1766/6592/1766
f 1677/6593/1677 1729/6594/1729 1772/6595/1772 1722/6596/1722
f 1723/6597/1723 1671/6598/1671 1722/6599/1722 1773/6600/1773
f 1723/6601/1723 1774/6602/1774 1724/6603/1724 1672/6604/1672
f 1673/6605/1673 1724/6606/1724 1775/6607/1775 1725/6608/1725
f 1726/6609/1726 1674/6610/1674 1725/6611/1725 1776/6612/1776
f 1726/6613/1726 1777/6614/1777 1727/6615/1727 1675/6616/1675
f 1727/6617/1727 1778/6618/1778 1730/6619/1730 1678/6620/1678
f 1728/6621/1728 1779/6622/1779 1780/6623/1780 1729/6624/1729
f 1679/6625/1679 1730/6626/1730 1781/6627/1781 1731/6628/1731
f 1782/6629/1782 1783/6630/1783 1732/6631/1732 1731/6632/1731
f 1783/6633/1783 1733/6634/1733 1680/6635/1680 1732/6636/1732
f 1734/6637/1734 1683/6638/1683 1733/6639/1733 1784/6640/1784
f 1785/6641/1785 1735/6642/1735 1686/6643/1686 1737/6644/1737
f 1735/6645/1735 1786/6646/1786 1736/6647/1736 1684/6648/1684
f 1736/6649/1736 1787/6650/1787 1788/6651/1788 1685/6652/1685
f 1687/6653/1687 1738/6654/1738 1789/6655/1789 1737/6656/1737
f 1734/6657/1734 1784/6658/1784 1790/6659/1790 1738/6660/1738
f 1739/6661/1739 1791/6662/1791 1740/6663/1740 1689/6664/1689
f 1741/6665/1741 1690/6666/1690 1740/6667/1740 1792/6668/1792
f 1691/6669/1691 1741/6670/1741 1793/6671/1793 1742/6672/1742
f 1743/6673/1743 1692/6674/1692 1742/6675/1742 1794/6676/1794
f 1795/6677/1795 1744/6678/1744 1693/6679/1693 1743/6680/1743
f 1796/6681/1796 1745/6682/1745 1694/6683/1694 1744/6684/1744
f 1746/6685/1746 1695/6686/1695 1745/6687/1745 1797/6688/1797
f 1798/6689/1798 1748/6690/1748 1697/6691/1697 1747/6692/1747
f 1753/6693/1753 1702/6694/1702 1748/6695/1748 1799/6696/1799
f 1699/6697/1699 1749/6698/1749 1800/6699/1800 1751/6700/1751
f 1750/6701/1750 1751/6702/1751 1801/6703/1801 1802/6704/1802
f 1750/6705/1750 1802/6706/1802 1752/6707/1752 1701/6708/1701
f 1739/6709/1739 1752/6710/1752 1803/6711/1803 1791/6712/1791
f 1804/6713/1804 1805/6714/1805 1704/6715/1704 1753/6716/1753
f 1715/6717/1715 1705/6718/1705 1754/6719/1754 1765/6720/1765
f 1754/6721/1754 1706/6722/1706 1755/6723/1755 1806/6724/1806
f 1756/6725/1756 1807/6726/1807 1755/6727/1755 1707/6728/1707
f 1758/6729/1758 1808/6730/1808 1756/6731/1756 1708/6732/1708
f 1809/6733/1809 1758/6734/1758 1757/6735/1757 1810/6736/1810
f 1760/6737/1760 1710/6738/1710 1759/6739/1759 1811/6740/1811
f 1760/6741/1760 1812/6742/1812 1761/6743/1761 1711/6744/1711
f 1712/6745/1712 1761/6746/1761 1813/6747/1813 1762/6748/1762
f 1814/6749/1814 1764/6750/1764 1714/6751/1714 1762/6752/1762
f 1815/6753/1815 1816/6754/1816 1763/6755/1763 1764/6756/1764
f 1719/6757/1719 1763/6758/1763 1816/6759/1816 1769/6760/1769
f 1759/6761/1759 1765/6762/1765 1817/6763/1817 1811/6764/1811
f 1818/6765/1818 1766/6766/1766 1717/6767/1717 1767/6768/1767
f 1819/6769/1819 1767/6770/1767 1718/6771/1718 1768/6772/1768
f 1768/6773/1768 1720/6774/1720 1770/6775/1770 1820/6776/1820
f 1821/6777/1821 1822/6778/1822 1770/6779/1770 1769/6780/1769
f 1728/6781/1728 1721/6782/1721 1771/6783/1771 1779/6784/1779
f 1771/6785/1771 1766/6786/1766 1818/6787/1818 1823/6788/1823
f 1824/6789/1824 1772/6790/1772 1729/6791/1729 1780/6792/1780
f 1825/6793/1825 1773/6794/1773 1722/6795/1722 1772/6796/1772
f 1723/6797/1723 1773/6798/1773 1826/6799/1826 1774/6800/1774
f 1774/6801/1774 1827/6802/1827 1775/6803/1775 1724/6804/1724
f 1725/6805/1725 1775/6806/1775 1828/6807/1828 1776/6808/1776
f 1726/6809/1726 1776/6810/1776 1829/6811/1829 1777/6812/1777
f 1727/6813/1727 1777/6814/1777 1830/6815/1830 1778/6816/1778
f 1730/6817/1730 1778/6818/1778 1831/6819/1831 1781/6820/1781
f 1832/6821/1832 1833/6822/1833 1780/6823/1780 1779/6824/1779
f 1834/6825/1834 1782/6826/1782 1731/6827/1731 1781/6828/1781
f 1835/6829/1835 1836/6830/1836 1783/6831/1783 1782/6832/1782
f 1783/6833/1783 1836/6834/1836 1784/6835/1784 1733/6836/1733
f 1785/6837/1785 1837/6838/1837 1786/6839/1786 1735/6840/1735
f 1838/6841/1838 1785/6842/1785 1737/6843/1737 1789/6844/1789
f 1839/6845/1839 1787/6846/1787 1736/6847/1736 1786/6848/1786
f 1790/6849/1790 1840/6850/1840 1789/6851/1789 1738/6852/1738
f 1790/6853/1790 1784/6854/1784 1836/6855/1836 1841/6856/1841
f 1792/6857/1792 1740/6858/1740 1791/6859/1791 1842/6860/1842
f 1843/6861/1843 1793/6862/1793 1741/6863/1741 1792/6864/1792
f 1742/6865/1742 1793/6866/1793 1844/6867/1844 1794/6868/1794
f 1845/6869/1845 1795/6870/1795 1743/6871/1743 1794/6872/1794
f 1795/6873/1795 1846/6874/1846 1796/6875/1796 1744/6876/1744
f 1797/6877/1797 1745/6878/1745 1796/6879/1796 1847/6880/1847
f 1746/6881/1746 1797/6882/1797 1848/6883/1848 1747/6884/1747
f 1799/6885/1799 1748/6886/1748 1798/6887/1798 1849/6888/1849
f 1848/6889/1848 1849/6890/1849 1798/6891/1798 1747/6892/1747
f 1804/6893/1804 1753/6894/1753 1799/6895/1799 1850/6896/1850
f 1801/6897/1801 1751/6898/1751 1800/6899/1800 1851/6900/1851
f 1801/6901/1801 1852/6902/1852 1853/6903/1853 1802/6904/1802
f 1802/6905/1802 1853/6906/1853 1803/6907/1803 1752/6908/1752
f 1791/6909/1791 1803/6910/1803 1854/6911/1854 1842/6912/1842
f 1804/6913/1804 1855/6914/1855 1856/6915/1856 1805/6916/1805
f 1805/6917/1805 1810/6918/1810 1757/6919/1757 1704/6920/1704
f 1765/6921/1765 1754/6922/1754 1806/6923/1806 1817/6924/1817
f 1857/6925/1857 1806/6926/1806 1755/6927/1755 1807/6928/1807
f 1858/6929/1858 1807/6930/1807 1756/6931/1756 1808/6932/1808
f 1809/6933/1809 1859/6934/1859 1808/6935/1808 1758/6936/1758
f 1809/6937/1809 1810/6938/1810 1860/6939/1860 1861/6940/1861
f 1760/6941/1760 1811/6942/1811 1862/6943/1862 1812/6944/1812
f 1761/6945/1761 1812/6946/1812 1863/6947/1863 1813/6948/1813
f 1814/6949/1814 1762/6950/1762 1813/6951/1813 1864/6952/1864
f 1865/6953/1865 1815/6954/1815 1764/6955/1764 1814/6956/1814
f 1866/6957/1866 1867/6958/1867 1816/6959/1816 1815/6960/1815
f 1821/6961/1821 1769/6962/1769 1816/6963/1816 1867/6964/1867
f 1868/6965/1868 1862/6966/1862 1811/6967/1811 1817/6968/1817
f 1869/6969/1869 1818/6970/1818 1767/6971/1767 1819/6972/1819
f 1819/6973/1819 1768/6974/1768 1820/6975/1820 1870/6976/1870
f 1871/6977/1871 1820/6978/1820 1770/6979/1770 1822/6980/1822
f 1821/6981/1821 1872/6982/1872 1873/6983/1873 1822/6984/1822
f 1832/6985/1832 1779/6986/1779 1771/6987/1771 1823/6988/1823
f 1874/6989/1874 1823/6990/1823 1818/6991/1818 1869/6992/1869
f 1875/6993/1875 1825/6994/1825 1772/6995/1772 1824/6996/1824
f 1876/6997/1876 1824/6998/1824 1780/6999/1780 1833/7000/1833
f 1877/7001/1877 1826/7002/1826 1773/7003/1773 1825/7004/1825
f 1774/7005/1774 1826/7006/1826 1878/7007/1878 1827/7008/1827
f 1775/7009/1775 1827/7010/1827 1879/7011/1879 1828/7012/1828
f 1776/7013/1776 1828/7014/1828 1880/7015/1880 1829/7016/1829
f 1777/7017/1777 1829/7018/1829 1881/7019/1881 1830/7020/1830
f 1778/7021/1778 1830/7022/1830 1882/7023/1882 1831/7024/1831
f 1831/7025/1831 1883/7026/1883 1834/7027/1834 1781/7028/1781
f 1832/7029/1832 1884/7030/1884 1885/7031/1885 1833/7032/1833
f 1835/7033/1835 1782/7034/1782 1834/7035/1834 1886/7036/1886
f 1887/7037/1887 1841/7038/1841 1836/7039/1836 1835/7040/1835
f 1838/7041/1838 1888/7042/1888 1837/7043/1837 1785/7044/1785
f 1889/7045/1889 1839/7046/1839 1786/7047/1786 1837/7048/1837
f 1890/7049/1890 1838/7050/1838 1789/7051/1789 1840/7052/1840
f 1790/7053/1790 1841/7054/1841 1891/7055/1891 1840/7056/1840
f 1843/7057/1843 1792/7058/1792 1842/7059/1842 1892/7060/1892
f 1843/7061/1843 1893/7062/1893 1844/7063/1844 1793/7064/1793
f 1845/7065/1845 1794/7066/1794 1844/7067/1844 1894/7068/1894
f 1845/7069/1845 1895/7070/1895 1846/7071/1846 1795/7072/1795
f 1846/7073/1846 1896/7074/1896 1847/7075/1847 1796/7076/1796
f 1797/7077/1797 1847/7078/1847 1897/7079/1897 1848/7080/1848
f 1849/7081/1849 1898/7082/1898 1850/7083/1850 1799/7084/1799
f 1848/7085/1848 1897/7086/1897 1899/7087/1899 1849/7088/1849
f 1804/7089/1804 1850/7090/1850 1900/7091/1900 1855/7092/1855
f 1801/7093/1801 1851/7094/1851 1901/7095/1901 1852/7096/1852
f 1902/7097/1902 1903/7098/1903 1853/7099/1853 1852/7100/1852
f 1903/7101/1903 1854/7102/1854 1803/7103/1803 1853/7104/1853
f 1854/7105/1854 1904/7106/1904 1892/7107/1892 1842/7108/1842
f 1905/7109/1905 1856/7110/1856 1855/7111/1855 1906/7112/1906
f 1856/7113/1856 1860/7114/1860 1810/7115/1810 1805/7116/1805
f 1857/7117/1857 1868/7118/1868 1817/7119/1817 1806/7120/1806
f 1907/7121/1907 1857/7122/1857 1807/7123/1807 1858/7124/1858
f 1908/7125/1908 1858/7126/1858 1808/7127/1808 1859/7128/1859
f 1809/7129/1809 1861/7130/1861 1909/7131/1909 1859/7132/1859
f 1910/7133/1910 1911/7134/1911 1861/7135/1861 1860/7136/1860
f 1912/7137/1912 1863/7138/1863 1812/7139/1812 1862/7140/1862
f 1864/7141/1864 1813/7142/1813 1863/7143/1863 1913/7144/1913
f 1914/7145/1914 1865/7146/1865 1814/7147/1814 1864/7148/1864
f 1866/7149/1866 1815/7150/1815 1865/7151/1865 1915/7152/1915
f 1866/7153/1866 1916/7154/1916 1917/7155/1917 1867/7156/1867
f 1821/7157/1821 1867/7158/1867 1917/7159/1917 1872/7160/1872
f 1918/7161/1918 1912/7162/1912 1862/7163/1862 1868/7164/1868
f 1869/7165/1869 1819/7166/1819 1870/7167/1870 1919/7168/1919
f 1920/7169/1920 1870/7170/1870 1820/7171/1820 1871/7172/1871
f 1871/7173/1871 1822/7174/1822 1873/7175/1873 1921/7176/1921
f 1872/7177/1872 1922/7178/1922 1923/7179/1923 1873/7180/1873
f 1874/7181/1874 1884/7182/1884 1832/7183/1832 1823/7184/1823
f 1874/7185/1874 1869/7186/1869 1919/7187/1919 1924/7188/1924
f 1925/7189/1925 1877/7190/1877 1825/7191/1825 1875/7192/1875
f 1876/7193/1876 1926/7194/1926 1875/7195/1875 1824/7196/1824
f 1876/7197/1876 1833/7198/1833 1885/7199/1885 1927/7200/1927
f 1928/7201/1928 1878/7202/1878 1826/7203/1826 1877/7204/1877
f 1929/7205/1929 1879/7206/1879 1827/7207/1827 1878/7208/1878
f 1879/7209/1879 1930/7210/1930 1880/7211/1880 1828/7212/1828
f 1880/7213/1880 1931/7214/1931 1881/7215/1881 1829/7216/1829
f 1830/7217/1830 1881/7218/1881 1932/7219/1932 1882/7220/1882
f 1882/7221/1882 1933/7222/1933 1883/7223/1883 1831/7224/1831
f 1834/7225/1834 1883/7226/1883 1934/7227/1934 1886/7228/1886
f 1935/7229/1935 1936/7230/1936 1885/7231/1885 1884/7232/1884
f 1887/7233/1887 1835/7234/1835 1886/7235/1886 1937/7236/1937
f 1887/7237/1887 1938/7238/1938 1891/7239/1891 1841/7240/1841
f 1939/7241/1939 1888/7242/1888 1838/7243/1838 1890/7244/1890
f 1940/7245/1940 1889/7246/1889 1837/7247/1837 1888/7248/1888
f 1890/7249/1890 1840/7250/1840 1891/7251/1891 1941/7252/1941
f 1843/7253/1843 1892/7254/1892 1942/7255/1942 1893/7256/1893
f 1894/7257/1894 1844/7258/1844 1893/7259/1893 1943/7260/1943
f 1845/7261/1845 1894/7262/1894 1944/7263/1944 1895/7264/1895
f 1846/7265/1846 1895/7266/1895 1945/7267/1945 1896/7268/1896
f 1946/7269/1946 1897/7270/1897 1847/7271/1847 1896/7272/1896
f 1947/7273/1947 1898/7274/1898 1849/7275/1849 1899/7276/1899
f 1900/7277/1900 1850/7278/1850 1898/7279/1898 1947/7280/1947
f 1946/7281/1946 1948/7282/1948 1899/7283/1899 1897/7284/1897
f 1906/7285/1906 1855/7286/1855 1900/7287/1900 1949/7288/1949
f 1902/7289/1902 1852/7290/1852 1901/7291/1901 1950/7292/1950
f 1902/7293/1902 1951/7294/1951 1952/7295/1952 1903/7296/1903
f 1903/7297/1903 1952/7298/1952 1904/7299/1904 1854/7300/1854
f 1942/7301/1942 1892/7302/1892 1904/7303/1904 1953/7304/1953
f 1910/7305/1910 1860/7306/1860 1856/7307/1856 1905/7308/1905
f 1905/7309/1905 1906/7310/1906 1954/7311/1954 1955/7312/1955
f 1907/7313/1907 1918/7314/1918 1868/7315/1868 1857/7316/1857
f 1908/7317/1908 1956/7318/1956 1907/7319/1907 1858/7320/1858
f 1908/7321/1908 1859/7322/1859 1909/7323/1909 1957/7324/1957
f 1958/7325/1958 1909/7326/1909 1861/7327/1861 1911/7328/1911
f 1910/7329/1910 1959/7330/1959 1960/7331/1960 1911/7332/1911
f 1961/7333/1961 1913/7334/1913 1863/7335/1863 1912/7336/1912
f 1914/7337/1914 1864/7338/1864 1913/7339/1913 1962/7340/1962
f 1914/7341/1914 1963/7342/1963 1915/7343/1915 1865/7344/1865
f 1866/7345/1866 1915/7346/1915 1964/7347/1964 1916/7348/1916
f 1965/7349/1965 1966/7350/1966 1917/7351/1917 1916/7352/1916
f 1872/7353/1872 1917/7354/1917 1966/7355/1966 1922/7356/1922
f 1967/7357/1967 1919/7358/1919 1870/7359/1870 1920/7360/1920
f 1920/7361/1920 1871/7362/1871 1921/7363/1921 1968/7364/1968
f 1923/7365/1923 1969/7366/1969 1921/7367/1921 1873/7368/1873
f 1970/7369/1970 1923/7370/1923 1922/7371/1922 1971/7372/1971
f 1874/7373/1874 1924/7374/1924 1935/7375/1935 1884/7376/1884
f 1924/7377/1924 1919/7378/1919 1967/7379/1967 1972/7380/1972
f 1973/7381/1973 1928/7382/1928 1877/7383/1877 1925/7384/1925
f 1925/7385/1925 1875/7386/1875 1926/7387/1926 1974/7388/1974
f 1876/7389/1876 1927/7390/1927 1975/7391/1975 1926/7392/1926
f 1927/7393/1927 1885/7394/1885 1936/7395/1936 1976/7396/1976
f 1977/7397/1977 1929/7398/1929 1878/7399/1878 1928/7400/1928
f 1929/7401/1929 1978/7402/1978 1930/7403/1930 1879/7404/1879
f 1880/7405/1880 1930/7406/1930 1979/7407/1979 1931/7408/1931
f 1931/7409/1931 1980/7410/1980 1932/7411/1932 1881/7412/1881
f 1932/7413/1932 1981/7414/1981 1933/7415/1933 1882/7416/1882
f 1933/7417/1933 1982/7418/1982 1934/7419/1934 1883/7420/1883
f 1937/7421/1937 1886/7422/1886 1934/7423/1934 1983/7424/1983
f 1984/7425/1984 1936/7426/1936 1935/7427/1935 1985/7428/1985
f 1887/7429/1887 1937/7430/1937 1986/7431/1986 1938/7432/1938
f 1938/7433/1938 1987/7434/1987 1941/7435/1941 1891/7436/1891
f 1939/7437/1939 1988/7438/1988 1940/7439/1940 1888/7440/1888
f 1939/7441/1939 1890/7442/1890 1941/7443/1941 1989/7444/1989
f 1893/7445/1893 1942/7446/1942 1990/7447/1990 1943/7448/1943
f 1894/7449/1894 1943/7450/1943 1991/7451/1991 1944/7452/1944
f 1895/7453/1895 1944/7454/1944 1992/7455/1992 1945/7456/1945
f 1946/7457/1946 1896/7458/1896 1945/7459/1945 1993/7460/1993
f 1947/7461/1947 1899/7462/1899 1948/7463/1948 1994/7464/1994
f 1949/7465/1949 1900/7466/1900 1947/7467/1947 1994/7468/1994
f 1946/7469/1946 1993/7470/1993 1995/7471/1995 1948/7472/1948
f 1906/7473/1906 1949/7474/1949 1996/7475/1996 1954/7476/1954
f 1902/7477/1902 1950/7478/1950 1997/7479/1997 1951/7480/1951
f 1951/7481/1951 1998/7482/1998 1999/7483/1999 1952/7484/1952
f 1999/7485/1999 1953/7486/1953 1904/7487/1904 1952/7488/1952
f 1990/7489/1990 1942/7490/1942 1953/7491/1953 2000/7492/2000
f 1910/7493/1910 1905/7494/1905 1955/7495/1955 1959/7496/1959
f 2001/7497/2001 1955/7498/1955 1954/7499/1954 2002/7500/2002
f 2003/7501/2003 1918/7502/1918 1907/7503/1907 1956/7504/1956
f 1908/7505/1908 1957/7506/1957 2004/7507/2004 1956/7508/1956
f 1958/7509/1958 2005/7510/2005 1957/7511/1957 1909/7512/1909
f 2006/7513/2006 1958/7514/1958 1911/7515/1911 1960/7516/1960
f 2007/7517/2007 2008/7518/2008 1960/7519/1960 1959/7520/1959
f 1962/7521/1962 1913/7522/1913 1961/7523/1961 2009/7524/2009
f 1914/7525/1914 1962/7526/1962 2010/7527/2010 1963/7528/1963
f 2011/7529/2011 1964/7530/1964 1915/7531/1915 1963/7532/1963
f 1965/7533/1965 1916/7534/1916 1964/7535/1964 2012/7536/2012
f 1965/7537/1965 2013/7538/2013 2014/7539/2014 1966/7540/1966
f 1966/7541/1966 2014/7542/2014 1971/7543/1971 1922/7544/1922
f 1967/7545/1967 1920/7546/1920 1968/7547/1968 2015/7548/2015
f 1921/7549/1921 1969/7550/1969 2016/7551/2016 1968/7552/1968
f 1970/7553/1970 1971/7554/1971 2017/7555/2017 2018/7556/2018
f 1924/7557/1924 1972/7558/1972 1985/7559/1985 1935/7560/1935
f 1967/7561/1967 2015/7562/2015 2019/7563/2019 1972/7564/1972
f 1977/7565/1977 1928/7566/1928 1973/7567/1973 2020/7568/2020
f 1973/7569/1973 1925/7570/1925 1974/7571/1974 2021/7572/2021
f 1974/7573/1974 1926/7574/1926 1975/7575/1975 2022/7576/2022
f 1975/7577/1975 1927/7578/1927 1976/7579/1976 2023/7580/2023
f 1984/7581/1984 2024/7582/2024 1976/7583/1976 1936/7584/1936
f 1977/7585/1977 2025/7586/2025 1978/7587/1978 1929/7588/1929
f 1930/7589/1930 1978/7590/1978 2026/7591/2026 1979/7592/1979
f 2027/7593/2027 1980/7594/1980 1931/7595/1931 1979/7596/1979
f 1932/7597/1932 1980/7598/1980 2028/7599/2028 1981/7600/1981
f 2029/7601/2029 1982/7602/1982 1933/7603/1933 1981/7604/1981
f 1983/7605/1983 1934/7606/1934 1982/7607/1982 2030/7608/2030
f 1937/7609/1937 1983/7610/1983 2031/7611/2031 1986/7612/1986
f 1984/7613/1984 1985/7614/1985 2019/7615/2019 2032/7616/2032
f 1938/7617/1938 1986/7618/1986 2033/7619/2033 1987/7620/1987
f 2034/7621/2034 1989/7622/1989 1941/7623/1941 1987/7624/1987
f 2035/7625/2035 1988/7626/1988 1939/7627/1939 1989/7628/1989
f 1990/7629/1990 2036/7630/2036 1991/7631/1991 1943/7632/1943
f 2037/7633/2037 1992/7634/1992 1944/7635/1944 1991/7636/1991
f 1993/7637/1993 1945/7638/1945 1992/7639/1992 2038/7640/2038
f 2039/7641/2039 1994/7642/1994 1948/7643/1948 1995/7644/1995
f 2039/7645/2039 1996/7646/1996 1949/7647/1949 1994/7648/1994
f 1995/7649/1995 1993/7650/1993 2038/7651/2038 2040/7652/2040
f 1954/7653/1954 1996/7654/1996 2041/7655/2041 2002/7656/2002
f 1951/7657/1951 1997/7658/1997 2042/7659/2042 1998/7660/1998
f 1999/7661/1999 1998/7662/1998 2043/7663/2043 2044/7664/2044
f 2000/7665/2000 1953/7666/1953 1999/7667/1999 2044/7668/2044
f 1990/7669/1990 2000/7670/2000 2045/7671/2045 2036/7672/2036
f 2001/7673/2001 2007/7674/2007 1959/7675/1959 1955/7676/1955
f 2001/7677/2001 2002/7678/2002 2046/7679/2046 2047/7680/2047
f 2004/7681/2004 2048/7682/2048 2003/7683/2003 1956/7684/1956
f 2049/7685/2049 2004/7686/2004 1957/7687/1957 2005/7688/2005
f 2006/7689/2006 2050/7690/2050 2005/7691/2005 1958/7692/1958
f 2006/7693/2006 1960/7694/1960 2008/7695/2008 2051/7696/2051
f 2007/7697/2007 2052/7698/2052 2053/7699/2053 2008/7700/2008
f 1962/7701/1962 2009/7702/2009 2054/7703/2054 2010/7704/2010
f 2011/7705/2011 1963/7706/1963 2010/7707/2010 2055/7708/2055
f 2011/7709/2011 2056/7710/2056 2012/7711/2012 1964/7712/1964
f 1965/7713/1965 2012/7714/2012 2057/7715/2057 2013/7716/2013
f 2058/7717/2058 2059/7718/2059 2014/7719/2014 2013/7720/2013
f 1971/7721/1971 2014/7722/2014 2059/7723/2059 2017/7724/2017
f 2060/7725/2060 2015/7726/2015 1968/7727/1968 2016/7728/2016
f 1970/7729/1970 2061/7730/2061 2016/7731/2016 1969/7732/1969
f 2018/7733/2018 2017/7734/2017 2062/7735/2062 2063/7736/2063
f 1970/7737/1970 2018/7738/2018 2064/7739/2064 2061/7740/2061
f 2065/7741/2065 2019/7742/2019 2015/7743/2015 2060/7744/2060
f 1973/7745/1973 2021/7746/2021 2066/7747/2066 2020/7748/2020
f 1977/7749/1977 2020/7750/2020 2067/7751/2067 2025/7752/2025
f 2021/7753/2021 1974/7754/1974 2022/7755/2022 2068/7756/2068
f 2022/7757/2022 1975/7758/1975 2023/7759/2023 2069/7760/2069
f 2024/7761/2024 2070/7762/2070 2023/7763/2023 1976/7764/1976
f 1984/7765/1984 2032/7766/2032 2071/7767/2071 2024/7768/2024
f 2025/7769/2025 2072/7770/2072 2026/7771/2026 1978/7772/1978
f 2027/7773/2027 1979/7774/1979 2026/7775/2026 2073/7776/2073
f 2027/7777/2027 2074/7778/2074 2028/7779/2028 1980/7780/1980
f 2029/7781/2029 1981/7782/1981 2028/7783/2028 2075/7784/2075
f 2029/7785/2029 2076/7786/2076 2030/7787/2030 1982/7788/1982
f 1983/7789/1983 2030/7790/2030 2077/7791/2077 2031/7792/2031
f 2031/7793/2031 2078/7794/2078 2033/7795/2033 1986/7796/1986
f 2032/7797/2032 2019/7798/2019 2065/7799/2065 2079/7800/2079
f 2034/7801/2034 1987/7802/1987 2033/7803/2033 2080/7804/2080
f 2034/7805/2034 2081/7806/2081 2035/7807/2035 1989/7808/1989
f 2036/7809/2036 2082/7810/2082 2037/7811/2037 1991/7812/1991
f 2038/7813/2038 1992/7814/1992 2037/7815/2037 2083/7816/2083
f 2039/7817/2039 2084/7818/2084 2041/7819/2041 1996/7820/1996
f 2038/7821/2038 2083/7822/2083 2085/7823/2085 2040/7824/2040
f 2084/7825/2084 1995/7826/1995 2040/7827/2040 2086/7828/2086
f 2046/7829/2046 2002/7830/2002 2041/7831/2041 2087/7832/2087
f 2088/7833/2088 2044/7834/2044 2043/7835/2043 2089/7836/2089
f 2000/7837/2000 2044/7838/2044 2088/7839/2088 2045/7840/2045
f 2036/7841/2036 2045/7842/2045 2090/7843/2090 2082/7844/2082
f 2001/7845/2001 2047/7846/2047 2052/7847/2052 2007/7848/2007
f 2046/7849/2046 2091/7850/2091 2092/7851/2092 2047/7852/2047
f 2049/7853/2049 2093/7854/2093 2048/7855/2048 2004/7856/2004
f 2009/7857/2009 2003/7858/2003 2048/7859/2048 2054/7860/2054
f 2094/7861/2094 2049/7862/2049 2005/7863/2005 2050/7864/2050
f 2006/7865/2006 2051/7866/2051 2095/7867/2095 2050/7868/2050
f 2053/7869/2053 2096/7870/2096 2051/7871/2051 2008/7872/2008
f 2053/7873/2053 2052/7874/2052 2097/7875/2097 2098/7876/2098
f 2099/7877/2099 2055/7878/2055 2010/7879/2010 2054/7880/2054
f 2011/7881/2011 2055/7882/2055 2100/7883/2100 2056/7884/2056
f 2012/7885/2012 2056/7886/2056 2101/7887/2101 2057/7888/2057
f 2102/7889/2102 2058/7890/2058 2013/7891/2013 2057/7892/2057
f 2058/7893/2058 2103/7894/2103 2104/7895/2104 2059/7896/2059
f 2059/7897/2059 2104/7898/2104 2062/7899/2062 2017/7900/2017
f 2060/7901/2060 2016/7902/2016 2061/7903/2061 2105/7904/2105
f 2063/7905/2063 2062/7906/2062 2106/7907/2106 2107/7908/2107
f 2018/7909/2018 2063/7910/2063 2108/7911/2108 2064/7912/2064
f 2109/7913/2109 2105/7914/2105 2061/7915/2061 2064/7916/2064
f 2065/7917/2065 2060/7918/2060 2105/7919/2105 2110/7920/2110
f 2021/7921/2021 2068/7922/2068 2111/7923/2111 2066/7924/2066
f 2112/7925/2112 2067/7926/2067 2020/7927/2020 2066/7928/2066
f 2067/7929/2067 2113/7930/2113 2072/7931/2072 2025/7932/2025
f 2022/7933/2022 2069/7934/2069 2114/7935/2114 2068/7936/2068
f 2115/7937/2115 2070/7938/2070 2024/7939/2024 2071/7940/2071
f 2116/7941/2116 2071/7942/2071 2032/7943/2032 2079/7944/2079
f 2117/7945/2117 2073/7946/2073 2026/7947/2026 2072/7948/2072
f 2027/7949/2027 2073/7950/2073 2118/7951/2118 2074/7952/2074
f 2119/7953/2119 2075/7954/2075 2028/7955/2028 2074/7956/2074
f 2029/7957/2029 2075/7958/2075 2120/7959/2120 2076/7960/2076
f 2030/7961/2030 2076/7962/2076 2121/7963/2121 2077/7964/2077
f 2122/7965/2122 2078/7966/2078 2031/7967/2031 2077/7968/2077
f 2080/7969/2080 2033/7970/2033 2078/7971/2078 2123/7972/2123
f 2065/7973/2065 2110/7974/2110 2124/7975/2124 2079/7976/2079
f 2125/7977/2125 2081/7978/2081 2034/7979/2034 2080/7980/2080
f 2087/7981/2087 2041/7982/2041 2084/7983/2084 2086/7984/2086
f 2086/7985/2086 2040/7986/2040 2085/7987/2085 2126/7988/2126
f 2046/7989/2046 2087/7990/2087 2127/7991/2127 2091/7992/2091
f 2128/7993/2128 2088/7994/2088 2089/7995/2089 2129/7996/2129
f 2128/7997/2128 2090/7998/2090 2045/7999/2045 2088/8000/2088
f 2092/8001/2092 2097/8002/2097 2052/8003/2052 2047/8004/2047
f 2092/8005/2092 2091/8006/2091 2130/8007/2130 2131/8008/2131
f 2094/8009/2094 2132/8010/2132 2093/8011/2093 2049/8012/2049
f 2099/8013/2099 2054/8014/2054 2048/8015/2048 2093/8016/2093
f 2094/8017/2094 2050/8018/2050 2095/8019/2095 2133/8020/2133
f 2096/8021/2096 2134/8022/2134 2095/8023/2095 2051/8024/2051
f 2053/8025/2053 2098/8026/2098 2135/8027/2135 2096/8028/2096
f 2136/8029/2136 2098/8030/2098 2097/8031/2097 2137/8032/2137
f 2099/8033/2099 2138/8034/2138 2100/8035/2100 2055/8036/2055
f 2100/8037/2100 2139/8038/2139 2101/8039/2101 2056/8040/2056
f 2140/8041/2140 2102/8042/2102 2057/8043/2057 2101/8044/2101
f 2102/8045/2102 2141/8046/2141 2103/8047/2103 2058/8048/2058
f 2142/8049/2142 2143/8050/2143 2104/8051/2104 2103/8052/2103
f 2143/8053/2143 2106/8054/2106 2062/8055/2062 2104/8056/2104
f 2107/8057/2107 2106/8058/2106 2144/8059/2144 2145/8060/2145
f 2108/8061/2108 2063/8062/2063 2107/8063/2107 2146/8064/2146
f 2109/8065/2109 2064/8066/2064 2108/8067/2108 2147/8068/2147
f 2109/8069/2109 2148/8070/2148 2110/8071/2110 2105/8072/2105
f 2111/8073/2111 2068/8074/2068 2114/8075/2114 2149/8076/2149
f 2112/8077/2112 2066/8078/2066 2111/8079/2111 2150/8080/2150
f 2112/8081/2112 2151/8082/2151 2113/8083/2113 2067/8084/2067
f 2113/8085/2113 2152/8086/2152 2117/8087/2117 2072/8088/2072
f 2115/8089/2115 2153/8090/2153 2154/8091/2154 2070/8092/2070
f 2115/8093/2115 2071/8094/2071 2116/8095/2116 2155/8096/2155
f 2116/8097/2116 2079/8098/2079 2124/8099/2124 2156/8100/2156
f 2117/8101/2117 2157/8102/2157 2118/8103/2118 2073/8104/2073
f 2158/8105/2158 2119/8106/2119 2074/8107/2074 2118/8108/2118
f 2119/8109/2119 2159/8110/2159 2120/8111/2120 2075/8112/2075
f 2120/8113/2120 2160/8114/2160 2121/8115/2121 2076/8116/2076
f 2161/8117/2161 2122/8118/2122 2077/8119/2077 2121/8120/2121
f 2162/8121/2162 2123/8122/2123 2078/8123/2078 2122/8124/2122
f 2163/8125/2163 2125/8126/2125 2080/8127/2080 2123/8128/2123
f 2124/8129/2124 2110/8130/2110 2148/8131/2148 2164/8132/2164
f 2125/8133/2125 2165/8134/2165 2166/8135/2165 2081/8136/2081
f 2087/8137/2087 2086/8138/2086 2126/8139/2126 2127/8140/2127
f 2167/8141/2166 2168/8142/2167 2126/8143/2126 2085/8144/2085
f 2091/8145/2091 2127/8146/2127 2169/8147/2168 2130/8148/2130
f 2128/8149/2128 2170/8150/2169 2171/8151/2170 2090/8152/2090
f 2092/8153/2092 2131/8154/2131 2137/8155/2137 2097/8156/2097
f 2130/8157/2130 2172/8158/2171 2173/8159/2172 2131/8160/2131
f 2094/8161/2094 2133/8162/2133 2174/8163/2173 2132/8164/2132
f 2099/8165/2099 2093/8166/2093 2132/8167/2132 2138/8168/2138
f 2175/8169/2174 2133/8170/2133 2095/8171/2095 2134/8172/2134
f 2096/8173/2096 2135/8174/2135 2176/8175/2175 2134/8176/2134
f 2135/8177/2135 2098/8178/2098 2136/8179/2136 2177/8180/2176
f 2136/8181/2136 2137/8182/2137 2178/8183/2177 2179/8184/2178
f 2138/8185/2138 2180/8186/2179 2139/8187/2139 2100/8188/2100
f 2181/8189/2180 2140/8190/2140 2101/8191/2101 2139/8192/2139
f 2140/8193/2140 2182/8194/2181 2141/8195/2141 2102/8196/2102
f 2142/8197/2142 2103/8198/2103 2141/8199/2141 2183/8200/2182
f 2142/8201/2142 2184/8202/2183 2185/8203/2184 2143/8204/2143
f 2185/8205/2184 2144/8206/2144 2106/8207/2106 2143/8208/2143
f 2186/8209/2185 2145/8210/2145 2144/8211/2144 2187/8212/2186
f 2107/8213/2107 2145/8214/2145 2188/8215/2187 2146/8216/2146
f 2108/8217/2108 2146/8218/2146 2189/8219/2188 2147/8220/2147
f 2109/8221/2109 2147/8222/2147 2190/8223/2189 2148/8224/2148
f 2191/8225/2190 2149/8226/2149 2114/8227/2114 2154/8228/2154
f 2192/8229/2191 2150/8230/2150 2111/8231/2111 2149/8232/2149
f 2193/8233/2192 2151/8234/2151 2112/8235/2112 2150/8236/2150
f 2151/8237/2151 2194/8238/2193 2152/8239/2152 2113/8240/2113
f 2195/8241/2194 2157/8242/2157 2117/8243/2117 2152/8244/2152
f 2115/8245/2115 2155/8246/2155 2196/8247/2195 2153/8248/2153
f 2197/8249/2196 2191/8250/2190 2154/8251/2154 2153/8252/2153
f 2116/8253/2116 2156/8254/2156 2198/8255/2197 2155/8256/2155
f 2158/8257/2158 2118/8258/2118 2157/8259/2157 2199/8260/2198
f 2158/8261/2158 2200/8262/2199 2159/8263/2159 2119/8264/2119
f 2159/8265/2159 2201/8266/2200 2160/8267/2160 2120/8268/2120
f 2161/8269/2161 2121/8270/2121 2160/8271/2160 2202/8272/2201
f 2161/8273/2161 2203/8274/2202 2162/8275/2162 2122/8276/2122
f 2204/8277/2203 2163/8278/2163 2123/8279/2123 2162/8280/2162
f 2164/8281/2164 2148/8282/2148 2190/8283/2189 2205/8284/2204
f 2169/8285/2168 2127/8286/2127 2126/8287/2126 2168/8288/2167
f 2206/8289/2205 2172/8290/2171 2130/8291/2130 2169/8292/2168
f 2178/8293/2177 2137/8294/2137 2131/8295/2131 2173/8296/2172
f 2207/8297/2206 2208/8298/2207 2173/8299/2172 2172/8300/2171
f 2175/8301/2174 2209/8302/2208 2174/8303/2173 2133/8304/2133
f 2138/8305/2138 2132/8306/2132 2174/8307/2173 2180/8308/2179
f 2175/8309/2174 2134/8310/2134 2176/8311/2175 2210/8312/2209
f 2135/8313/2135 2177/8314/2176 2211/8315/2210 2176/8316/2175
f 2136/8317/2136 2179/8318/2178 2212/8319/2211 2177/8320/2176
f 2178/8321/2177 2213/8322/2212 2214/8323/2213 2179/8324/2178
f 2181/8325/2180 2139/8326/2139 2180/8327/2179 2215/8328/2214
f 2181/8329/2180 2216/8330/2215 2182/8331/2181 2140/8332/2140
f 2217/8333/2216 2183/8334/2182 2141/8335/2141 2182/8336/2181
f 2142/8337/2142 2183/8338/2182 2218/8339/2217 2184/8340/2183
f 2184/8341/2183 2219/8342/2218 2220/8343/2219 2185/8344/2184
f 2187/8345/2186 2144/8346/2144 2185/8347/2184 2220/8348/2219
f 2186/8349/2185 2221/8350/2220 2188/8351/2187 2145/8352/2145
f 2186/8353/2185 2187/8354/2186 2222/8355/2221 2223/8356/2222
f 2189/8357/2188 2146/8358/2146 2188/8359/2187 2224/8360/2223
f 2189/8361/2188 2225/8362/2224 2190/8363/2189 2147/8364/2147
f 2226/8365/2225 2192/8366/2191 2149/8367/2149 2191/8368/2190
f 2193/8369/2192 2150/8370/2150 2192/8371/2191 2227/8372/2226
f 2193/8373/2192 2228/8374/2227 2194/8375/2193 2151/8376/2151
f 2228/8377/2227 2195/8378/2194 2152/8379/2152 2194/8380/2193
f 2195/8381/2194 2229/8382/2228 2199/8383/2198 2157/8384/2157
f 2230/8385/2229 2196/8386/2195 2155/8387/2155 2198/8388/2197
f 2197/8389/2196 2153/8390/2153 2196/8391/2195 2231/8392/2230
f 2226/8393/2225 2191/8394/2190 2197/8395/2196 2232/8396/2231
f 2233/8397/2232 2234/8398/2233 2198/8399/2197 2156/8400/2156
f 2158/8401/2158 2199/8402/2198 2235/8403/2234 2200/8404/2199
f 2159/8405/2159 2200/8406/2199 2236/8407/2235 2201/8408/2200
f 2237/8409/2236 2202/8410/2201 2160/8411/2160 2201/8412/2200
f 2238/8413/2237 2203/8414/2202 2161/8415/2161 2202/8416/2201
f 2203/8417/2202 2239/8418/2238 2204/8419/2203 2162/8420/2162
f 2190/8421/2189 2225/8422/2224 2240/8423/2239 2205/8424/2204
f 2233/8425/2232 2156/8426/2156 2164/8427/2164 2205/8428/2204
f 2206/8429/2205 2169/8430/2168 2168/8431/2167 2241/8432/2240
f 2206/8433/2205 2242/8434/2241 2207/8435/2206 2172/8436/2171
f 2243/8437/2242 2244/8438/2243 2171/8439/2170 2245/8440/2244
f 2178/8441/2177 2173/8442/2172 2208/8443/2207 2213/8444/2212
f 2246/8445/2245 2247/8446/2246 2208/8447/2207 2207/8448/2206
f 2175/8449/2174 2210/8450/2209 2248/8451/2247 2209/8452/2208
f 2180/8453/2179 2174/8454/2173 2209/8455/2208 2215/8456/2214
f 2176/8457/2175 2211/8458/2210 2249/8459/2248 2210/8460/2209
f 2177/8461/2176 2212/8462/2211 2250/8463/2249 2211/8464/2210
f 2212/8465/2211 2179/8466/2178 2214/8467/2213 2251/8468/2250
f 2252/8469/2251 2251/8470/2250 2214/8471/2213 2213/8472/2212
f 2181/8473/2180 2215/8474/2214 2253/8475/2252 2216/8476/2215
f 2217/8477/2216 2182/8478/2181 2216/8479/2215 2254/8480/2253
f 2217/8481/2216 2255/8482/2254 2218/8483/2217 2183/8484/2182
f 2184/8485/2183 2218/8486/2217 2256/8487/2255 2219/8488/2218
f 2257/8489/2256 2220/8490/2219 2219/8491/2218 2258/8492/2257
f 2222/8493/2221 2187/8494/2186 2220/8495/2219 2257/8496/2256
f 2186/8497/2185 2223/8498/2222 2259/8499/2258 2221/8500/2220
f 2260/8501/2259 2224/8502/2223 2188/8503/2187 2221/8504/2220
f 2261/8505/2260 2262/8506/2261 2223/8507/2222 2222/8508/2221
f 2189/8509/2188 2224/8510/2223 2263/8511/2262 2225/8512/2224
f 2226/8513/2225 2232/8514/2231 2227/8515/2226 2192/8516/2191
f 2193/8517/2192 2227/8518/2226 2264/8519/2263 2228/8520/2227
f 2228/8521/2227 2265/8522/2264 2229/8523/2228 2195/8524/2194
f 2229/8525/2228 2266/8526/2265 2235/8527/2234 2199/8528/2198
f 2267/8529/2266 2231/8530/2230 2196/8531/2195 2230/8532/2229
f 2230/8533/2229 2198/8534/2197 2234/8535/2233 2268/8536/2267
f 2197/8537/2196 2231/8538/2230 2269/8539/2268 2232/8540/2231
f 2200/8541/2199 2235/8542/2234 2270/8543/2269 2236/8544/2235
f 2236/8545/2235 2271/8546/2270 2237/8547/2236 2201/8548/2200
f 2272/8549/2271 2238/8550/2237 2202/8551/2201 2237/8552/2236
f 2238/8553/2237 2273/8554/2272 2239/8555/2238 2203/8556/2202
f 2240/8557/2239 2225/8558/2224 2263/8559/2262 2274/8560/2273
f 2233/8561/2232 2205/8562/2204 2240/8563/2239 2275/8564/2274
f 2206/8565/2205 2241/8566/2240 2276/8567/2275 2242/8568/2241
f 2246/8569/2245 2207/8570/2206 2242/8571/2241 2277/8572/2276
f 2243/8573/2242 2278/8574/2277 2276/8575/2275 2244/8576/2243
f 2252/8577/2251 2213/8578/2212 2208/8579/2207 2247/8580/2246
f 2246/8581/2245 2279/8582/2278 2280/8583/2279 2247/8584/2246
f 2209/8585/2208 2248/8586/2247 2253/8587/2252 2215/8588/2214
f 2211/8589/2210 2250/8590/2249 2281/8591/2280 2249/8592/2248
f 2212/8593/2211 2282/8594/2281 2283/8595/2282 2250/8596/2249
f 2251/8597/2250 2284/8598/2283 2282/8599/2281 2212/8600/2211
f 2253/8601/2252 2285/8602/2284 2254/8603/2253 2216/8604/2215
f 2217/8605/2216 2254/8606/2253 2286/8607/2285 2255/8608/2254
f 2218/8609/2217 2255/8610/2254 2287/8611/2286 2256/8612/2255
f 2288/8613/2287 2258/8614/2257 2219/8615/2218 2256/8616/2255
f 2261/8617/2260 2222/8618/2221 2257/8619/2256 2289/8620/2288
f 2259/8621/2258 2223/8622/2222 2262/8623/2261 2290/8624/2289
f 2291/8625/2290 2260/8626/2259 2221/8627/2220 2259/8628/2258
f 2292/8629/2291 2263/8630/2262 2224/8631/2223 2260/8632/2259
f 2227/8633/2226 2232/8634/2231 2293/8635/2292 2264/8636/2263
f 2228/8637/2227 2264/8638/2263 2294/8639/2293 2265/8640/2264
f 2265/8641/2264 2295/8642/2294 2266/8643/2265 2229/8644/2228
f 2235/8645/2234 2266/8646/2265 2296/8647/2295 2270/8648/2269
f 2267/8649/2266 2230/8650/2229 2268/8651/2267 2297/8652/2296
f 2234/8653/2233 2298/8654/2297 2299/8655/2298 2268/8656/2267
f 2300/8657/2299 2293/8658/2292 2232/8659/2231 2269/8660/2268
f 2236/8661/2235 2270/8662/2269 2301/8663/2300 2271/8664/2270
f 2272/8665/2271 2237/8666/2236 2271/8667/2270 2302/8668/2301
f 2292/8669/2291 2303/8670/2302 2274/8671/2273 2263/8672/2262
f 2275/8673/2274 2240/8674/2239 2274/8675/2273 2304/8676/2303
f 2277/8677/2276 2242/8678/2241 2276/8679/2275 2278/8680/2277
f 2246/8681/2245 2277/8682/2276 2305/8683/2304 2279/8684/2278
f 2243/8685/2242 2306/8686/2305 2307/8687/2306 2278/8688/2277
f 2252/8689/2251 2247/8690/2246 2280/8691/2279 2308/8692/2307
f 2253/8693/2252 2248/8694/2247 2249/8695/2248 2285/8696/2284
f 2309/8697/2308 2281/8698/2280 2250/8699/2249 2283/8700/2282
f 2285/8701/2284 2249/8702/2248 2281/8703/2280 2310/8704/2309
f 2284/8705/2283 2311/8706/2310 2283/8707/2282 2282/8708/2281
f 2254/8709/2253 2285/8710/2284 2310/8711/2309 2286/8712/2285
f 2255/8713/2254 2286/8714/2285 2312/8715/2311 2287/8716/2286
f 2313/8717/2312 2288/8718/2287 2256/8719/2255 2287/8720/2286
f 2291/8721/2290 2259/8722/2258 2290/8723/2289 2314/8724/2313
f 2292/8725/2291 2260/8726/2259 2291/8727/2290 2315/8728/2314
f 2293/8729/2292 2316/8730/2315 2294/8731/2293 2264/8732/2263
f 2265/8733/2264 2294/8734/2293 2317/8735/2316 2295/8736/2294
f 2266/8737/2265 2295/8738/2294 2318/8739/2317 2296/8740/2295
f 2319/8741/2318 2301/8742/2300 2270/8743/2269 2296/8744/2295
f 2320/8745/2319 2297/8746/2296 2268/8747/2267 2299/8748/2298
f 2234/8749/2233 2275/8750/2274 2304/8751/2303 2298/8752/2297
f 2300/8753/2299 2321/8754/2320 2316/8755/2315 2293/8756/2292
f 2322/8757/2321 2302/8758/2301 2271/8759/2270 2301/8760/2300
f 2292/8761/2291 2315/8762/2314 2323/8763/2322 2303/8764/2302
f 2274/8765/2273 2303/8766/2302 2324/8767/2323 2304/8768/2303
f 2305/8769/2304 2277/8770/2276 2278/8771/2277 2307/8772/2306
f 2309/8773/2308 2325/8774/2324 2310/8775/2309 2281/8776/2280
f 2309/8777/2308 2283/8778/2282 2311/8779/2310 2326/8780/2325
f 2325/8781/2324 2312/8782/2311 2286/8783/2285 2310/8784/2309
f 2313/8785/2312 2287/8786/2286 2312/8787/2311 2327/8788/2326
f 2291/8789/2290 2314/8790/2313 2328/8791/2327 2315/8792/2314
f 2294/8793/2293 2316/8794/2315 2329/8795/2328 2317/8796/2316
f 2319/8797/2318 2296/8798/2295 2318/8799/2317 2330/8800/2329
f 2319/8801/2318 2331/8802/2330 2322/8803/2321 2301/8804/2300
f 2320/8805/2319 2299/8806/2298 2332/8807/2331 2333/8808/2332
f 2298/8809/2297 2304/8810/2303 2324/8811/2323 2334/8812/2333
f 2300/8813/2299 2335/8814/2334 2336/8815/2335 2321/8816/2320
f 2321/8817/2320 2337/8818/2336 2329/8819/2328 2316/8820/2315
f 2323/8821/2322 2315/8822/2314 2328/8823/2327 2338/8824/2337
f 2339/8825/2338 2324/8826/2323 2303/8827/2302 2323/8828/2322
f 2309/8829/2308 2326/8830/2325 2340/8831/2339 2325/8832/2324
f 2325/8833/2324 2340/8834/2339 2327/8835/2326 2312/8836/2311
f 2341/8837/2340 2317/8838/2316 2329/8839/2328 2342/8840/2341
f 2330/8841/2329 2318/8842/2317 2317/8843/2316 2341/8844/2340
f 2319/8845/2318 2330/8846/2329 2343/8847/2342 2331/8848/2330
f 2299/8849/2298 2334/8850/2333 2344/8851/2343 2332/8852/2331
f 2339/8853/2338 2344/8854/2343 2334/8855/2333 2324/8856/2323
f 2336/8857/2335 2345/8858/2344 2337/8859/2336 2321/8860/2320
f 2342/8861/2341 2329/8862/2328 2337/8863/2336 2346/8864/2345
f 2339/8865/2338 2323/8866/2322 2338/8867/2337 2347/8868/2346
f 2348/8869/2347 2349/8870/2348 2332/8871/2331 2344/8872/2343
f 2339/8873/2338 2347/8874/2346 2348/8875/2347 2344/8876/2343
f 2345/8877/2344 2350/8878/2349 2346/8879/2345 2337/8880/2336
f 1/8881/1 4/8882/4 12/8883/12
f 24/8884/24 40/8885/40 59/8886/59 61/8887/61 25/8888/25
f 29/8889/29 69/8890/69 43/8891/43
f 42/8892/42 60/8893/60 63/8894/63
f 45/8895/45 63/8896/63 116/8897/116 94/8898/94 66/8899/66
f 83/8900/83 109/8901/109 111/8902/111
f 100/8903/100 128/8904/128 131/8905/131
f 137/8906/137 138/8907/138 208/8908/208 250/8909/250 172/8910/172
f 122/8911/122 190/8912/190 154/8913/154
f 177/8914/177 180/8915/180 219/8916/219 307/8917/307 218/8918/218
f 169/8919/169 209/8920/209 210/8921/210
f 224/8922/224 365/8923/365 225/8924/225
f 188/8925/188 273/8926/273 230/8927/230
f 234/8928/234 319/8929/319 235/8930/235
f 200/8931/200 280/8932/280 241/8933/241
f 264/8934/264 367/8935/367 265/8936/265
f 284/8937/284 285/8938/285 392/8939/392
f 255/8940/255 298/8941/298 349/8942/349
f 314/8943/314 428/8944/428 315/8945/315
f 289/8946/289 337/8947/337 339/8948/339
f 290/8949/290 339/8950/339 507/8951/507 397/8952/397 340/8953/340
f 295/8954/295 346/8955/346 402/8956/402 404/8957/404 345/8958/345
f 306/8959/306 357/8960/357 443/8961/443 387/8962/387 359/8963/359
f 381/8964/381 382/8965/382 439/8966/439
f 401/8967/401 457/8968/457 406/8969/406
f 421/8970/421 534/8971/534 422/8972/422
f 370/8973/370 423/8974/423 429/8975/429
f 382/8976/382 438/8977/438 554/8978/554 556/8979/556 439/8980/439
f 391/8981/391 447/8982/447 445/8983/445
f 339/8984/339 452/8985/452 507/8986/507
f 497/8987/497 616/8988/616 498/8989/498
f 450/8990/450 501/8991/501 502/8992/502
f 484/8993/484 538/8994/538 601/8995/601 606/8996/606 544/8997/544
f 519/8998/519 578/8999/578 579/9000/579
f 595/9001/595 656/9002/656 771/9003/771 775/9004/775 657/9005/657
f 609/9006/609 671/9007/671 672/9008/672
f 613/9009/613 675/9010/675 665/9011/665
f 627/9012/627 688/9013/688 628/9014/628
f 642/9015/642 706/9016/706 770/9017/770 829/9018/829 705/9019/705
f 648/9020/648 713/9021/713 834/9022/834 777/9023/777 714/9024/714
f 729/9025/729 730/9026/730 852/9027/852
f 702/9028/702 766/9029/766 767/9030/767
f 704/9031/704 769/9032/769 894/9033/894 890/9034/890 768/9035/768
f 777/9036/777 834/9037/834 897/9038/897 836/9039/836 778/9040/778
f 754/9041/754 816/9042/816 941/9043/941 942/9044/942 817/9045/817
f 880/9046/880 946/9047/946 1079/9048/1079 1081/9049/1081 947/9050/947
f 886/9051/886 949/9052/949 1084/9053/1084 1090/9054/1090 954/9055/954
f 884/9056/884 951/9057/951 952/9058/952
f 910/9059/910 978/9060/978 1042/9061/1042
f 929/9062/929 994/9063/994 997/9064/997 1123/9065/1123 995/9066/995
f 952/9067/952 1087/9068/1087 1018/9069/1018
f 1019/9070/1019 1089/9071/1089 1086/9072/1086
f 1056/9073/1056 1122/9074/1122 1184/9075/1184
f 1085/9076/1085 1151/9077/1151 1152/9078/1152
f 1113/9079/1113 1242/9080/1242 1177/9081/1177
f 1120/9082/1120 1248/9083/1248 1181/9084/1181
f 1128/9085/1128 1257/9086/1257 1191/9087/1191
f 1221/9088/1221 1286/9089/1286 1352/9090/1352 1414/9091/1414 1287/9092/1287
f 1273/9093/1273 1339/9094/1339 1340/9095/1340
f 1366/9096/1366 1426/9097/1426 1542/9098/1542 1535/9099/1535 1423/9100/1423
f 1405/9101/1405 1462/9102/1462 1463/9103/1463
f 1428/9104/1428 1494/9105/1494 1484/9106/1484
f 1483/9107/1483 1594/9108/1594 1541/9109/1541
f 1571/9110/1571 1625/9111/1625 1626/9112/1626
f 1703/9113/1703 1704/9114/1704 1757/9115/1757
f 1696/9116/1696 1746/9117/1746 1747/9118/1747
f 1912/9119/1912 1918/9120/1918 2003/9121/2003 2009/9122/2009 1961/9123/1961
f 1923/9124/1923 1970/9125/1970 1969/9126/1969
f 1972/9127/1972 2019/9128/2019 1985/9129/1985
f 1995/9130/1995 2084/9131/2084 2039/9132/2039
f 2023/9133/2023 2070/9134/2070 2154/9135/2154 2114/9136/2114 2069/9137/2069
f 2037/9138/2037 2082/9139/2082 2167/9140/2166 2085/9141/2085 2083/9142/2083
f 2082/9143/2082 2090/9144/2090 2171/9145/2170 2244/9146/2243 2167/9147/2166
f 2124/9148/2124 2164/9149/2164 2156/9150/2156
f 2167/9151/2166 2244/9152/2243 2276/9153/2275 2241/9154/2240 2168/9155/2167
f 2233/9156/2232 2275/9157/2274 2234/9158/2233
f 2210/9159/2209 2249/9160/2248 2248/9161/2247
f 2231/9162/2230 2267/9163/2266 2335/9164/2334 2300/9165/2299 2269/9166/2268
f 2298/9167/2297 2334/9168/2333 2299/9169/2298
f 2295/9170/2294 2317/9171/2316 2318/9172/2317
